,Unnamed: 0,时间,Power,OriTemp,HeatLyeIn,HeatLyeOut,I,DeltaTemp
0,33,2021年10月29日10时11分00秒,0.0,13.51450538635254,0.0,0.0,0.0,0.1468973159790039
1,34,2021年10月29日10时11分20秒,0.0,13.661402702331545,0.0,0.0,0.0,-0.1468973159790039
2,35,2021年10月29日10时11分40秒,0.7192890572853017,13.51450538635254,0.0,0.0,0.7344840168952942,0.1468973159790039
3,36,2021年10月29日10时12分00秒,0.0,13.661402702331545,0.0,0.0,0.0,-0.1468973159790039
4,37,2021年10月29日10时12分20秒,0.0,13.51450538635254,0.0,0.0,0.0,0.1468973159790039
5,38,2021年10月29日10时12分40秒,0.0,13.661402702331545,0.0,0.0,0.0,0.0
6,39,2021年10月29日10时13分00秒,0.0,13.661402702331545,0.0,0.0,0.0,0.0
7,40,2021年10月29日10时13分20秒,0.0,13.661402702331545,17.48250060993178,17.672528460954258,0.0,0.0
8,41,2021年10月29日10时13分40秒,0.773235747526364,13.661402702331545,0.0,0.0,0.7344840168952942,0.0
9,42,2021年10月29日10时14分00秒,1.8881338592830166,13.661402702331545,14.177186404119308,14.6497599319473,2.203452110290528,0.0
10,43,2021年10月29日10时14分20秒,9280.87940762745,13.661402702331545,14.209554942148543,14.683207422722946,155.7106170654297,0.0
11,44,2021年10月29日10时14分40秒,24091.68772976077,13.661402702331545,14.193370673133927,14.666483677335124,367.2420349121094,0.29379367828368963
12,45,2021年10月29日10时15分00秒,33752.73067416484,13.955196380615234,13.877963368782389,14.981892005523605,492.1043090820313,0.2937946319580078
13,46,2021年10月29日10时15分20秒,34366.55213287519,14.248991012573242,13.893787988438135,15.314744405156944,499.4491271972656,0.0
14,47,2021年10月29日10时15分40秒,44107.52228510566,14.248991012573242,13.893787988438135,15.314744405156944,622.8424682617188,0.1468963623046875
15,48,2021年10月29日10时16分00秒,50460.0762668727,14.39588737487793,14.209554942148543,15.472627882012148,699.9632568359375,0.29379367828368963
16,49,2021年10月29日10时16分20秒,51431.14382645115,14.68968105316162,14.824187329510892,15.770413337913281,713.91845703125,0.2937936782836932
17,50,2021年10月29日10时16分40秒,51924.95445048157,14.983474731445312,14.209554942148543,16.104163839441753,721.2633056640625,0.4406900405883789
18,51,2021年10月29日10时17分00秒,52489.39904508926,15.424164772033691,15.007516267600295,16.58725519993277,728.608154296875,0.2937936782836932
19,52,2021年10月29日10时17分20秒,52806.87649008306,15.717958450317385,14.533594075106523,16.90320298639927,733.0150756835938,0.14689636230468572
20,53,2021年10月29日10时17分40秒,53372.25615929486,15.86485481262207,14.998975401437747,17.051466750581767,740.3599243164062,0.2937946319580078
21,54,2021年10月29日10时18分00秒,53828.5200049798,16.158649444580078,15.323465079654852,17.37712517889304,747.7047729492188,0.293792724609375
22,55,2021年10月29日10时18分20秒,54605.909482365474,16.452442169189453,15.007516267600295,17.69307193977147,757.987548828125,0.1468963623046875
23,56,2021年10月29日10时18分40秒,54764.64600635646,16.59933853149414,15.007516267600295,17.851045320210687,760.1909790039062,0.5875873565673828
24,57,2021年10月29日10时19分00秒,55361.946226039436,17.186925888061523,15.323465079654852,18.482940893143677,769.0048217773438,0.1468963623046875
25,58,2021年10月29日10时19分20秒,55520.57485807128,17.33382225036621,15.323465079654852,18.640914273582894,771.208251953125,0.5875873565673828
26,59,2021年10月29日10时19分40秒,55784.95444678329,17.921409606933594,15.797386246560562,19.272809846515884,774.880615234375,0.1468963623046875
27,60,2021年10月29日10时20分00秒,55966.734019815456,18.06830596923828,15.797386246560562,19.4307832269551,776.3495483398438,0.2937946319580078
28,61,2021年10月29日10时20分20秒,56457.851717970334,18.36210060119629,16.131676206367047,19.769210191651155,783.6944580078125,0.2937946319580078
29,62,2021年10月29日10时20分40秒,56919.81811551796,18.655895233154297,15.81536876937423,20.085518655399483,789.5703735351562,0.4406890869140625
30,63,2021年10月29日10时21分00秒,57106.87436045939,19.09658432006836,16.11333403302706,20.536600992381864,793.2427368164062,0.29379272460937145
31,64,2021年10月29日10时21分20秒,57396.35136336833,19.39037704467773,16.606136848478513,20.876284680992736,796.1806640625,0.1468982696533203
32,65,2021年10月29日10时21分40秒,57939.40726525895,19.53727531433105,16.606136848478513,21.034439939622413,804.260009765625,0.5875873565673899
33,66,2021年10月29日10时22分00秒,58190.58224311983,20.12486267089844,16.447983643359862,21.66705481360805,807.1979370117188,0.2937927246093679
34,67,2021年10月29日10时22分20秒,58514.643359635025,20.41865539550781,16.941685584543393,22.008356929003632,813.0738525390625,0.14689826965332387
35,68,2021年10月29日10时22分40秒,58693.17825687071,20.565553665161133,17.23875069570863,22.141516482475026,815.2772827148438,0.5875873565673864
36,69,2021年10月29日10时23分00秒,59262.22628855659,21.15314102172852,17.416686729783574,22.800026189685923,822.6221313476562,0.14689636230468395
37,70,2021年10月29日10时23分20秒,59697.83651245991,21.300037384033203,17.733352789379747,22.958359219484006,829.2324829101562,0.29379272460937145
38,71,2021年10月29日10时23分40秒,60002.99966518907,21.593830108642575,17.733352789379747,23.275025279080175,832.9048461914062,0.2937927246093821
39,72,2021年10月29日10时24分00秒,60385.233109962195,21.887622833251957,18.05001884897592,23.591691338676355,838.78076171875,0.4406929016113246
40,73,2021年10月29日10时24分20秒,60955.43200017046,22.32831573486328,18.208353934619932,24.066694539762462,846.1256103515625,0.293792724609375
41,74,2021年10月29日10时24分40秒,61284.136014848016,22.622108459472656,18.525019994216105,24.383360599358635,851.2669677734375,0.1468963623046875
42,75,2021年10月29日10时25分00秒,62119.51010246528,22.769004821777344,18.84168605381228,24.541693629156722,862.2842407226562,0.58758544921875
43,76,2021年10月29日10时25分20秒,62267.62705251016,23.356590270996094,19.00002113945629,25.175025748349068,863.753173828125,0.0
44,77,2021年10月29日10时25分40秒,62500.30497184396,23.356590270996094,19.32765546898736,25.1893204602311,868.16015625,0.4406929016113317
45,78,2021年10月29日10时26分00秒,63029.068543291185,23.797283172607425,19.79168834429265,25.650028949435182,875.5049438476562,0.44068908691405895
46,79,2021年10月29日10时26分20秒,63548.15640643146,24.237972259521484,19.802926326146917,26.139862174550217,882.1153564453125,0.29379463195800426
47,80,2021年10月29日10时26分40秒,63750.19400137989,24.53176689147949,19.802926326146917,26.456710098327672,884.3187866210938,0.29379463195801137
48,81,2021年10月29日10时27分00秒,64130.18886206113,24.8255615234375,20.119774249924376,26.773558022105135,890.194580078125,0.44068908691405895
49,82,2021年10月29日10时27分20秒,64606.40722805774,25.26625061035156,20.59504305007067,27.248826822251427,896.8049926757812,0.0
50,83,2021年10月29日10时27分40秒,65020.96252898219,25.26625061035156,21.22873684061233,27.248826822251427,901.9464111328124,0.4406909942626953
51,84,2021年10月29日10时28分00秒,65400.09864203632,25.706941604614254,21.22873684061233,27.724097679410985,907.822265625,0.2937927246093821
52,85,2021年10月29日10时28分20秒,65823.40336769866,26.000734329223636,21.387159773994426,28.04094354617519,913.6981811523438,0.4406890869140554
53,86,2021年10月29日10时28分40秒,66458.3494636626,26.44142341613769,22.02085356453608,28.516212346321478,922.5119018554688,0.0
54,87,2021年10月29日10时29分00秒,66677.56662623258,26.44142341613769,22.04584926969437,28.54858088435071,926.1843872070312,0.29379463195801137
55,88,2021年10月29日10时29分20秒,67357.8637612979,26.735218048095703,22.33770148831354,28.83306027009894,934.9981079101562,0.4406909942626953
56,89,2021年10月29日10时29分40秒,67840.85351385362,27.1759090423584,22.49612442169564,29.308331127258498,942.343017578125,0.0
57,90,2021年10月29日10时30分00秒,68310.30049329111,27.1759090423584,23.129818212237296,29.308331127258498,948.2189331054688,0.5875873565673828
58,91,2021年10月29日10时30分20秒,68733.5964249298,27.76349639892578,23.156072694821432,29.976011884949003,954.0947265625,0.4406890869140625
59,92,2021年10月29日10时30分40秒,69509.26181079634,28.204185485839844,23.28824114561939,30.41729371794645,965.8464965820312,0.0
60,93,2021年10月29日10时31分00秒,69773.5514900405,28.204185485839844,23.949088544477263,30.451820159133604,969.5188598632812,0.4406909942626953
61,94,2021年10月29日10时31分20秒,70003.50620490499,28.64487648010254,23.92193493616105,30.892564575106007,971.722412109375,0.2937946319580078
62,95,2021年10月29日10时31分40秒,70643.32197323767,28.938671112060547,24.424898878010026,31.244838068137597,981.2706909179688,0.44069099426269176
63,96,2021年10月29日10时32分00秒,71167.57991018797,29.37936210632324,24.424898878010026,31.720648401670356,987.8809814453124,0.29379272460937855
64,97,2021年10月29日10时32分20秒,71542.2248781235,29.673154830932617,24.900707152194627,32.03785391779343,993.7568969726562,0.2937946319580078
65,98,2021年10月29日10时32分40秒,71965.23749289056,29.966949462890625,25.217912668317695,32.35506149326466,999.6327514648438,0.293792724609375
66,99,2021年10月29日10时33分00秒,71997.45935169047,30.2607421875,25.535120243788924,32.672267009387724,1001.1016845703124,0.4406890869140625
67,100,2021年10月29日10时33分20秒,71818.39507805975,30.701431274414062,25.693725061198624,33.148075283572325,999.6327514648438,0.44069099426269887
68,101,2021年10月29日10时33分40秒,72033.10791941872,31.14212226867676,26.01093057732169,33.623885617105095,1003.3051147460938,0.0
69,102,2021年10月29日10时34分00秒,71647.0789274238,31.14212226867676,26.516771723381222,33.66200856355545,999.6327514648438,0.5875873565673793
70,103,2021年10月29日10时34分20秒,71647.0789274238,31.72970962524414,26.328138152792917,34.258298708699385,999.6327514648438,0.0
71,104,2021年10月29日10时34分40秒,71734.91419429892,31.72970962524414,26.80394848632568,34.258298708699385,1002.5706787109376,0.1468963623046875
72,105,2021年10月29日10时35分00秒,71451.28904098272,31.876605987548828,27.279756760510278,34.41690146676092,999.6327514648438,0.58758544921875
73,106,2021年10月29日10时35分20秒,71353.39409776218,32.46419143676758,27.62825186425107,35.09105386990723,999.6327514648438,0.14690017700195312
74,107,2021年10月29日10时35分40秒,71489.46520054621,32.61109161376953,27.31068669876913,35.24984057601432,1002.5706787109376,0.58758544921875
75,108,2021年10月29日10时36分00秒,71206.54405633872,33.19867706298828,28.104601674157042,35.8849709069782,999.6327514648438,0.0
76,109,2021年10月29日10时36分20秒,71105.31233719317,33.19867706298828,28.42216890132204,35.8849709069782,998.8982543945312,0.4406929016113281
77,110,2021年10月29日10时36分40秒,71105.31233719317,33.63936996459961,28.42216890132204,36.36132277856723,998.8982543945312,0.0
78,111,2021年10月29日10时37分00秒,71139.61987642104,33.63936996459961,28.739734066803976,36.36132277856723,1001.1016845703124,0.293792724609375
79,112,2021年10月29日10时37分20秒,71108.64911311818,33.933162689208984,29.216081815026886,36.678887944049166,999.6327514648438,0.4406890869140625
80,113,2021年10月29日10时37分40秒,70811.85091841593,34.37385177612305,29.533649042191886,37.15523569227207,998.8982543945312,0.293792724609375
81,114,2021年10月29日10时38分00秒,70998.54426601903,34.66764450073242,29.868116131663555,37.494018166617025,1002.5706787109376,0.14690017700195312
82,115,2021年10月29日10时38分20秒,70561.19957975483,34.814544677734375,30.026990680838935,37.6528947786428,997.4293212890624,0.293792724609375
83,116,2021年10月29日10时38分40秒,70616.20489190519,35.10833740234375,30.662482688989257,37.970639751292765,998.8982543945312,0.0
84,117,2021年10月29日10时39分00秒,70698.4376513399,35.10833740234375,30.821357238164637,37.970639751292765,1001.1016845703124,0.4406890869140625
85,118,2021年10月29日10时39分20秒,70496.8057179898,35.54902648925781,31.1391022108146,38.44725721026771,999.6327514648438,0.293792724609375
86,119,2021年10月29日10时39分40秒,72329.68659746647,35.84281921386719,31.615719669789538,38.76500218291767,1023.13623046875,0.293792724609375
87,120,2021年10月29日10时40分00秒,82385.078192533,36.13661193847656,31.615719669789538,39.08274715556763,1143.5916748046875,0.14690017700196023
88,121,2021年10月29日10时40分20秒,82776.80312966555,36.28351211547852,32.287716197605505,39.286040598838106,1150.201904296875,0.58758544921875
89,122,2021年10月29日10时40分40秒,83707.8928188188,36.87109756469727,32.251211677939864,39.87711371289334,1161.9537353515625,0.14690017700194602
90,123,2021年10月29日10时41分00秒,84237.02042813785,37.01799774169922,32.727831199765205,40.03599032491911,1169.298583984375,0.5875816345214844
91,124,2021年10月29日10时41分20秒,84549.90013140813,37.6055793762207,33.08298188299818,40.71751139787784,1174.43994140625,0.14690017700195312
92,125,2021年10月29日10时41分40秒,85401.1029274445,37.752479553222656,33.56013881601143,40.87656783925286,1185.457275390625,0.5875892639160156
93,126,2021年10月29日10时42分00秒,85684.0423116982,38.34006881713867,33.56013881601143,41.51278121364112,1190.5986328125,0.0
94,127,2021年10月29日10时42分20秒,86565.1766327275,38.34006881713867,34.037297814209985,41.51278121364112,1201.6158447265625,0.4406852722167969
95,128,2021年10月29日10时42分40秒,86946.31096869335,38.78075408935547,34.037297814209985,41.98993401628377,1208.960693359375,0.4406929016113281
96,129,2021年10月29日10时43分00秒,87841.82882050518,39.2214469909668,34.71270895508952,42.51510841384061,1218.5089111328125,0.2937965393066406
97,130,2021年10月29日10时43分20秒,88311.30038168747,39.51524353027344,34.71270895508952,42.83357682024871,1225.8538818359375,0.440685272216804
98,131,2021年10月29日10时43分40秒,88840.42799100652,39.95592880249024,35.190405362141064,43.31126909225987,1233.19873046875,0.5875854492187358
99,132,2021年10月29日10时44分00秒,89581.201367639,40.54351425170898,35.668105904233016,43.94819763499526,1243.4814453125,0.29379653930664773
100,133,2021年10月29日10时44分20秒,90224.52585976012,40.837310791015625,35.98657017560072,44.26666604140337,1251.560791015625,0.1468963623046875
101,134,2021年10月29日10时44分40秒,90965.80273419432,40.98420715332031,36.30503444696842,44.42589817708722,1261.843505859375,0.58758544921875
102,135,2021年10月29日10时45分00秒,91591.88452424668,41.57179260253906,36.62350285337652,45.062826719822624,1271.391845703125,0.4406929016113281
103,136,2021年10月29日10时45分20秒,92289.52526711393,42.01248550415039,37.101199260428075,45.540527261914576,1280.2056884765625,0.4406929016113281
104,137,2021年10月29日10时45分40秒,93020.52643120103,42.45317840576172,36.78273498906037,46.01822780400653,1291.222900390625,0.2937889099121094
105,138,2021年10月29日10时46分00秒,93084.26753628626,42.74696731567383,37.60011297634264,46.36284996032555,1293.4263916015625,0.44069290161133523
106,139,2021年10月29日10时46分20秒,93982.86474479735,43.18766021728516,37.91875705487837,46.840820215504216,1305.91259765625,0.2937965393066335
107,140,2021年10月29日10时46分40秒,94713.73653982673,43.4814567565918,38.23740527078917,47.15946843141501,1314.7264404296875,0.4406852722167969
108,141,2021年10月29日10时47分00秒,95242.86414914578,43.922142028808594,38.71537138859276,47.637430411843525,1322.0712890625,0.2937965393066406
109,142,2021年10月29日10时47分20秒,95824.89660477545,44.215938568115234,39.034015467128484,47.95607862775432,1330.1505126953125,0.4406929016113281
110,143,2021年10月29日10时47分40秒,96658.66808578372,44.65663146972656,39.19333750639635,48.434048882932984,1342.63671875,0.2937889099121094
111,144,2021年10月29日10时48分00秒,97451.8244280126,44.95042037963867,39.23757450829179,48.807715339443796,1353.654052734375,0.2937965393066406
112,145,2021年10月29日10时48分20秒,97888.4934017174,45.24421691894531,40.035087970073164,49.126723209383265,1358.79541015625,0.4406929016113281
113,146,2021年10月29日10时48分40秒,98484.51468917448,45.68490982055664,40.35409169796775,49.60523294327003,1366.1402587890625,0.2937889099121094
114,147,2021年10月29日10时49分00秒,99408.2632638393,45.97869873046875,40.67309956790722,49.924232529119756,1380.8299560546875,0.4406929016113281
115,148,2021年10月29日10时49分20秒,100178.87565931119,46.41939163208008,40.83259728980965,50.40274226300652,1389.643798828125,0.4406890869140625
116,149,2021年10月29日10时49分40秒,100639.9587289812,46.86008071899414,40.87863254316926,50.93861210037085,1396.9886474609375,0.5875892639160227
117,150,2021年10月29日10时50分00秒,101274.90482494514,47.44766998291016,41.67704927973227,51.57734300159246,1405.8023681640625,0.1468963623046875
118,151,2021年10月29日10时50分20秒,101893.47006513644,47.59456634521485,41.94911447948561,51.67876131662979,1415.3507080078125,0.29378890991210227
119,152,2021年10月29日10时50分40秒,102915.20129323658,47.88835525512695,42.26812234942508,51.997760902479506,1428.5714111328125,0.4406929016113281
120,153,2021年10月29日10时51分00秒,103655.98346389271,48.32904815673828,42.47545772286594,52.53543313335285,1438.854248046875,0.58758544921875
121,154,2021年10月29日10时51分20秒,103708.89710422698,48.91663360595703,43.16273728558417,53.2340416835641,1439.5887451171875,0.4406929016113281
122,155,2021年10月29日10时51分40秒,104608.41140186228,49.35732650756836,43.16273728558417,53.71363037486708,1452.074951171875,0.4406929016113281
123,156,2021年10月29日10时52分00秒,105137.53901118133,49.79801940917969,43.96204900349949,54.19321906617006,1459.4197998046875,0.58758544921875
124,157,2021年10月29日10时52分20秒,106123.61378889997,50.38560485839844,43.96204900349949,54.83266511939473,1474.1094970703125,0.0
125,158,2021年10月29日10时52分40秒,107286.8962824978,50.38560485839844,44.44163354341799,54.83266511939473,1490.26806640625,0.293792724609375
126,159,2021年10月29日10时53分00秒,107595.67035860848,50.67939758300781,44.78653380198239,55.18340497587815,1497.6129150390625,0.4406890869140696
127,160,2021年10月29日10时53分20秒,107760.16204474121,51.12008666992188,45.240941109948835,55.63197268592558,1503.4888916015625,0.440692901611321
128,161,2021年10月29日10时53分40秒,107386.77230012417,51.5607795715332,45.90619372021365,56.14311763093838,1499.81640625,0.58758544921875
129,162,2021年10月29日10时54分00秒,107308.17712509632,52.14836502075195,46.06614929082298,56.7829232984991,1501.2852783203125,0.1468963623046875
130,163,2021年10月29日10时54分20秒,107234.66600970738,52.29526138305664,46.35998000586096,56.9108689437594,1501.2852783203125,0.7344856262207031
131,164,2021年10月29日10时54分40秒,106946.14859440923,53.029747009277344,46.86590637527388,57.74263595355933,1499.81640625,0.5875892639160156
132,165,2021年10月29日10时55分00秒,106783.65815209877,53.61733627319336,47.50571619655374,58.3824457748392,1499.0819091796875,0.0
133,166,2021年10月29日10时55分20秒,106756.84375967924,53.61733627319336,47.66566345972479,58.3824457748392,1501.2852783203125,0.440685272216804
134,167,2021年10月29日10时55分40秒,106578.9526374042,54.05802154541016,47.71925137296967,58.928471549954345,1499.81640625,0.2937965393066335
135,168,2021年10月29日10时56分00秒,106468.78240761161,54.3518180847168,48.51991173920669,59.248738191482516,1499.81640625,0.4406929016113281
136,169,2021年10月29日10时56分20秒,106309.43153085373,54.792510986328125,48.51991173920669,59.72913607458031,1502.7542724609375,0.4406852722167969
137,170,2021年10月29日10时56分40秒,106211.74523770809,55.23319625854492,49.320572105443716,60.20952564090021,1499.81640625,0.5875892639160156
138,171,2021年10月29日10时57分00秒,106346.21158842556,55.82078552246094,49.58508876984524,60.78172118191105,1502.7542724609375,0.4406890869140625
139,172,2021年10月29日10时57分20秒,106101.59789329767,56.261474609375,49.96109707172218,61.33044849027647,1499.81640625,0.4406929016113281
140,173,2021年10月29日10时57分40秒,106125.46245236322,56.70216751098633,50.44149495481997,61.81084637337426,1502.7542724609375,0.2937965393066406
141,174,2021年10月29日10时58分00秒,106051.87940700911,56.99596405029297,51.082019921098436,62.13111301490244,1502.7542724609375,0.4406852722167969
142,175,2021年10月29日10时58分20秒,105956.48467434011,57.436649322509766,51.56241364580728,62.61150258122234,1503.4888916015625,0.0
143,176,2021年10月29日10时58分40秒,105690.92113264184,57.436649322509766,52.04281152890508,62.61150258122234,1501.2852783203125,0.7344856262207031
144,177,2021年10月29日10时59分00秒,105477.35332369804,58.17113494873047,52.42187113342334,63.483366800786825,1499.81640625,0.2937927246093679
145,178,2021年10月29日10时59分20秒,105433.64368267823,58.46492767333984,52.90280427963626,63.8039888982621,1501.2852783203125,0.2937965393066406
146,179,2021年10月29日10时59分40秒,105396.87667108607,58.75872421264648,53.48399686142056,64.05269207212676,1501.2852783203125,0.1468963623046946
147,180,2021年10月29日11时00分00秒,105249.85444030818,58.90562057495117,53.70436368638275,64.28492620753332,1501.2852783203125,0.2937889099121094
148,181,2021年10月29日11时00分20秒,105146.87696239352,59.19940948486328,54.02498578385803,64.6055441419503,1499.81640625,0.2937965393066406
149,182,2021年10月29日11时00分40秒,105242.46590811387,59.49320602416992,54.50591893007095,64.92617040248388,1502.7542724609375,0.4406929016113281
150,183,2021年10月29日11时01分00秒,104875.17426521983,59.93389892578125,54.85730428756506,65.44380277545133,1499.0819091796875,0.0
151,184,2021年10月29日11时01分20秒,104845.54330566898,59.93389892578125,55.33850724959848,65.44380277545133,1501.2852783203125,0.58758544921875
152,185,2021年10月29日11时01分40秒,104669.52221828699,60.521484375,55.33850724959848,66.08540672482923,1499.81640625,0.4406890869140625
153,186,2021年10月29日11时02分00秒,104698.52107489109,60.96217346191406,56.46131832640367,66.56660968686265,1501.2852783203125,0.293792724609375
154,187,2021年10月29日11时02分20秒,104485.92423978448,61.25596618652344,56.46131832640367,66.8874116615516,1499.81640625,0.1468963623046875
155,188,2021年10月29日11时02分40秒,104580.21849992685,61.402862548828125,57.32751461355383,67.12297226925875,1502.7542724609375,0.5875892639160156
156,189,2021年10月29日11时03分00秒,104330.96549794637,61.99045181274414,57.64868037264205,67.76529961737197,1501.2852783203125,0.14690017700195312
157,190,2021年10月29日11时03分20秒,104067.7387746172,62.137351989746094,58.13042275617954,67.92588458194768,1499.0819091796875,0.2937889099121094
158,191,2021年10月29日11时03分40秒,104189.6282828059,62.4311408996582,58.45158434520454,68.24704200090946,1503.4888916015625,0.29379653930664773
159,192,2021年10月29日11时04分00秒,103963.40992100164,62.72493743896485,58.772750104292754,68.56820775999769,1501.2852783203125,0.44068527221678977
160,193,2021年10月29日11时04分20秒,103884.23070857115,63.16562271118164,59.25449248783025,69.04994597347195,1499.0819091796875,0.2937965393066406
161,194,2021年10月29日11时04分40秒,103751.53232577443,63.45941925048828,59.73623487136774,69.37111173256017,1499.81640625,0.1468963623046875
162,195,2021年10月29日11时05分00秒,103779.63213252928,63.60631561279297,60.378558049417734,69.53169252707266,1501.2852783203125,0.2937965393066406
163,196,2021年10月29日11时05分20秒,103697.2219556775,63.90011215209961,60.05740063045596,69.85285828616088,1502.7542724609375,0.4406852722167969
164,197,2021年10月29日11时05分40秒,103342.44373844005,64.3407974243164,61.181470362106666,70.33459649963515,1497.6129150390625,0.29380035400390625
165,198,2021年10月29日11时06分00秒,103421.05596446991,64.63459777832031,61.34204698655594,70.65576642878659,1499.81640625,0.29378509521484375
166,199,2021年10月29日11时06分20秒,103402.88977426104,64.92838287353516,62.053786871072134,71.0564024194855,1502.7542724609375,0.14690399169921875
167,200,2021年10月29日11时06分40秒,103200.7383902669,65.07528686523438,62.053786871072134,71.21717138814347,1499.81640625,0.293792724609375
168,201,2021年10月29日11时07分00秒,103228.2987671122,65.36907958984375,62.21454749026407,71.53869262652734,1501.2852783203125,0.293792724609375
169,202,2021年10月29日11时07分20秒,103017.14041176438,65.66287231445312,63.053597073284436,71.90040088836759,1499.81640625,0.4406890869140625
170,203,2021年10月29日11时07分40秒,102943.70122036338,66.10356140136719,63.053597073284436,72.38295245669542,1499.81640625,0.293792724609375
171,204,2021年10月29日11时08分00秒,102934.24285165872,66.39735412597656,63.69699916438822,72.70465350224731,1501.2852783203125,0.1468963623046875
172,205,2021年10月29日11时08分20秒,102686.65260776877,66.54425048828125,64.17955073271605,72.86550402502326,1499.81640625,0.58758544921875
173,206,2021年10月29日11时08分40秒,102526.27101983037,67.1318359375,63.929240299710735,73.59108623745851,1499.0819091796875,0.14690399169921875
174,207,2021年10月29日11时09分00秒,102603.45428630617,67.27873992919922,64.57336587126974,73.75212494838888,1501.2852783203125,0.293792724609375
175,208,2021年10月29日11时09分20秒,102603.45428630617,67.5725326538086,65.05645691363588,74.07418564329964,1501.2852783203125,0.4406890869140625
176,209,2021年10月29日11时09分40秒,102643.61746950354,68.01322174072266,65.37851760854664,74.55727668566578,1503.4888916015625,0.293792724609375
177,210,2021年10月29日11时10分00秒,102382.90948624164,68.30701446533203,65.53954795600202,74.87933738057654,1501.2852783203125,0.293792724609375
178,211,2021年10月29日11时10分20秒,102309.3983708527,68.6008071899414,65.93516135068967,75.28537645295273,1501.2852783203125,0.1468963623046875
179,212,2021年10月29日11时10分40秒,102299.14409394935,68.7477035522461,66.66676456992718,75.36242842294268,1502.7542724609375,0.293792724609375
180,213,2021年10月29日11时11分00秒,102275.53385864384,69.04149627685547,66.74121221136375,75.76900696935718,1503.4888916015625,0.293792724609375
181,214,2021年10月29日11时11分20秒,102201.91484232992,69.33528900146484,67.10103674738866,76.13386193135284,1503.4888916015625,0.14690399169921875
182,215,2021年10月29日11时11分40秒,102125.63203627802,69.48219299316406,66.69140014824733,76.38022771943723,1501.2852783203125,0.58758544921875
183,216,2021年10月29日11时12分00秒,102052.12092088908,70.06977844238281,65.79570541645671,77.11192395462967,1501.2852783203125,0.1468963623046875
184,217,2021年10月29日11时12分20秒,102115.17501545884,70.2166748046875,64.9151128570429,77.18762722142854,1502.7542724609375,0.293792724609375
185,218,2021年10月29日11时12分40秒,101865.63054497726,70.51046752929688,64.1077133550516,77.51058702222507,1499.0819091796875,0.293792724609375
186,219,2021年10月29日11时13分00秒,101842.10190665722,70.80426025390625,63.20914141905041,77.92022258001816,1499.81640625,0.293792724609375
187,220,2021年10月29日11时13分20秒,102115.17501545884,71.09805297851562,62.56250251873962,78.24354203017356,1502.7542724609375,0.1468963623046875
188,221,2021年10月29日11时13分40秒,101875.817809375,71.24494934082031,62.07751914542496,78.40520175525126,1497.6129150390625,0.5875930786132812
189,222,2021年10月29日11时14分00秒,101952.27213644981,71.8325424194336,61.592544168273434,79.05184905172518,1499.81640625,0.44068145751953125
190,223,2021年10月29日11时14分20秒,102052.12092088908,72.27322387695312,61.30329408110265,79.58105252487076,1501.2852783203125,0.0
191,224,2021年10月29日11时14分40秒,102015.35390929691,72.27322387695312,60.94590106988108,79.53681983079514,1501.2852783203125,0.29380035400390625
192,225,2021年10月29日11时15分00秒,102091.4748471491,72.56702423095703,61.75419969526956,79.86014767711367,1503.4888916015625,0.0
193,226,2021年10月29日11时15分20秒,101941.84279390797,72.56702423095703,62.49291015765719,79.77131401462428,1501.2852783203125,0.1468963623046875
194,227,2021年10月29日11时15分40秒,101792.22731855884,72.71392059326172,63.946233454653324,79.93279391502254,1499.0819091796875,0.293792724609375
195,228,2021年10月29日11时16分00秒,101968.00892475061,73.0077133178711,64.9151128570429,80.25575371581907,1502.7542724609375,0.293792724609375
196,229,2021年10月29日11时16分20秒,101658.5039281547,73.30150604248047,65.79570541645671,80.66844630250216,1499.81640625,0.0
197,230,2021年10月29日11时16分40秒,101585.0647367537,73.30150604248047,67.49879965023864,80.5787135166156,1499.81640625,0.0
198,231,2021年10月29日11时17分00秒,101647.79833235219,73.30150604248047,68.05894996370762,80.66844630250216,1501.2852783203125,0.1468963623046875
199,232,2021年10月29日11时17分20秒,101673.67674333416,73.44840240478516,68.42030294471533,80.87505795499692,1502.7542724609375,0.0
200,233,2021年10月29日11时17分40秒,101500.7761015743,73.44840240478516,68.90554763028422,80.87505795499692,1501.2852783203125,0.293792724609375
201,234,2021年10月29日11时18分00秒,101401.46675825119,73.74219512939453,68.49636901760641,81.2888294722452,1499.81640625,0.29380035400390625
202,235,2021年10月29日11时18分20秒,101315.10634683911,74.03599548339844,67.6867133407286,81.61269678909957,1499.0819091796875,0.14688873291015625
203,236,2021年10月29日11时18分40秒,101390.50942849088,74.1828842163086,66.95133389078,81.8654295662318,1501.2852783203125,0.0
204,237,2021年10月29日11时19分00秒,101600.09369798005,74.1828842163086,65.49234617883894,81.8654295662318,1502.7542724609375,0.0
205,238,2021年10月29日11时19分20秒,101563.30217530299,74.1828842163086,65.20427180081788,81.91083985485784,1502.7542724609375,0.293792724609375
206,239,2021年10月29日11时19分40秒,101364.74716255069,74.47667694091797,64.35757702293905,82.18964812227296,1499.81640625,0.29380035400390625
207,240,2021年10月29日11时20分00秒,101401.46675825119,74.77047729492188,63.58227980965785,82.5596450755038,1499.81640625,0.0
208,241,2021年10月29日11时20分20秒,101291.30797114968,74.77047729492188,63.58227980965785,82.5596450755038,1499.81640625,0.1468963623046875
209,242,2021年10月29日11时20分40秒,101773.90361823142,74.91737365722656,63.06069858901856,82.67598437584638,1505.3250732421875,0.0
210,243,2021年10月29日11时21分00秒,101649.76074926555,74.91737365722656,63.06069858901856,82.67598437584638,1503.4888916015625,0.29378509521484375
211,244,2021年10月29日11时21分20秒,101563.30217530299,75.2111587524414,62.60908040287086,83.04623424866986,1502.7542724609375,0.0
212,245,2021年10月29日11时21分40秒,101425.21118646674,75.2111587524414,62.77127960198686,83.04623424866986,1499.0819091796875,0.29380035400390625
213,246,2021年10月29日11时22分00秒,101600.09369798005,75.50495910644531,62.60908040287086,83.37064107108381,1502.7542724609375,0.0
214,247,2021年10月29日11时22分20秒,101747.25978868827,75.50495910644531,63.06069858901856,83.3244214879287,1502.7542724609375,0.1468963623046875
215,248,2021年10月29日11时22分40秒,101673.67674333416,75.65185546875,63.38491714505972,83.48653076594928,1502.7542724609375,0.0
216,249,2021年10月29日11时23分00秒,101500.7761015743,75.65185546875,63.47653914368675,83.39392077585217,1501.2852783203125,0.0
217,250,2021年10月29日11时23分20秒,101747.25978868827,75.65185546875,64.28618641039249,83.39392077585217,1502.7542724609375,0.0
218,251,2021年10月29日11时23分40秒,101464.02054387983,75.65185546875,64.35757702293905,83.48653076594928,1501.2852783203125,0.293792724609375
219,252,2021年10月29日11时24分00秒,101315.10634683911,75.94564819335938,64.9339084288431,83.71777968253446,1499.0819091796875,0.0
220,253,2021年10月29日11时24分20秒,101464.02054387983,75.94564819335938,65.8165647348801,83.81074932199044,1501.2852783203125,0.0
221,254,2021年10月29日11时24分40秒,101464.02054387983,75.94564819335938,65.90548514888997,83.71777968253446,1501.2852783203125,0.0
222,255,2021年10月29日11时25分00秒,101291.30797114968,75.94564819335938,66.2293482606583,83.71777968253446,1499.81640625,0.0
223,256,2021年10月29日11时25分20秒,101241.70312042069,75.94564819335938,66.55320296225455,83.71777968253446,1499.0819091796875,0.0
224,257,2021年10月29日11时25分40秒,101342.55303924065,75.94564819335938,67.03899552736402,83.71777968253446,1502.7542724609375,0.0
225,258,2021年10月29日11时26分00秒,101217.86877974868,75.94564819335938,67.03899552736402,83.71777968253446,1499.81640625,0.293792724609375
226,259,2021年10月29日11时26分20秒,101305.7615165636,76.23944091796875,67.11344316880059,84.1349678780316,1502.7542724609375,0.0
227,260,2021年10月29日11时26分40秒,101305.7615165636,76.23944091796875,67.43766593459759,84.1349678780316,1502.7542724609375,0.0
228,261,2021年10月29日11时27分00秒,100896.76498452853,76.23944091796875,67.43766593459759,84.1349678780316,1496.1439208984375,0.1468963623046875
229,262,2021年10月29日11时27分20秒,101232.17847120948,76.38633728027344,67.7618802808829,84.29707715605218,1502.7542724609375,0.0
230,263,2021年10月29日11时27分40秒,100812.50258492306,76.38633728027344,67.43766593459759,84.29707715605218,1497.6129150390625,0.0
231,264,2021年10月29日11时28分00秒,100911.3886015378,76.38633728027344,67.43766593459759,84.29707715605218,1499.0819091796875,0.0
232,265,2021年10月29日11时28分20秒,101133.22052462958,76.38633728027344,67.47507322471483,84.34383626577983,1501.2852783203125,0.29380035400390625
233,266,2021年10月29日11时28分40秒,101059.70940924063,76.68013763427734,67.54987323541081,84.76210271940181,1501.2852783203125,0.0
234,267,2021年10月29日11时29分00秒,100960.83160984516,76.68013763427734,67.06273199979842,84.76210271940181,1499.81640625,0.293792724609375
235,268,2021年10月29日11时29分20秒,100924.11201414466,76.97393035888672,66.98847141527585,84.99264148642578,1499.81640625,0.0
236,269,2021年10月29日11时29分40秒,100812.50258492306,76.97393035888672,66.33967461881184,84.99264148642578,1497.6129150390625,0.14688873291015625
237,270,2021年10月29日11时30分00秒,100911.3886015378,77.12081909179688,66.01527200848886,85.15483226135984,1499.0819091796875,0.0
238,271,2021年10月29日11时30分20秒,101232.17847120948,77.12081909179688,65.85307280937286,85.15483226135984,1502.7542724609375,0.293792724609375
239,272,2021年10月29日11时30分40秒,101158.59542585537,77.41461181640625,65.92607473904991,85.57398931730131,1502.7542724609375,0.29380035400390625
240,273,2021年10月29日11时31分00秒,101059.70940924063,77.70841217041016,65.60131672648185,85.89875576339,1501.2852783203125,0.0
241,274,2021年10月29日11时31分20秒,101059.70940924063,77.70841217041016,65.27655449715348,85.89875576339,1501.2852783203125,0.1468963623046875
242,275,2021年10月29日11时31分40秒,100984.79182795621,77.85530853271484,65.11417970762977,86.06113476967403,1499.0819091796875,0.293792724609375
243,276,2021年10月29日11时32分00秒,100911.3886015378,78.14910125732422,65.20427180081788,86.2902350793538,1499.0819091796875,0.0
244,277,2021年10月29日11时32分20秒,101034.27080124617,78.14910125732422,65.20427180081788,86.2902350793538,1499.81640625,0.0
245,278,2021年10月29日11时32分40秒,100960.83160984516,78.14910125732422,65.11417970762977,86.38589278224208,1499.81640625,0.0
246,279,2021年10月29日11时33分00秒,101059.70940924063,78.14910125732422,65.11417970762977,86.38589278224208,1501.2852783203125,0.0
247,280,2021年10月29日11时33分20秒,101058.19505437464,78.14910125732422,64.7894174783014,86.38589278224208,1499.0819091796875,0.293792724609375
248,281,2021年10月29日11时33分40秒,100885.83388137631,78.4428939819336,65.27655449715348,86.71065079481014,1497.6129150390625,0.0
249,282,2021年10月29日11时34分00秒,101059.70940924063,78.4428939819336,65.27655449715348,86.71065079481014,1501.2852783203125,0.0
250,283,2021年10月29日11时34分20秒,101158.59542585537,78.4428939819336,65.52867441114086,86.61463347758581,1502.7542724609375,0.0
251,284,2021年10月29日11时34分40秒,101208.046651382,78.4428939819336,65.60131672648185,86.71065079481014,1503.4888916015625,0.1468963623046875
252,285,2021年10月29日11时35分00秒,101133.22052462958,78.58979034423828,65.27655449715348,86.87302980109416,1501.2852783203125,0.0
253,286,2021年10月29日11时35分20秒,101281.66566769592,78.58979034423828,65.60131672648185,86.87302980109416,1503.4888916015625,0.0
254,287,2021年10月29日11时35分40秒,101133.22052462958,78.58979034423828,65.52867441114086,86.77683267670182,1501.2852783203125,0.0
255,288,2021年10月29日11时36分00秒,101034.27080124617,78.58979034423828,65.92607473904991,86.87302980109416,1499.81640625,0.29380035400390625
256,289,2021年10月29日11时36分20秒,101034.27080124617,78.88359069824219,65.60131672648185,87.19779624718285,1499.81640625,0.0
257,290,2021年10月29日11时36分40秒,100984.79182795621,78.88359069824219,65.92607473904991,87.19779624718285,1499.0819091796875,0.0
258,291,2021年10月29日11时37分00秒,100860.13530128449,78.88359069824219,65.60131672648185,87.19779624718285,1496.1439208984375,0.0
259,292,2021年10月29日11时37分20秒,100984.79182795621,78.88359069824219,66.41321597466231,87.19779624718285,1499.0819091796875,0.0
260,293,2021年10月29日11时37分40秒,101133.22052462958,78.88359069824219,66.08845374533394,87.19779624718285,1501.2852783203125,0.0
261,294,2021年10月29日11时38分00秒,101034.27080124617,78.88359069824219,66.08845374533394,87.19779624718285,1499.81640625,0.0
262,295,2021年10月29日11时38分20秒,100911.3886015378,78.88359069824219,66.4867644927017,87.29436239890674,1499.0819091796875,0.293792724609375
263,296,2021年10月29日11时38分40秒,100960.83160984516,79.17738342285156,66.41321597466231,87.5225542597509,1499.81640625,0.0
264,297,2021年10月29日11时39分00秒,101171.23714322504,79.17738342285156,66.41321597466231,87.5225542597509,1503.4888916015625,0.0
265,298,2021年10月29日11时39分20秒,101022.95385154616,79.17738342285156,66.41321597466231,87.5225542597509,1501.2852783203125,0.0
266,299,2021年10月29日11时39分40秒,100924.11201414466,79.17738342285156,66.41321597466231,87.5225542597509,1499.81640625,0.0
267,300,2021年10月29日11时40分00秒,101022.95385154616,79.17738342285156,66.73796977047004,87.5225542597509,1501.2852783203125,0.14688873291015625
268,301,2021年10月29日11时40分20秒,101208.046651382,79.32427215576172,66.8118779331985,87.7820304489369,1503.4888916015625,0.0
269,302,2021年10月29日11时40分40秒,100801.28376191016,79.32427215576172,66.41321597466231,87.6849248325143,1499.0819091796875,0.0
270,303,2021年10月29日11时41分00秒,100850.67282274365,79.32427215576172,67.13699981655554,87.7820304489369,1499.81640625,0.0
271,304,2021年10月29日11时41分20秒,101022.95385154616,79.32427215576172,67.13699981655554,87.7820304489369,1501.2852783203125,0.0
272,305,2021年10月29日11时41分40秒,101048.2208578242,79.32427215576172,67.13699981655554,87.7820304489369,1502.7542724609375,0.0
273,306,2021年10月29日11时42分00秒,100629.17434378993,79.32427215576172,67.299558647519,87.7820304489369,1497.6129150390625,0.0
274,307,2021年10月29日11时42分20秒,100875.93162076827,79.32427215576172,67.22511100608244,87.6849248325143,1501.2852783203125,0.0
275,308,2021年10月29日11时42分40秒,101048.2208578242,79.32427215576172,67.06273199979842,87.6849248325143,1502.7542724609375,0.0
276,309,2021年10月29日11时43分00秒,100777.23363134265,79.32427215576172,66.8118779331985,87.7820304489369,1499.81640625,0.0
277,310,2021年10月29日11时43分20秒,100727.88053549174,79.32427215576172,67.299558647519,87.7820304489369,1499.0819091796875,0.0
278,311,2021年10月29日11时43分40秒,100974.63781247009,79.32427215576172,67.13699981655554,87.7820304489369,1502.7542724609375,0.0
279,312,2021年10月29日11时44分00秒,100727.88053549174,79.32427215576172,67.33678609311028,87.83058798524326,1499.0819091796875,0.293792724609375
280,313,2021年10月29日11时44分20秒,100875.93162076827,79.6180648803711,67.299558647519,88.10714811086382,1501.2852783203125,0.0
281,314,2021年10月29日11时44分40秒,100937.84628979303,79.6180648803711,67.62468053087605,88.10714811086382,1502.7542724609375,0.0
282,315,2021年10月29日11时45分00秒,100839.1760630738,79.6180648803711,67.62468053087605,88.10714811086382,1501.2852783203125,0.0
283,316,2021年10月29日11时45分20秒,100592.5086955633,79.6180648803711,67.299558647519,88.10714811086382,1497.6129150390625,0.0
284,317,2021年10月29日11时45分40秒,100740.51403564215,79.6180648803711,67.62468053087605,88.10714811086382,1499.81640625,0.293792724609375
285,318,2021年10月29日11时46分00秒,100765.66494768485,79.91185760498047,67.66208782099329,88.4811829934788,1501.2852783203125,0.0
286,319,2021年10月29日11时46分20秒,100937.84628979303,79.91185760498047,67.98738110134582,88.4811829934788,1502.7542724609375,0.0
287,320,2021年10月29日11时46分40秒,100691.17892228253,79.91185760498047,67.98738110134582,88.4811829934788,1499.0819091796875,0.0
288,321,2021年10月29日11时47分00秒,100765.66494768485,79.91185760498047,67.41122648480086,88.57899838238336,1501.2852783203125,0.0
289,322,2021年10月29日11时47分20秒,100740.51403564215,79.91185760498047,67.66208782099329,88.4811829934788,1499.81640625,0.14690399169921875
290,323,2021年10月29日11时47分40秒,100839.95156981237,80.05876159667969,68.22537350937,88.74183539847945,1503.4888916015625,0.0
291,324,2021年10月29日11时48分00秒,100593.63565284014,80.05876159667969,67.98738110134582,88.64384019306817,1499.81640625,0.0
292,325,2021年10月29日11时48分20秒,100530.46815208811,80.05876159667969,68.15003407716995,88.64384019306817,1496.1439208984375,0.0
293,326,2021年10月29日11时48分40秒,100692.15383229591,80.05876159667969,68.0625407217085,88.74183539847945,1501.2852783203125,0.0
294,327,2021年10月29日11时49分00秒,100519.17739911005,80.05876159667969,67.66208782099329,88.64384019306817,1497.6129150390625,0.0
295,328,2021年10月29日11时49分20秒,100667.07484424114,80.05876159667969,67.98738110134582,88.64384019306817,1499.81640625,0.293792724609375
296,329,2021年10月29日11时49分40秒,100692.15383229591,80.35255432128906,68.15003407716995,88.96913769718594,1501.2852783203125,0.0
297,330,2021年10月29日11时50分00秒,100507.67085623648,80.35255432128906,68.47533158128772,88.96913769718594,1499.0819091796875,0.0
298,331,2021年10月29日11时50分20秒,101887.65778229758,80.35255432128906,68.15003407716995,88.96913769718594,1516.34228515625,0.0
299,332,2021年10月29日11时50分40秒,100655.39827460144,80.35255432128906,68.15003407716995,88.96913769718594,1501.2852783203125,0.0
300,333,2021年10月29日11时51分00秒,100409.18045443017,80.35255432128906,68.15003407716995,88.96913769718594,1497.6129150390625,0.0
301,334,2021年10月29日11时51分20秒,100617.77569586411,80.35255432128906,68.80063330917073,88.96913769718594,1499.0819091796875,0.293792724609375
302,335,2021年10月29日11时51分40秒,100655.39827460144,80.64634704589844,68.47533158128772,89.29443520130371,1501.2852783203125,0.0
303,336,2021年10月29日11时52分00秒,100606.72258569952,80.64634704589844,68.47533158128772,89.29443520130371,1502.7542724609375,0.0
304,337,2021年10月29日11时52分20秒,100803.14206165541,80.64634704589844,68.80063330917073,89.29443520130371,1503.4888916015625,0.0
305,338,2021年10月29日11时52分40秒,100483.47686573863,80.64634704589844,68.47533158128772,89.29443520130371,1499.81640625,0.0
306,339,2021年10月29日11时53分00秒,100409.18045443017,80.64634704589844,68.87669197471223,89.39314963538709,1497.6129150390625,0.0
307,340,2021年10月29日11时53分20秒,100581.88715921249,80.64634704589844,68.55103062782382,89.39314963538709,1501.2852783203125,0.293792724609375
308,341,2021年10月29日11时53分40秒,100262.51786152367,80.94013977050781,68.87669197471223,89.71880675384091,1497.6129150390625,0.0
309,342,2021年10月29日11时54分00秒,100335.84915797692,80.94013977050781,68.55103062782382,89.71880675384091,1497.6129150390625,0.0
310,343,2021年10月29日11时54分20秒,100581.88715921249,80.94013977050781,68.95275804760331,89.81789045107689,1501.2852783203125,0.0
311,344,2021年10月29日11时54分40秒,100581.88715921249,80.94013977050781,68.95275804760331,89.81789045107689,1501.2852783203125,0.0
312,345,2021年10月29日11时55分00秒,100508.37604382355,80.94013977050781,68.87669197471223,89.71880675384091,1501.2852783203125,0.0
313,346,2021年10月29日11时55分20秒,100410.03767433763,80.94013977050781,68.62673704668623,89.81789045107689,1499.81640625,0.0
314,347,2021年10月29日11时55分40秒,100410.03767433763,80.94013977050781,68.55103062782382,89.71880675384091,1499.81640625,0.0
315,348,2021年10月29日11时56分00秒,100483.47686573863,80.94013977050781,68.22537350937,89.71880675384091,1499.81640625,0.14688873291015625
316,349,2021年10月29日11时56分20秒,100581.88715921249,81.08702850341797,68.55103062782382,89.88162685619864,1501.2852783203125,-0.14688873291015625
317,350,2021年10月29日11时56分40秒,100471.62048612908,80.94013977050781,68.55103062782382,89.71880675384091,1501.2852783203125,0.14688873291015625
318,351,2021年10月29日11时57分00秒,100508.37604382355,81.08702850341797,68.62673704668623,89.98089036877445,1501.2852783203125,0.0
319,352,2021年10月29日11时57分20秒,100606.72258569952,81.08702850341797,68.55103062782382,89.88162685619864,1502.7542724609375,0.0
320,353,2021年10月29日11时57分40秒,100373.31807863712,81.08702850341797,68.55103062782382,89.88162685619864,1499.81640625,0.0
321,354,2021年10月29日11时58分00秒,100324.16279019043,81.08702850341797,68.62673704668623,89.98089036877445,1499.0819091796875,0.0
322,355,2021年10月29日11时58分20秒,100360.86440339964,81.08702850341797,68.22537350937,89.88162685619864,1499.0819091796875,0.29380035400390625
323,356,2021年10月29日11时58分40秒,100373.31807863712,81.38082885742188,68.55103062782382,90.20729243152164,1499.81640625,-0.29380035400390625
324,357,2021年10月29日11时59分00秒,100619.0945208706,81.08702850341797,68.55103062782382,89.88162685619864,1503.4888916015625,0.0
325,358,2021年10月29日11时59分20秒,100471.62048612908,81.08702850341797,68.55103062782382,89.88162685619864,1501.2852783203125,0.29380035400390625
326,359,2021年10月29日11时59分40秒,100299.87888723612,81.38082885742188,68.55103062782382,90.20729243152164,1499.81640625,-0.29380035400390625
327,360,2021年10月29日12时00分00秒,100360.86440339964,81.08702850341797,67.98738110134582,89.78237300994988,1499.0819091796875,0.0
328,361,2021年10月29日12时00分20秒,100569.93106302246,81.08702850341797,68.15003407716995,89.78237300994988,1502.7542724609375,-0.14688873291015625
329,362,2021年10月29日12时00分40秒,100410.03767433763,80.94013977050781,68.55103062782382,89.71880675384091,1499.81640625,0.14688873291015625
330,363,2021年10月29日12时01分00秒,100398.10937074013,81.08702850341797,68.22537350937,89.88162685619864,1501.2852783203125,0.0
331,364,2021年10月29日12时01分20秒,100373.31807863712,81.08702850341797,68.22537350937,89.88162685619864,1499.81640625,0.0
332,365,2021年10月29日12时01分40秒,100410.03767433763,81.08702850341797,68.55103062782382,89.88162685619864,1499.81640625,0.0
333,366,2021年10月29日12时02分00秒,100434.26762981806,81.08702850341797,68.0625407217085,89.88162685619864,1499.0819091796875,0.29380035400390625
334,367,2021年10月29日12时02分20秒,100373.31807863712,81.38082885742188,68.47533158128772,90.10767896159814,1499.81640625,0.0
335,368,2021年10月29日12时02分40秒,100569.93106302246,81.38082885742188,68.22537350937,90.20729243152164,1502.7542724609375,0.0
336,369,2021年10月29日12时03分00秒,100778.8331201775,81.38082885742188,67.98738110134582,90.10767896159814,1505.3250732421875,0.0
337,370,2021年10月29日12时03分20秒,100471.62048612908,81.38082885742188,68.0625407217085,90.20729243152164,1501.2852783203125,0.0
338,371,2021年10月29日12时03分40秒,100569.93106302246,81.38082885742188,68.22537350937,90.20729243152164,1502.7542724609375,0.0
339,372,2021年10月29日12时04分00秒,100729.52304534148,81.38082885742188,67.98738110134582,90.10767896159814,1503.4888916015625,0.0
340,373,2021年10月29日12时04分20秒,100373.31807863712,81.38082885742188,68.22537350937,90.20729243152164,1499.81640625,0.0
341,374,2021年10月29日12时04分40秒,100471.62048612908,81.38082885742188,68.22537350937,90.20729243152164,1501.2852783203125,-0.29380035400390625
342,375,2021年10月29日12时05分00秒,100373.31807863712,81.08702850341797,67.73688783168927,89.88162685619864,1499.81640625,0.0
343,376,2021年10月29日12时05分20秒,100619.0945208706,81.08702850341797,68.22537350937,89.88162685619864,1503.4888916015625,0.0
344,377,2021年10月29日12时05分40秒,100262.51786152367,81.08702850341797,67.98738110134582,89.78237300994988,1497.6129150390625,0.29380035400390625
345,378,2021年10月29日12时06分00秒,100471.62048612908,81.38082885742188,68.15003407716995,90.10767896159814,1501.2852783203125,0.0
346,379,2021年10月29日12时06分20秒,100410.03767433763,81.38082885742188,67.73688783168927,90.20729243152164,1499.81640625,0.0
347,380,2021年10月29日12时06分40秒,100324.16279019043,81.38082885742188,67.73688783168927,90.20729243152164,1499.0819091796875,0.0
348,381,2021年10月29日12时07分00秒,100545.47550455667,81.38082885742188,67.73688783168927,90.20729243152164,1503.4888916015625,-0.29380035400390625
349,382,2021年10月29日12时07分20秒,100471.62048612908,81.08702850341797,68.0625407217085,89.88162685619864,1501.2852783203125,0.29380035400390625
350,383,2021年10月29日12时07分40秒,100335.84915797692,81.38082885742188,67.73688783168927,90.20729243152164,1497.6129150390625,0.0
351,384,2021年10月29日12时08分00秒,100471.62048612908,81.38082885742188,68.0625407217085,90.20729243152164,1501.2852783203125,0.0
352,385,2021年10月29日12时08分20秒,100471.62048612908,81.38082885742188,68.0625407217085,90.20729243152164,1501.2852783203125,0.0
353,386,2021年10月29日12时08分40秒,100508.37604382355,81.38082885742188,68.22537350937,90.20729243152164,1501.2852783203125,0.0
354,387,2021年10月29日12时09分00秒,100483.47686573863,81.38082885742188,67.73688783168927,90.20729243152164,1499.81640625,0.0
355,388,2021年10月29日12时09分20秒,100496.34801766835,81.38082885742188,68.22537350937,90.20729243152164,1502.7542724609375,0.0
356,389,2021年10月29日12时09分40秒,100398.10937074013,81.38082885742188,68.30072027887354,90.30691560279593,1501.2852783203125,0.0
357,390,2021年10月29日12时10分00秒,100471.62048612908,81.38082885742188,68.0625407217085,90.20729243152164,1501.2852783203125,0.293792724609375
358,391,2021年10月29日12时10分20秒,100545.47550455667,81.67462158203125,68.22537350937,90.53294954997546,1503.4888916015625,0.0
359,392,2021年10月29日12时10分40秒,100299.87888723612,81.67462158203125,68.30072027887354,90.63293237060861,1499.81640625,0.0
360,393,2021年10月29日12时11分00秒,100410.03767433763,81.67462158203125,68.0625407217085,90.53294954997546,1499.81640625,0.1468963623046875
361,394,2021年10月29日12时11分20秒,100373.31807863712,81.82151794433594,68.22537350937,90.69577810920237,1499.81640625,0.0
362,395,2021年10月29日12时11分40秒,100606.72258569952,81.82151794433594,68.0625407217085,90.69577810920237,1502.7542724609375,0.0
363,396,2021年10月29日12时12分00秒,100508.37604382355,81.82151794433594,68.30072027887354,90.79594075451496,1501.2852783203125,0.0
364,397,2021年10月29日12时12分20秒,100508.37604382355,81.82151794433594,68.22537350937,90.69577810920237,1501.2852783203125,0.0
365,398,2021年10月29日12时12分40秒,100324.16279019043,81.82151794433594,68.22537350937,90.69577810920237,1499.0819091796875,0.0
366,399,2021年10月29日12时13分00秒,100471.62048612908,81.82151794433594,68.0625407217085,90.69577810920237,1501.2852783203125,0.0
367,400,2021年10月29日12时13分20秒,100606.72258569952,81.82151794433594,68.22537350937,90.69577810920237,1502.7542724609375,0.293792724609375
368,401,2021年10月29日12时13分40秒,100410.03767433763,82.11531066894531,68.1377076618628,91.12195752232765,1499.81640625,0.0
369,402,2021年10月29日12时14分00秒,100680.30563105363,82.11531066894531,68.1377076618628,91.12195752232765,1502.7542724609375,0.0
370,403,2021年10月29日12时14分20秒,100373.31807863712,82.11531066894531,68.22537350937,91.02143522765618,1499.81640625,0.0
371,404,2021年10月29日12时14分40秒,100926.34476060141,82.11531066894531,68.62673704668623,91.12195752232765,1507.5284423828125,0.0
372,405,2021年10月29日12时15分00秒,100324.16279019043,82.11531066894531,68.30072027887354,91.12195752232765,1499.0819091796875,0.29380035400390625
373,406,2021年10月29日12时15分20秒,100324.16279019043,82.40911102294922,68.30072027887354,91.44798275634912,1499.0819091796875,-0.29380035400390625
374,407,2021年10月29日12时15分40秒,100373.31807863712,82.11531066894531,68.1377076618628,91.12195752232765,1499.81640625,0.0
375,408,2021年10月29日12时16分00秒,100508.37604382355,82.11531066894531,68.55103062782382,91.02143522765618,1501.2852783203125,0.0
376,409,2021年10月29日12时16分20秒,100299.87888723612,82.11531066894531,68.62673704668623,91.12195752232765,1499.81640625,0.0
377,410,2021年10月29日12时16分40秒,100398.10937074013,82.11531066894531,68.22537350937,91.02143522765618,1501.2852783203125,0.29380035400390625
378,411,2021年10月29日12时17分00秒,100410.03767433763,82.40911102294922,68.62673704668623,91.44798275634912,1499.81640625,-0.29380035400390625
379,412,2021年10月29日12时17分20秒,100398.10937074013,82.11531066894531,68.30072027887354,91.12195752232765,1501.2852783203125,0.29380035400390625
380,413,2021年10月29日12时17分40秒,100299.87888723612,82.40911102294922,68.62673704668623,91.44798275634912,1499.81640625,-0.29380035400390625
381,414,2021年10月29日12时18分00秒,100360.86440339964,82.11531066894531,68.62673704668623,91.12195752232765,1499.0819091796875,0.29380035400390625
382,415,2021年10月29日12时18分20秒,100471.62048612908,82.40911102294922,68.30072027887354,91.44798275634912,1501.2852783203125,0.0
383,416,2021年10月29日12时18分40秒,100225.85221329704,82.40911102294922,68.30072027887354,91.44798275634912,1497.6129150390625,0.0
384,417,2021年10月29日12时19分00秒,100410.03767433763,82.40911102294922,68.33838999497357,91.4984188210683,1499.81640625,0.1468963623046875
385,418,2021年10月29日12时19分20秒,100373.31807863712,82.5560073852539,68.62673704668623,91.61099114025546,1499.81640625,0.0
386,419,2021年10月29日12时19分40秒,100177.35633735359,82.5560073852539,68.66458656995428,91.66151710855866,1499.0819091796875,-0.1468963623046875
387,420,2021年10月29日12时20分00秒,100373.31807863712,82.40911102294922,68.62673704668623,91.44798275634912,1499.81640625,0.0
388,421,2021年10月29日12时20分20秒,100373.31807863712,82.40911102294922,68.62673704668623,91.44798275634912,1499.81640625,0.1468963623046875
389,422,2021年10月29日12时20分40秒,100471.62048612908,82.5560073852539,68.62673704668623,91.61099114025546,1501.2852783203125,0.0
390,423,2021年10月29日12时21分00秒,100496.34801766835,82.5560073852539,68.95275804760331,91.61099114025546,1502.7542724609375,-0.1468963623046875
391,424,2021年10月29日12时21分20秒,100619.0945208706,82.40911102294922,68.66458656995428,91.4984188210683,1503.4888916015625,0.0
392,425,2021年10月29日12时21分40秒,100250.75956377201,82.40911102294922,68.99078738037406,91.4984188210683,1499.0819091796875,0.1468963623046875
393,426,2021年10月29日12时22分00秒,100226.43969583511,82.5560073852539,68.66458656995428,91.66151710855866,1499.81640625,0.0
394,427,2021年10月29日12时22分20秒,100581.88715921249,82.5560073852539,68.99078738037406,91.66151710855866,1501.2852783203125,0.0
395,428,2021年10月29日12时22分40秒,100471.62048612908,82.5560073852539,68.66458656995428,91.66151710855866,1501.2852783203125,0.0
396,429,2021年10月29日12时23分00秒,100324.59825535119,82.5560073852539,68.95275804760331,91.61099114025546,1501.2852783203125,0.0
397,430,2021年10月29日12时23分20秒,100250.75956377201,82.5560073852539,68.95275804760331,91.61099114025546,1499.0819091796875,0.0
398,431,2021年10月29日12时23分40秒,100373.31807863712,82.5560073852539,68.33838999497357,91.66151710855866,1499.81640625,-0.1468963623046875
399,432,2021年10月29日12时24分00秒,100226.43969583511,82.40911102294922,68.99078738037406,91.4984188210683,1499.81640625,0.1468963623046875
400,433,2021年10月29日12时24分20秒,100250.75956377201,82.5560073852539,68.62673704668623,91.61099114025546,1499.0819091796875,0.0
401,434,2021年10月29日12时24分40秒,100496.34801766835,82.5560073852539,68.66458656995428,91.66151710855866,1502.7542724609375,0.0
402,435,2021年10月29日12时25分00秒,100250.75956377201,82.5560073852539,68.66458656995428,91.66151710855866,1499.0819091796875,0.0
403,436,2021年10月29日12时25分20秒,100299.87888723612,82.5560073852539,68.99078738037406,91.66151710855866,1499.81640625,0.0
404,437,2021年10月29日12时25分40秒,100569.93106302246,82.5560073852539,68.33838999497357,91.66151710855866,1502.7542724609375,0.0
405,438,2021年10月29日12时26分00秒,100606.72258569952,82.5560073852539,68.99078738037406,91.66151710855866,1502.7542724609375,0.293792724609375
406,439,2021年10月29日12时26分20秒,100471.62048612908,82.84980010986328,68.95275804760331,91.93700790806815,1501.2852783203125,-0.293792724609375
407,440,2021年10月29日12时26分40秒,100226.43969583511,82.5560073852539,68.33838999497357,91.66151710855866,1499.81640625,0.0
408,441,2021年10月29日12时27分00秒,100398.10937074013,82.5560073852539,68.99078738037406,91.66151710855866,1501.2852783203125,0.0
409,442,2021年10月29日12时27分20秒,100496.34801766835,82.5560073852539,68.66458656995428,91.66151710855866,1502.7542724609375,0.0
410,443,2021年10月29日12时27分40秒,100545.47550455667,82.5560073852539,68.99078738037406,91.66151710855866,1503.4888916015625,0.0
411,444,2021年10月29日12时28分00秒,100324.59825535119,82.5560073852539,68.99078738037406,91.66151710855866,1501.2852783203125,0.0
412,445,2021年10月29日12时28分20秒,100569.93106302246,82.5560073852539,68.99078738037406,91.66151710855866,1502.7542724609375,0.0
413,446,2021年10月29日12时28分40秒,100250.75956377201,82.5560073852539,68.33838999497357,91.66151710855866,1499.0819091796875,0.293792724609375
414,447,2021年10月29日12时29分00秒,100435.04698008578,82.84980010986328,68.33838999497357,91.98771368353937,1503.4888916015625,0.0
415,448,2021年10月29日12时29分20秒,100594.56080572307,82.84980010986328,69.06686086061472,92.08914498741342,1505.3250732421875,0.0
416,449,2021年10月29日12时29分40秒,100250.75956377201,82.84980010986328,68.740300361143,92.08914498741342,1499.0819091796875,0.0
417,450,2021年10月29日12时30分00秒,100324.59825535119,82.84980010986328,68.740300361143,92.08914498741342,1501.2852783203125,0.0
418,451,2021年10月29日12时30分20秒,100324.59825535119,82.84980010986328,68.66458656995428,91.98771368353937,1501.2852783203125,0.0
419,452,2021年10月29日12时30分40秒,100152.52091684379,82.84980010986328,68.740300361143,92.08914498741342,1497.6129150390625,0.29378509521484375
420,453,2021年10月29日12时31分00秒,100398.10937074013,83.14358520507812,68.66458656995428,92.31390178764195,1501.2852783203125,-0.29378509521484375
421,454,2021年10月29日12时31分20秒,100422.76497231424,82.84980010986328,68.25046173199007,92.08914498741342,1502.7542724609375,0.29378509521484375
422,455,2021年10月29日12时31分40秒,100226.43969583511,83.14358520507812,68.4137441017806,92.41569276655719,1499.81640625,-0.29378509521484375
423,456,2021年10月29日12时32分00秒,100373.31807863712,82.84980010986328,68.32562867214438,92.19056641482166,1499.81640625,-0.293792724609375
424,457,2021年10月29日12时32分20秒,100496.34801766835,82.5560073852539,68.25046173199007,91.76258872805101,1502.7542724609375,0.293792724609375
425,458,2021年10月29日12时32分40秒,100569.93106302246,82.84980010986328,68.33838999497357,91.98771368353937,1502.7542724609375,0.29378509521484375
426,459,2021年10月29日12时33分00秒,100225.85221329704,83.14358520507812,68.4137441017806,92.41569276655719,1497.6129150390625,-0.29378509521484375
427,460,2021年10月29日12时33分20秒,100471.85648824275,82.84980010986328,68.4137441017806,92.08914498741342,1503.4888916015625,0.0
428,461,2021年10月29日12时33分40秒,100250.75956377201,82.84980010986328,67.92390971273699,92.08914498741342,1499.0819091796875,0.0
429,462,2021年10月29日12时34分00秒,100545.47550455667,82.84980010986328,67.92390971273699,92.08914498741342,1503.4888916015625,0.0
430,463,2021年10月29日12时34分20秒,100398.10937074013,82.84980010986328,68.25046173199007,92.08914498741342,1501.2852783203125,0.0
431,464,2021年10月29日12时34分40秒,100398.10937074013,82.84980010986328,68.17528747204415,91.98771368353937,1501.2852783203125,0.0
432,465,2021年10月29日12时35分00秒,100422.76497231424,82.84980010986328,67.92390971273699,92.08914498741342,1502.7542724609375,0.0
433,466,2021年10月29日12时35分20秒,100250.75956377201,82.84980010986328,68.25046173199007,92.08914498741342,1499.0819091796875,0.0
434,467,2021年10月29日12时35分40秒,100226.43969583511,82.84980010986328,67.92390971273699,92.08914498741342,1499.81640625,0.0
435,468,2021年10月29日12时36分00秒,100496.34801766835,82.84980010986328,68.25046173199007,92.08914498741342,1502.7542724609375,0.0
436,469,2021年10月29日12时36分20秒,100569.93106302246,82.84980010986328,68.25046173199007,92.08914498741342,1502.7542724609375,0.0
437,470,2021年10月29日12时36分40秒,100373.31807863712,82.84980010986328,68.32562867214438,92.19056641482166,1499.81640625,0.0
438,471,2021年10月29日12时37分00秒,100299.87888723612,82.84980010986328,68.25046173199007,92.08914498741342,1499.81640625,-0.293792724609375
439,472,2021年10月29日12时37分20秒,100373.31807863712,82.5560073852539,68.4137441017806,91.76258872805101,1499.81640625,0.293792724609375
440,473,2021年10月29日12时37分40秒,100496.34801766835,82.84980010986328,68.4137441017806,92.08914498741342,1502.7542724609375,0.0
441,474,2021年10月29日12时38分00秒,100079.18962039053,82.84980010986328,68.4137441017806,92.08914498741342,1497.6129150390625,-0.293792724609375
442,475,2021年10月29日12时38分20秒,100496.34801766835,82.5560073852539,68.25046173199007,91.76258872805101,1502.7542724609375,0.0
443,476,2021年10月29日12时38分40秒,100569.93106302246,82.5560073852539,68.25046173199007,91.76258872805101,1502.7542724609375,0.293792724609375
444,477,2021年10月29日12时39分00秒,100299.87888723612,82.84980010986328,67.92390971273699,92.08914498741342,1499.81640625,-0.293792724609375
445,478,2021年10月29日12时39分20秒,100496.34801766835,82.5560073852539,68.4137441017806,91.76258872805101,1502.7542724609375,0.0
446,479,2021年10月29日12时39分40秒,100324.16279019043,82.5560073852539,67.92390971273699,91.76258872805101,1499.0819091796875,0.0
447,480,2021年10月29日12时40分00秒,100508.37604382355,82.5560073852539,67.92390971273699,91.76258872805101,1501.2852783203125,0.0
448,481,2021年10月29日12时40分20秒,100226.43969583511,82.5560073852539,68.25046173199007,91.76258872805101,1499.81640625,0.293792724609375
449,482,2021年10月29日12时40分40秒,100250.75956377201,82.84980010986328,67.92390971273699,92.08914498741342,1499.0819091796875,-0.293792724609375
450,483,2021年10月29日12时41分00秒,100655.90402902756,82.5560073852539,68.25046173199007,91.76258872805101,1503.4888916015625,0.0
451,484,2021年10月29日12时41分20秒,100508.37604382355,82.5560073852539,67.92390971273699,91.76258872805101,1501.2852783203125,0.0
452,485,2021年10月29日12时41分40秒,100398.10937074013,82.5560073852539,67.59734921326526,91.76258872805101,1501.2852783203125,0.0
453,486,2021年10月29日12时42分00秒,100324.16279019043,82.5560073852539,67.99871700820222,91.86365050610038,1499.0819091796875,0.0
454,487,2021年10月29日12时42分20秒,100373.31807863712,82.5560073852539,67.59734921326526,91.76258872805101,1499.81640625,0.0
455,488,2021年10月29日12时42分40秒,100398.10937074013,82.5560073852539,67.59734921326526,91.76258872805101,1501.2852783203125,0.0
456,489,2021年10月29日12时43分00秒,100299.87888723612,82.5560073852539,67.59734921326526,91.76258872805101,1499.81640625,0.0
457,490,2021年10月29日12时43分20秒,100409.18045443017,82.5560073852539,67.59734921326526,91.76258872805101,1497.6129150390625,-0.1468963623046875
458,491,2021年10月29日12时43分40秒,100508.37604382355,82.40911102294922,67.43407108358406,91.59931059836981,1501.2852783203125,0.0
459,492,2021年10月29日12时44分00秒,100545.47550455667,82.40911102294922,67.59734921326526,91.59931059836981,1503.4888916015625,0.1468963623046875
460,493,2021年10月29日12时44分20秒,100360.86440339964,82.5560073852539,67.43407108358406,91.76258872805101,1499.0819091796875,-0.1468963623046875
461,494,2021年10月29日12时44分40秒,100360.86440339964,82.40911102294922,67.43407108358406,91.59931059836981,1499.0819091796875,0.0
462,495,2021年10月29日12时45分00秒,100335.84915797692,82.40911102294922,67.43407108358406,91.59931059836981,1497.6129150390625,0.0
463,496,2021年10月29日12时45分20秒,100398.10937074013,82.40911102294922,67.43407108358406,91.59931059836981,1501.2852783203125,0.0
464,497,2021年10月29日12时45分40秒,100581.88715921249,82.40911102294922,66.78095856485925,91.59931059836981,1501.2852783203125,0.0
465,498,2021年10月29日12时46分00秒,100434.26762981806,82.40911102294922,67.10751058411233,91.59931059836981,1499.0819091796875,0.0
466,499,2021年10月29日12时46分20秒,100398.10937074013,82.40911102294922,67.35979603459236,91.4984188210683,1501.2852783203125,-0.29380035400390625
467,500,2021年10月29日12时46分40秒,100581.88715921249,82.11531066894531,67.43407108358406,91.27274585878877,1501.2852783203125,0.29380035400390625
468,501,2021年10月29日12时47分00秒,100753.88867640775,82.40911102294922,67.43407108358406,91.59931059836981,1502.7542724609375,0.0
469,502,2021年10月29日12时47分20秒,100606.72258569952,82.40911102294922,66.85450708289864,91.70019255173975,1502.7542724609375,0.0
470,503,2021年10月29日12时47分40秒,100508.37604382355,82.40911102294922,66.70740288463094,91.4984188210683,1501.2852783203125,0.0
471,504,2021年10月29日12时48分00秒,100434.26762981806,82.40911102294922,66.85450708289864,91.70019255173975,1499.0819091796875,-0.29380035400390625
472,505,2021年10月29日12时48分20秒,100483.47686573863,82.11531066894531,67.10751058411233,91.27274585878877,1499.81640625,0.29380035400390625
473,506,2021年10月29日12时48分40秒,100581.88715921249,82.40911102294922,67.10751058411233,91.59931059836981,1501.2852783203125,-0.29380035400390625
474,507,2021年10月29日12时49分00秒,100655.90402902756,82.11531066894531,67.10751058411233,91.27274585878877,1503.4888916015625,0.29380035400390625
475,508,2021年10月29日12时49分20秒,100581.88715921249,82.40911102294922,67.18141874684079,91.70019255173975,1501.2852783203125,0.0
476,509,2021年10月29日12时49分40秒,100471.62048612908,82.40911102294922,67.18141874684079,91.70019255173975,1501.2852783203125,0.0
477,510,2021年10月29日12时50分00秒,100581.88715921249,82.40911102294922,66.78095856485925,91.59931059836981,1501.2852783203125,-0.29380035400390625
478,511,2021年10月29日12时50分20秒,100655.39827460144,82.11531066894531,66.85450708289864,91.37326815346023,1501.2852783203125,0.29380035400390625
479,512,2021年10月29日12时50分40秒,100373.31807863712,82.40911102294922,67.10751058411233,91.59931059836981,1499.81640625,0.0
480,513,2021年10月29日12时51分00秒,100360.86440339964,82.40911102294922,67.18141874684079,91.70019255173975,1499.0819091796875,0.0
481,514,2021年10月29日12时51分20秒,100483.47686573863,82.40911102294922,67.18141874684079,91.70019255173975,1499.81640625,0.0
482,515,2021年10月29日12时51分40秒,100729.52304534148,82.40911102294922,67.50833890034119,91.70019255173975,1503.4888916015625,0.0
483,516,2021年10月29日12时52分00秒,100508.37604382355,82.40911102294922,67.18141874684079,91.70019255173975,1501.2852783203125,0.0
484,517,2021年10月29日12时52分20秒,100593.63565284014,82.40911102294922,67.50833890034119,91.70019255173975,1499.81640625,0.0
485,518,2021年10月29日12时52分40秒,100581.88715921249,82.40911102294922,67.50833890034119,91.70019255173975,1501.2852783203125,0.0
486,519,2021年10月29日12时53分00秒,100360.86440339964,82.40911102294922,67.50833890034119,91.70019255173975,1499.0819091796875,0.0
487,520,2021年10月29日12时53分20秒,100581.88715921249,82.40911102294922,67.18141874684079,91.70019255173975,1501.2852783203125,0.0
488,521,2021年10月29日12时53分40秒,100581.88715921249,82.40911102294922,67.59734921326526,91.59931059836981,1501.2852783203125,0.1468963623046875
489,522,2021年10月29日12时54分00秒,100569.93106302246,82.5560073852539,67.67179685470182,91.86365050610038,1502.7542724609375,0.0
490,523,2021年10月29日12时54分20秒,100410.03767433763,82.5560073852539,67.67179685470182,91.86365050610038,1499.81640625,-0.1468963623046875
491,524,2021年10月29日12时54分40秒,100655.39827460144,82.40911102294922,67.50833890034119,91.70019255173975,1501.2852783203125,0.1468963623046875
492,525,2021年10月29日12时55分00秒,100556.91605713964,82.5560073852539,67.67179685470182,91.86365050610038,1499.81640625,0.0
493,526,2021年10月29日12时55分20秒,100360.86440339964,82.5560073852539,67.50833890034119,91.86365050610038,1499.0819091796875,0.0
494,527,2021年10月29日12时55分40秒,100569.93106302246,82.5560073852539,67.18141874684079,91.86365050610038,1502.7542724609375,0.0
495,528,2021年10月29日12时56分00秒,100680.30563105363,82.5560073852539,67.50833890034119,91.86365050610038,1502.7542724609375,0.0
496,529,2021年10月29日12时56分20秒,100483.47686573863,82.5560073852539,67.50833890034119,91.86365050610038,1499.81640625,0.0
497,530,2021年10月29日12时56分40秒,100483.47686573863,82.5560073852539,67.21836922959938,91.91417647440358,1499.81640625,0.293792724609375
498,531,2021年10月29日12时57分00秒,100483.47686573863,82.84980010986328,67.50833890034119,92.19056641482166,1499.81640625,-0.293792724609375
499,532,2021年10月29日12时57分20秒,100556.91605713964,82.5560073852539,67.18141874684079,91.86365050610038,1499.81640625,0.0
500,533,2021年10月29日12时57分40秒,100164.17131964769,82.5560073852539,67.50833890034119,91.86365050610038,1496.1439208984375,0.0
501,534,2021年10月29日12时58分00秒,100324.16279019043,82.5560073852539,67.18141874684079,91.86365050610038,1499.0819091796875,0.0
502,535,2021年10月29日12时58分20秒,100483.47686573863,82.5560073852539,67.18141874684079,91.86365050610038,1499.81640625,0.0
503,536,2021年10月29日12时58分40秒,100445.8461026568,82.5560073852539,67.50833890034119,91.86365050610038,1497.6129150390625,0.293792724609375
504,537,2021年10月29日12时59分00秒,100508.37604382355,82.84980010986328,67.50833890034119,92.19056641482166,1501.2852783203125,0.0
505,538,2021年10月29日12时59分20秒,100508.37604382355,82.84980010986328,67.18141874684079,92.19056641482166,1501.2852783203125,0.0
506,539,2021年10月29日12时59分40秒,100803.14206165541,82.84980010986328,67.50833890034119,92.19056641482166,1503.4888916015625,0.0
507,540,2021年10月29日13时00分00秒,100483.47686573863,82.84980010986328,67.54546919260247,92.24127219029288,1499.81640625,0.0
508,541,2021年10月29日13时00分20秒,100507.67085623648,82.84980010986328,67.67179685470182,92.19056641482166,1499.0819091796875,0.0
509,542,2021年10月29日13时00分40秒,100544.37246944569,82.84980010986328,67.67179685470182,92.19056641482166,1499.0819091796875,0.0
510,543,2021年10月29日13时01分00秒,100483.47686573863,82.84980010986328,67.54546919260247,92.24127219029288,1499.81640625,0.0
511,544,2021年10月29日13时01分20秒,100434.26762981806,82.84980010986328,67.50833890034119,92.19056641482166,1499.0819091796875,0.0
512,545,2021年10月29日13时01分40秒,100410.03767433763,82.84980010986328,67.67179685470182,92.19056641482166,1499.81640625,0.0
513,546,2021年10月29日13时02分00秒,100434.26762981806,82.84980010986328,67.67179685470182,92.19056641482166,1499.0819091796875,0.0
514,547,2021年10月29日13时02分20秒,100581.88715921249,82.84980010986328,67.67179685470182,92.19056641482166,1501.2852783203125,0.0
515,548,2021年10月29日13时02分40秒,100741.97865728661,82.84980010986328,67.70901705054712,92.24127219029288,1505.3250732421875,-0.293792724609375
516,549,2021年10月29日13时03分00秒,100508.37604382355,82.5560073852539,67.70901705054712,91.91417647440358,1501.2852783203125,0.293792724609375
517,550,2021年10月29日13时03分20秒,100753.88867640775,82.84980010986328,67.70901705054712,92.24127219029288,1502.7542724609375,0.0
518,551,2021年10月29日13时03分40秒,100606.72258569952,82.84980010986328,67.54546919260247,92.24127219029288,1502.7542724609375,0.0
519,552,2021年10月29日13时04分00秒,100508.37604382355,82.84980010986328,67.67179685470182,92.19056641482166,1501.2852783203125,0.0
520,553,2021年10月29日13时04分20秒,100606.72258569952,82.84980010986328,67.70901705054712,92.24127219029288,1502.7542724609375,-0.293792724609375
521,554,2021年10月29日13时04分40秒,100606.72258569952,82.5560073852539,67.70901705054712,91.91417647440358,1502.7542724609375,0.293792724609375
522,555,2021年10月29日13时05分00秒,100606.72258569952,82.84980010986328,67.70901705054712,92.24127219029288,1502.7542724609375,0.0
523,556,2021年10月29日13时05分20秒,100483.47686573863,82.84980010986328,67.50833890034119,92.19056641482166,1499.81640625,0.0
524,557,2021年10月29日13时05分40秒,100544.37246944569,82.84980010986328,67.54546919260247,92.24127219029288,1499.0819091796875,0.0
525,558,2021年10月29日13时06分00秒,100508.37604382355,82.84980010986328,67.21836922959938,92.24127219029288,1501.2852783203125,0.0
526,559,2021年10月29日13时06分20秒,100410.03767433763,82.84980010986328,67.54546919260247,92.24127219029288,1499.81640625,0.0
527,560,2021年10月29日13时06分40秒,100556.91605713964,82.84980010986328,67.54546919260247,92.24127219029288,1499.81640625,0.0
528,561,2021年10月29日13时07分00秒,100483.47686573863,82.84980010986328,67.54546919260247,92.24127219029288,1499.81640625,0.0
529,562,2021年10月29日13时07分20秒,100569.93106302246,82.84980010986328,67.18141874684079,92.19056641482166,1502.7542724609375,0.0
530,563,2021年10月29日13时07分40秒,100483.47686573863,82.84980010986328,67.21836922959938,92.24127219029288,1499.81640625,0.0
531,564,2021年10月29日13时08分00秒,100753.88867640775,82.84980010986328,66.89127776082387,92.24127219029288,1502.7542724609375,0.0
532,565,2021年10月29日13时08分20秒,100680.30563105363,82.84980010986328,66.56417779782078,92.24127219029288,1502.7542724609375,0.0
533,566,2021年10月29日13时08分40秒,100360.86440339964,82.84980010986328,67.50833890034119,92.19056641482166,1499.0819091796875,0.0
534,567,2021年10月29日13时09分00秒,100655.39827460144,82.84980010986328,67.21836922959938,92.24127219029288,1501.2852783203125,0.0
535,568,2021年10月29日13时09分20秒,100556.91605713964,82.84980010986328,67.21836922959938,92.24127219029288,1499.81640625,0.0
536,569,2021年10月29日13时09分40秒,100360.86440339964,82.84980010986328,66.89127776082387,92.24127219029288,1499.0819091796875,0.0
537,570,2021年10月29日13时10分00秒,100581.88715921249,82.84980010986328,66.89127776082387,92.24127219029288,1501.2852783203125,0.0
538,571,2021年10月29日13时10分20秒,100790.6801990848,82.84980010986328,67.21836922959938,92.24127219029288,1502.7542724609375,0.0
539,572,2021年10月29日13时10分40秒,100556.91605713964,82.84980010986328,66.89127776082387,92.24127219029288,1499.81640625,0.0
540,573,2021年10月29日13时11分00秒,100360.86440339964,82.84980010986328,67.21836922959938,92.24127219029288,1499.0819091796875,0.0
541,574,2021年10月29日13时11分20秒,100680.30563105363,82.84980010986328,67.21836922959938,92.24127219029288,1502.7542724609375,0.0
542,575,2021年10月29日13时11分40秒,100729.52304534148,82.84980010986328,67.21836922959938,92.24127219029288,1503.4888916015625,0.0
543,576,2021年10月29日13时12分00秒,100360.86440339964,82.84980010986328,66.89127776082387,92.24127219029288,1499.0819091796875,-0.293792724609375
544,577,2021年10月29日13时12分20秒,100409.18045443017,82.5560073852539,67.21836922959938,91.91417647440358,1497.6129150390625,0.0
545,578,2021年10月29日13时12分40秒,100556.91605713964,82.5560073852539,67.54546919260247,91.91417647440358,1499.81640625,0.0
546,579,2021年10月29日13时13分00秒,100262.51786152367,82.5560073852539,67.6197370093596,92.01523825245295,1497.6129150390625,0.293792724609375
547,580,2021年10月29日13时13分20秒,100508.37604382355,82.84980010986328,67.54546919260247,92.24127219029288,1501.2852783203125,0.0
548,581,2021年10月29日13时13分40秒,100593.63565284014,82.84980010986328,67.54546919260247,92.24127219029288,1499.81640625,0.0
549,582,2021年10月29日13时14分00秒,100556.91605713964,82.84980010986328,66.89127776082387,92.24127219029288,1499.81640625,0.0
550,583,2021年10月29日13时14分20秒,100581.88715921249,82.84980010986328,67.54546919260247,92.24127219029288,1501.2852783203125,0.0
551,584,2021年10月29日13时14分40秒,100680.30563105363,82.84980010986328,67.54546919260247,92.24127219029288,1502.7542724609375,0.0
552,585,2021年10月29日13时15分00秒,100655.39827460144,82.84980010986328,67.54546919260247,92.24127219029288,1501.2852783203125,0.0
553,586,2021年10月29日13时15分20秒,100556.91605713964,82.84980010986328,67.54546919260247,92.24127219029288,1499.81640625,0.0
554,587,2021年10月29日13时15分40秒,100410.03767433763,82.84980010986328,67.70901705054712,92.24127219029288,1499.81640625,-0.293792724609375
555,588,2021年10月29日13时16分00秒,100483.47686573863,82.5560073852539,67.6197370093596,92.01523825245295,1499.81640625,0.0
556,589,2021年10月29日13时16分20秒,100556.91605713964,82.5560073852539,67.21836922959938,91.91417647440358,1499.81640625,0.0
557,590,2021年10月29日13时16分40秒,100619.0945208706,82.5560073852539,67.54546919260247,91.91417647440358,1503.4888916015625,0.293792724609375
558,591,2021年10月29日13时17分00秒,100581.88715921249,82.84980010986328,67.21836922959938,92.24127219029288,1501.2852783203125,-0.293792724609375
559,592,2021年10月29日13时17分20秒,100680.30563105363,82.5560073852539,67.29227739232783,92.01523825245295,1502.7542724609375,0.0
560,593,2021年10月29日13时17分40秒,100581.88715921249,82.5560073852539,67.6197370093596,92.01523825245295,1501.2852783203125,0.0
561,594,2021年10月29日13时18分00秒,100655.90402902756,82.5560073852539,67.21836922959938,91.91417647440358,1503.4888916015625,0.0
562,595,2021年10月29日13时18分20秒,100753.88867640775,82.5560073852539,67.21836922959938,91.91417647440358,1502.7542724609375,0.0
563,596,2021年10月29日13时18分40秒,100556.91605713964,82.5560073852539,67.50833890034119,91.86365050610038,1499.81640625,0.0
564,597,2021年10月29日13时19分00秒,100581.88715921249,82.5560073852539,67.21836922959938,91.91417647440358,1501.2852783203125,0.0
565,598,2021年10月29日13时19分20秒,100434.26762981806,82.5560073852539,67.54546919260247,91.91417647440358,1499.0819091796875,0.0
566,599,2021年10月29日13时19分40秒,100655.39827460144,82.5560073852539,67.29227739232783,92.01523825245295,1501.2852783203125,0.0
567,600,2021年10月29日13时20分00秒,100556.91605713964,82.5560073852539,67.54546919260247,91.91417647440358,1499.81640625,0.0
568,601,2021年10月29日13时20分20秒,100434.26762981806,82.5560073852539,67.21836922959938,91.91417647440358,1499.0819091796875,0.0
569,602,2021年10月29日13时20分40秒,100556.91605713964,82.5560073852539,67.21836922959938,91.91417647440358,1499.81640625,-0.1468963623046875
570,603,2021年10月29日13时21分00秒,100409.18045443017,82.40911102294922,66.56417779782078,91.75062861645893,1497.6129150390625,0.0
571,604,2021年10月29日13时21分20秒,100508.37604382355,82.40911102294922,66.85450708289864,91.70019255173975,1501.2852783203125,0.0
572,605,2021年10月29日13时21分40秒,100581.88715921249,82.40911102294922,66.89127776082387,91.75062861645893,1501.2852783203125,0.0
573,606,2021年10月29日13时22分00秒,100729.52304534148,82.40911102294922,66.40062993987613,91.75062861645893,1503.4888916015625,0.0
574,607,2021年10月29日13时22分20秒,100519.17739911005,82.40911102294922,66.52758692939824,91.70019255173975,1497.6129150390625,0.0
575,608,2021年10月29日13时22分40秒,100729.52304534148,82.40911102294922,66.40062993987613,91.75062861645893,1503.4888916015625,0.0
576,609,2021年10月29日13时23分00秒,100680.30563105363,82.40911102294922,66.56417779782078,91.75062861645893,1502.7542724609375,0.0
577,610,2021年10月29日13时23分20秒,100790.6801990848,82.40911102294922,66.40062993987613,91.75062861645893,1502.7542724609375,-0.29380035400390625
578,611,2021年10月29日13时23分40秒,100347.3197358679,82.11531066894531,66.40062993987613,91.42352440634204,1496.1439208984375,0.0
579,612,2021年10月29日13时24分00秒,37203.454103227705,82.11531066894531,66.40062993987613,91.42352440634204,630.9217529296875,0.0
580,613,2021年10月29日13时24分20秒,30.425927814871113,82.11531066894531,66.07353422398683,91.42352440634204,2.203452110290528,-0.293792724609375
581,614,2021年10月29日13时24分40秒,0.0,81.82151794433594,65.54683920323441,91.04635224473896,0.0,-0.4406890869140625
582,615,2021年10月29日13时25分00秒,0.0,81.38082885742188,10.11176544818045,14.146257488529955,0.0,-0.7344818115234375
583,616,2021年10月29日13时25分20秒,15.860323157151928,80.64634704589844,0.0,0.0,2.203452110290528,-0.7344894409179688
584,617,2021年10月29日13时25分40秒,4.909147936363496,79.91185760498047,50.09704242333646,70.97080897043179,0.7344840168952942,-0.7344741821289062
585,618,2021年10月29日13时26分00秒,23.017249202716922,79.17738342285156,49.087157605172706,70.36697062849089,3.672420263290405,-0.7344894409179688
586,619,2021年10月29日13时26分20秒,13.162988922363644,78.4428939819336,47.97819839302974,69.81023769956664,2.203452110290528,-0.58758544921875
587,620,2021年10月29日13时26分40秒,12.515629672647266,77.85530853271484,47.06307888693118,69.28731614738354,2.203452110290528,-0.1468963623046875
588,621,2021年10月29日13时27分00秒,11.976162405414472,77.70841217041016,46.67088772279385,69.15658575933776,2.203452110290528,-0.29380035400390625
589,622,2021年10月29日13时27分20秒,0.0,77.41461181640625,46.4094269467023,68.89511819346808,0.0,-0.44068145751953125
590,623,2021年10月29日13时27分40秒,18.16205034690938,76.97393035888672,46.27869655865653,68.50293381910888,3.672420263290405,-0.293792724609375
591,624,2021年10月29日13时28分00秒,3.524516512033955,76.68013763427734,46.473264899363585,68.33534181521009,0.7344840168952942,-0.44069671630859375
592,625,2021年10月29日13时28分20秒,10.1959221046468,76.23944091796875,46.34235468663838,67.94260437791672,2.203452110290528,-0.58758544921875
593,626,2021年10月29日13时28分40秒,3.2368007140051986,75.65185546875,46.27869655865653,67.32635353691876,0.7344840168952942,-0.1468963623046875
594,627,2021年10月29日13时29分00秒,9.440668771071161,75.50495910644531,46.08053426118795,67.28805331429066,2.203452110290528,-0.58758544921875
595,628,2021年10月29日13时29分20秒,0.0,74.91737365722656,46.08053426118795,66.76441246338982,0.0,-0.7344894409179688
596,629,2021年10月29日13时29分40秒,8.739361954081234,74.1828842163086,46.08053426118795,66.10985460064603,2.203452110290528,-0.4406890869140625
597,630,2021年10月29日13时30分00秒,8.469628320464837,73.74219512939453,45.81871383573753,65.7171239624704,2.203452110290528,-0.4406890869140625
598,631,2021年10月29日13时30分20秒,8.199895212192361,73.30150604248047,45.42597979800303,65.32439332429476,2.203452110290528,-0.58758544921875
599,632,2021年10月29日13时30分40秒,2.643387121353513,72.71392059326172,45.42597979800303,64.80075247339391,0.7344840168952942,-0.44069671630859375
600,633,2021年10月29日13时31分00秒,0.0,72.27322387695312,45.42597979800303,64.40801503610055,0.0,-0.44068145751953125
601,634,2021年10月29日13时31分20秒,2.4995293974537702,71.8325424194336,45.164159372552604,64.01529119704264,0.7344840168952942,-0.5875930786132812
602,635,2021年10月29日13时31分40秒,2.427600535503899,71.24494934082031,45.03324915982739,63.49164354702407,0.7344840168952942,-0.4406890869140625
603,636,2021年10月29日13时32分00秒,7.013068169899272,70.80426025390625,45.164159372552604,63.09891290884843,2.203452110290528,-0.58758544921875
604,637,2021年10月29日13时32分20秒,0.0,70.2166748046875,44.77142873437697,62.575272057947586,0.0,-0.1468963623046875
605,638,2021年10月29日13时32分40秒,6.689388019697164,70.06977844238281,44.77142873437697,62.444361845222375,2.203452110290528,-0.7344894409179688
606,639,2021年10月29日13时33分00秒,0.0,69.33528900146484,44.80217585349601,61.83223860020462,0.0,-0.58758544921875
607,640,2021年10月29日13时33分20秒,10.519602482497929,68.7477035522461,44.50960490936768,61.26616313157774,3.672420263290405,-0.4406890869140625
608,641,2021年10月29日13时33分40秒,6.311761352909344,68.30701446533203,43.88517163743791,60.91523778604005,2.203452110290528,-0.4406890869140625
609,642,2021年10月29日13时34分00秒,6.095974761222579,67.86632537841797,43.88517163743791,60.52223743711238,2.203452110290528,-0.58758544921875
610,643,2021年10月29日13时34分20秒,0.0,67.27873992919922,43.85505384574162,59.957061004325624,0.0,-0.44069671630859375
611,644,2021年10月29日13时34分40秒,1.9420804984489735,66.83804321289062,43.88517163743791,59.60522981916074,0.7344840168952942,-0.4406890869140625
612,645,2021年10月29日13时35分00秒,9.620491226559293,66.39735412597656,43.7241436330164,59.171592928856626,3.672420263290405,-0.58758544921875
613,646,2021年10月29日13时35分20秒,5.556508019333706,65.80976867675781,43.2004993825567,58.64795207795578,2.203452110290528,-0.1468963623046875
614,647,2021年10月29日13时35分40秒,5.502561502747995,65.66287231445312,43.23016765399825,58.55722888868695,2.203452110290528,-0.7344894409179688
615,648,2021年10月29日13时36分00秒,1.7982225994345953,64.92838287353516,43.23016765399825,57.90222150335376,0.7344840168952942,-0.58758544921875
616,649,2021年10月29日13时36分20秒,1.8341871179668487,64.3407974243164,43.06958916983149,57.338843151585934,0.7344840168952942,-0.1468963623046875
617,650,2021年10月29日13时36分40秒,1.7622582560169773,64.19390106201172,42.807768744381065,57.20793293886072,0.7344840168952942,-0.7344818115234375
618,651,2021年10月29日13时37分00秒,1.744275909193533,63.45941925048828,42.54594831893064,56.55338187523466,0.7344840168952942,-0.2937965393066406
619,652,2021年10月29日13时37分20秒,0.0,63.16562271118164,42.54594831893064,56.291558050225376,0.0,-0.44068527221678977
620,653,2021年10月29日13时37分40秒,5.017040752100912,62.72493743896485,42.182163321630924,55.93721975871541,2.203452110290528,-0.5875854492187571
621,654,2021年10月29日13时38分00秒,4.963094235515201,62.137351989746094,41.920163089012476,55.413219293478505,2.203452110290528,-0.14690017700195312
622,655,2021年10月29日13时38分20秒,8.092002179020938,61.99045181274414,41.920163089012476,55.282215775275745,3.672420263290405,-0.5875892639160156
623,656,2021年10月29日13时38分40秒,4.85520120234378,61.402862548828125,41.78916297270325,54.75821190814531,2.203452110290528,-0.4406890869140625
624,657,2021年10月29日13时39分00秒,1.6184003570025995,60.96217346191406,41.49866321757008,54.327901459788336,0.7344840168952942,-0.293792724609375
625,658,2021年10月29日13时39分20秒,4.693361127242725,60.66838073730469,41.23684279211966,54.06608103433791,2.203452110290528,-0.4406929016113281
626,659,2021年10月29日13时39分40秒,4.693361127242725,60.22768783569336,41.00315887295437,53.710207575777986,2.203452110290528,-0.2937889099121094
627,660,2021年10月29日13时40分00秒,4.693361127242725,59.93389892578125,41.00315887295437,53.448210745053075,2.203452110290528,-0.4406929016113281
628,661,2021年10月29日13时40分20秒,4.47757453555596,59.49320602416992,40.87215875664515,53.05520699423187,2.203452110290528,-0.2937965393066406
629,662,2021年10月29日13时40分40秒,1.4925248048116657,59.19940948486328,40.18955769075911,52.75697210796807,0.7344840168952942,-0.440685272216804
630,663,2021年10月29日13时41分00秒,1.4925248048116657,58.75872421264648,40.348158291408254,52.40020641268574,0.7344840168952942,-0.2937965393066406
631,664,2021年10月29日13时41分20秒,1.4925248048116657,58.46492767333984,40.21715817509904,52.138202778173756,0.7344840168952942,-0.4406929016113139
632,665,2021年10月29日13时41分40秒,4.47757453555596,58.02423477172852,39.6931543079686,51.74519902735256,2.203452110290528,-0.2937889099121165
633,666,2021年10月29日13时42分00秒,4.423627493626328,57.730445861816406,39.6931543079686,51.483202196627644,2.203452110290528,-0.4406929016113281
634,667,2021年10月29日13时42分20秒,1.4385781145706031,57.28975296020508,39.6931543079686,51.090198445806436,0.7344840168952942,-0.2937889099121094
635,668,2021年10月29日13时42分40秒,4.315734460454905,56.99596405029297,39.30015395904093,50.828201615081525,2.203452110290528,-0.2937965393066406
636,669,2021年10月29日13时43分00秒,6.92315745874339,56.70216751098633,39.30015395904093,50.56619798056954,3.672420263290405,-0.4406929016113281
637,670,2021年10月29日13时43分20秒,6.743335295112983,56.261474609375,39.011358977114476,50.138761054346105,3.672420263290405,-0.4406890869140625
638,671,2021年10月29日13时43分40秒,1.4026136835956675,55.82078552246094,38.90715361011325,49.78019388082066,0.7344840168952942,-0.293792724609375
639,672,2021年10月29日13时44分00秒,1.4026136835956675,55.52699279785156,38.90715361011325,49.518193648202214,0.7344840168952942,-0.2937965393066406
640,673,2021年10月29日13时44分20秒,4.153894385353852,55.23319625854492,38.61862833893883,49.22238616571076,2.203452110290528,-0.4406852722167969
641,674,2021年10月29日13时44分40秒,1.3846314243295412,54.792510986328125,38.2521496266736,48.863193066656095,0.7344840168952942,-0.2937965393066335
642,675,2021年10月29日13时45分00秒,1.3486669933546052,54.49871444702149,38.38314974298282,48.60118943214412,0.7344840168952942,-0.4406929016113281
643,676,2021年10月29日13时45分20秒,0.0,54.05802154541016,38.2258977007632,48.17510106435021,0.0,0.0
644,677,2021年10月29日13时45分40秒,0.0,54.05802154541016,37.99014939405515,48.20818568132291,0.0,-0.440685272216804
645,678,2021年10月29日13时46分00秒,4.046001089510469,53.61733627319336,37.728149161436704,47.81518873428877,2.203452110290528,-0.2937965393066406
646,679,2021年10月29日13时46分20秒,0.0,53.32353973388672,37.728149161436704,47.55318509977678,0.0,-0.293792724609375
647,680,2021年10月29日13时46分40秒,0.0,53.029747009277344,37.335145410615496,47.291184867158336,0.0,-0.14690017700195312
648,681,2021年10月29日13时47分00秒,6.473601830774071,52.88284683227539,37.335145410615496,47.160181348955575,3.672420263290405,-0.58758544921875
649,682,2021年10月29日13时47分20秒,3.938107793667087,52.29526138305664,37.07314177610351,46.63618088371868,2.203452110290528,0.0
650,683,2021年10月29日13时47分40秒,6.473601830774071,52.29526138305664,37.07314177610351,46.63618088371868,3.672420263290405,-0.4406929016113281
651,684,2021年10月29日13时48分00秒,3.7762677185660327,51.85456848144531,36.992855775391945,46.30665543153009,2.203452110290528,-0.2937889099121094
652,685,2021年10月29日13时48分20秒,6.293779667143665,51.5607795715332,36.942145061687825,45.98118030217256,3.672420263290405,-0.1468963623046804
653,686,2021年10月29日13时48分40秒,1.2587558721386072,51.41388320922852,36.41814119455739,45.850180185863344,0.7344840168952942,-0.2937965393066406
654,687,2021年10月29日13时49分00秒,3.6683738973787294,51.12008666992188,36.41814119455739,45.58817655135136,2.203452110290528,-0.2937889099121165
655,688,2021年10月29日13时49分20秒,3.6683738973787294,50.826297760009766,36.41814119455739,45.32617972062644,2.203452110290528,-0.14690017700195312
656,689,2021年10月29日13时49分40秒,3.7762677185660327,50.67939758300781,36.02514084562972,45.19517620242368,2.203452110290528,-0.293792724609375
657,690,2021年10月29日13时50分00秒,3.6683738973787294,50.38560485839844,36.02514084562972,44.933175969805234,2.203452110290528,-0.58758544921875
658,691,2021年10月29日13时50分20秒,6.11395662794004,49.79801940917969,36.02514084562972,44.40917550456834,3.672420263290405,0.0
659,692,2021年10月29日13时50分40秒,3.614427380793018,49.79801940917969,35.763140613011274,44.40917550456834,2.203452110290528,-0.1468963623046875
660,693,2021年10月29日13时51分00秒,6.024045765018142,49.651123046875,35.54986961139002,44.338956316700205,3.672420263290405,-0.2937965393066406
661,694,2021年10月29日13时51分20秒,3.6683738973787294,49.35732650756836,35.54986961139002,44.07659302815955,2.203452110290528,-0.2937927246093821
662,695,2021年10月29日13时51分40秒,1.204809094340227,49.06353378295898,35.108136629571625,43.754171521128676,0.7344840168952942,-0.4406890869140554
663,696,2021年10月29日13时52分00秒,3.506534084949636,48.62284469604492,34.84613639695317,43.36117117220101,2.203452110290528,0.0
664,697,2021年10月29日13时52分20秒,3.6683738973787294,48.62284469604492,34.71513628064395,43.36117117220101,2.203452110290528,-0.2937965393066406
665,698,2021年10月29日13时52分40秒,3.506534084949636,48.32904815673828,34.71513628064395,43.09916753768903,2.203452110290528,-0.4406929016113281
666,699,2021年10月29日13时53分00秒,1.204809094340227,47.88835525512695,34.71513628064395,42.70616378686782,0.7344840168952942,0.0
667,700,2021年10月29日13时53分20秒,0.0,47.88835525512695,34.71513628064395,42.70616378686782,0.0,-0.29378890991210227
668,701,2021年10月29日13时53分40秒,1.204809094340227,47.59456634521485,34.19113581540705,42.444166956142915,0.7344840168952942,-0.1468963623046875
669,702,2021年10月29日13时54分00秒,1.204809094340227,47.44766998291016,34.45313264613196,42.31316683983369,0.7344840168952942,-0.2937965393066406
670,703,2021年10月29日13时54分20秒,1.1688446633652916,47.15387344360352,34.06013229720429,42.05116320532171,0.7344840168952942,-0.2937927246093821
671,704,2021年10月29日13时54分40秒,1.1688446633652916,46.86008071899414,33.79813206458584,41.78916297270325,0.7344840168952942,-0.14690017700195312
672,705,2021年10月29日13时55分00秒,1.1688446633652916,46.71318054199219,34.10688685395144,41.71534387067368,0.7344840168952942,0.0
673,706,2021年10月29日13时55分20秒,5.664401437757333,46.71318054199219,33.582163683433464,41.71534387067368,3.672420263290405,-0.58758544921875
674,707,2021年10月29日13时55分40秒,0.0,46.12559509277344,33.84452697197412,41.19062410671904,0.0,0.0
675,708,2021年10月29日13时56分00秒,5.664401437757333,46.12559509277344,33.582163683433464,41.19062410671904,3.672420263290405,-0.1468963623046875
676,709,2021年10月29日13时56分20秒,3.3986407891062536,45.97869873046875,33.45098714900814,41.05944416573038,2.203452110290528,0.0
677,710,2021年10月29日13时56分40秒,3.3986407891062536,45.97869873046875,33.582163683433464,41.05944416573038,2.203452110290528,-0.58758544921875
678,711,2021年10月29日13时57分00秒,5.664401437757333,45.39111328125,33.582163683433464,40.53472440177575,3.672420263290405,0.0
679,712,2021年10月29日13时57分20秒,1.132880232390356,45.39111328125,33.40513171565817,40.47915840771748,0.7344840168952942,-0.1468963623046875
680,713,2021年10月29日13时57分40秒,3.344694009848582,45.24421691894531,33.40513171565817,40.348158291408254,2.203452110290528,-0.2937965393066406
681,714,2021年10月29日13时58分00秒,3.344694009848582,44.95042037963867,33.45098714900814,40.141181172246434,2.203452110290528,-0.2937889099121094
682,715,2021年10月29日13时58分20秒,0.0,44.65663146972656,33.45098714900814,39.87882469683245,0.0,-0.14690017700195312
683,716,2021年10月29日13时58分40秒,0.0,44.50973129272461,33.18862386046749,39.74764134928046,0.0,0.0
684,717,2021年10月29日13时59分00秒,3.344694009848582,44.50973129272461,33.45098714900814,39.74764134928046,2.203452110290528,-0.5875892639160156
685,718,2021年10月29日13时59分20秒,0.0,43.922142028808594,32.92626397849018,39.222918178762484,0.0,-0.1468963623046804
686,719,2021年10月29日13时59分40秒,1.132880232390356,43.77524566650391,33.18862386046749,39.09173823777383,0.7344840168952942,0.0
687,720,2021年10月29日14时00分00秒,1.1148979731242292,43.77524566650391,33.18862386046749,39.09173823777383,0.7344840168952942,0.0
688,721,2021年10月29日14时00分20秒,5.394667973418421,43.77524566650391,33.18862386046749,39.09173823777383,3.672420263290405,-0.2937889099121165
689,722,2021年10月29日14时00分40秒,1.1148979731242292,43.4814567565918,32.92626397849018,38.829381762359844,0.7344840168952942,-0.2937965393066335
690,723,2021年10月29日14时01分00秒,3.236800714005199,43.18766021728516,33.14312808114619,38.514149859292054,2.203452110290528,0.0
691,724,2021年10月29日14时01分20秒,1.1148979731242292,43.18766021728516,32.92626397849018,38.567018473819196,0.7344840168952942,-0.1468963623046946
692,725,2021年10月29日14时01分40秒,5.214845809788016,43.04076385498047,33.18862386046749,38.43583853283053,3.672420263290405,-0.2937965393066406
693,726,2021年10月29日14时02分00秒,1.0789335421492936,42.74696731567383,32.92626397849018,38.173475244289875,0.7344840168952942,-0.2937889099121094
694,727,2021年10月29日14时02分20秒,5.394667973418421,42.45317840576172,33.14312808114619,37.85914927774593,3.672420263290405,0.0
695,728,2021年10月29日14时02分40秒,1.0789335421492936,42.45317840576172,32.92626397849018,37.911118768875895,0.7344840168952942,-0.1468963623046875
696,729,2021年10月29日14时03分00秒,0.0,42.30628204345703,33.14312808114619,37.728149161436704,0.0,-0.2937965393066406
697,730,2021年10月29日14时03分20秒,3.236800714005199,42.01248550415039,33.14312808114619,37.46614552692472,2.203452110290528,0.0
698,731,2021年10月29日14时03分40秒,5.214845809788016,42.01248550415039,32.88112784852775,37.46614552692472,3.672420263290405,-0.293792724609375
699,732,2021年10月29日14时04分00秒,3.236800714005199,41.718692779541016,32.88112784852775,37.20414529430627,2.203452110290528,-0.14690017700195312
700,733,2021年10月29日14时04分20秒,5.214845809788016,41.57179260253906,32.92626397849018,37.12403230981727,3.672420263290405,0.0
701,734,2021年10月29日14时04分40秒,3.1289074181618166,41.57179260253906,32.79508403750151,37.12403230981727,2.203452110290528,0.0
702,735,2021年10月29日14时05分00秒,3.236800714005199,41.57179260253906,0.0,0.0,2.203452110290528,
