,Unnamed: 0.1,Unnamed: 0,CurrentDensity,StepDirection,error
51,51,51,3650,down,-0.005143404006958
52,52,52,3650,down,-0.005143404006958
53,53,53,3650,down,-0.005143404006958
54,54,54,3650,down,-0.005143404006958
55,55,55,3650,down,-0.0058983564376831
56,56,56,3650,down,-0.0058983564376831
57,57,57,3650,down,-0.0058983564376831
58,58,58,3650,down,-0.0058983564376831
59,59,59,3650,down,-0.0058983564376831
60,60,60,3650,down,-0.0105525255203247
61,61,61,3650,down,-0.0105525255203247
62,62,62,3650,down,-0.0105525255203247
63,63,63,3650,down,-0.0105525255203247
64,64,64,3650,down,-0.0105525255203247
65,65,65,3650,down,-0.0050041675567626
66,66,66,3650,down,-0.0050041675567626
67,67,67,3650,down,-0.0050041675567626
68,68,68,3650,down,-0.0050041675567626
69,69,69,3650,down,-0.0050041675567626
70,70,70,3650,down,-0.002286672592163
71,71,71,3650,down,-0.002286672592163
72,72,72,3650,down,-0.002286672592163
73,73,73,3650,down,-0.002286672592163
74,74,74,3650,down,-0.002286672592163
75,75,75,3650,down,-0.0038244724273681
76,76,76,3650,down,-0.0038244724273681
77,77,77,3650,down,-0.0038244724273681
78,78,78,3650,down,-0.0038244724273681
79,79,79,3650,down,-0.0038244724273681
80,80,80,3650,down,-0.0054515600204467
81,81,81,3650,down,-0.0054515600204467
82,82,82,3650,down,-0.0054515600204467
83,83,83,3650,down,-0.0054515600204467
84,84,84,3650,down,-0.0054515600204467
85,85,85,3650,down,-0.0053424835205078
86,86,86,3650,down,-0.0053424835205078
87,87,87,3650,down,-0.0053424835205078
88,88,88,3650,down,-0.0053424835205078
89,89,89,3650,down,-0.0053424835205078
90,90,90,3650,down,-0.0062674283981323
91,91,91,3650,down,-0.0062674283981323
92,92,92,3650,down,-0.0062674283981323
93,93,93,3650,down,-0.0062674283981323
94,94,94,3650,down,-0.0062674283981323
95,95,95,3650,down,-0.0033622980117797
96,96,96,3650,down,-0.0033622980117797
97,97,97,3650,down,-0.0033622980117797
98,98,98,3650,down,-0.0033622980117797
99,99,99,3650,down,-0.0033622980117797
100,100,100,3650,down,-0.004134178161621
101,101,101,3650,down,-0.004134178161621
102,102,102,3300,down,-0.0068833827972412
103,103,103,3300,down,-0.0068833827972412
104,104,104,3300,down,-0.0068833827972412
105,105,105,3300,down,-0.0069844722747802
106,106,106,3300,down,-0.0069844722747802
107,107,107,3300,down,-0.0069844722747802
108,108,108,3300,down,-0.0069844722747802
109,109,109,3300,down,-0.0069844722747802
110,110,110,3300,down,-0.0069844722747802
111,111,111,3300,down,-0.0069844722747802
112,112,112,3300,down,-0.0069844722747802
113,113,113,3300,down,-0.0069844722747802
114,114,114,3300,down,-0.0069844722747802
115,115,115,3300,down,-0.006163477897644
116,116,116,3300,down,-0.006163477897644
117,117,117,3300,down,-0.006163477897644
118,118,118,3300,down,-0.006163477897644
119,119,119,3300,down,-0.006163477897644
120,120,120,3300,down,-0.0070585012435913
121,121,121,3300,down,-0.0070585012435913
122,122,122,3300,down,-0.0070585012435913
123,123,123,3300,down,-0.0070585012435913
124,124,124,3300,down,-0.0070585012435913
125,125,125,3300,down,-0.0041947364807128
126,126,126,3300,down,-0.0041947364807128
127,127,127,3300,down,-0.0041947364807128
128,128,128,3300,down,-0.0041947364807128
129,129,129,3300,down,-0.0041947364807128
130,130,130,3300,down,-0.0040295124053955
131,131,131,3300,down,-0.0040295124053955
132,132,132,3300,down,-0.0040295124053955
133,133,133,3300,down,-0.0040295124053955
134,134,134,3300,down,-0.0040295124053955
135,135,135,3300,down,-0.0035648345947265
136,136,136,3300,down,-0.0035648345947265
137,137,137,3300,down,-0.0035648345947265
138,138,138,3300,down,-0.0035648345947265
139,139,139,3300,down,-0.0035648345947265
140,140,140,3300,down,-0.0041584968566894
141,141,141,3300,down,-0.0041584968566894
142,142,142,3300,down,-0.0041584968566894
143,143,143,3300,down,-0.0041584968566894
144,144,144,3300,down,-0.0041584968566894
145,145,145,3300,down,-0.0073940753936767
146,146,146,3300,down,-0.0073940753936767
147,147,147,3300,down,-0.0073940753936767
148,148,148,3300,down,-0.0073940753936767
149,149,149,3300,down,-0.0073940753936767
150,150,150,3300,down,-0.0073370933532714
151,151,151,3300,down,-0.0073370933532714
152,152,152,3300,down,-0.0073370933532714
153,153,153,2950,down,-0.0107508897781372
154,154,154,2950,down,-0.0091408491134643
155,155,155,2950,down,-0.0091408491134643
156,156,156,2950,down,-0.0091408491134643
157,157,157,2950,down,-0.0091408491134643
158,158,158,2950,down,-0.0091408491134643
159,159,159,2950,down,-0.0091408491134643
160,160,160,2950,down,-0.0091408491134643
161,161,161,2950,down,-0.0102652311325073
162,162,162,2950,down,-0.0102652311325073
163,163,163,2950,down,-0.0102652311325073
164,164,164,2950,down,-0.0102652311325073
165,165,165,2950,down,-0.0102652311325073
166,166,166,2950,down,-0.0102652311325073
167,167,167,2950,down,-0.0102652311325073
168,168,168,2950,down,-0.0102652311325073
169,169,169,2950,down,-0.0102652311325073
170,170,170,2950,down,-0.0102652311325073
171,171,171,2950,down,-0.0095090866088867
172,172,172,2950,down,-0.0095090866088867
173,173,173,2950,down,-0.0095090866088867
174,174,174,2950,down,-0.0095090866088867
175,175,175,2950,down,-0.0095090866088867
176,176,176,2950,down,-0.0086095333099365
177,177,177,2950,down,-0.0086095333099365
178,178,178,2950,down,-0.0086095333099365
179,179,179,2950,down,-0.0086095333099365
180,180,180,2950,down,-0.0086095333099365
181,181,181,2950,down,-0.0091629028320312
182,182,182,2950,down,-0.0091629028320312
183,183,183,2950,down,-0.0091629028320312
184,184,184,2950,down,-0.0091629028320312
185,185,185,2950,down,-0.0091629028320312
186,186,186,2950,down,-0.0069607496261596
187,187,187,2950,down,-0.0069607496261596
188,188,188,2950,down,-0.0069607496261596
189,189,189,2950,down,-0.0069607496261596
190,190,190,2950,down,-0.0069607496261596
191,191,191,2950,down,-0.0124058723449707
192,192,192,2950,down,-0.0124058723449707
193,193,193,2950,down,-0.0124058723449707
194,194,194,2950,down,-0.0124058723449707
195,195,195,2950,down,-0.0124058723449707
196,196,196,2950,down,-0.0082024335861206
197,197,197,2950,down,-0.0082024335861206
198,198,198,2950,down,-0.0082024335861206
199,199,199,2950,down,-0.0082024335861206
200,200,200,2950,down,-0.0082024335861206
201,201,201,2950,down,-0.0114234685897827
202,202,202,2950,down,-0.0114234685897827
203,203,203,2950,down,-0.0114234685897827
204,204,204,2600,down,-0.0167151689529418
205,205,205,2600,down,-0.0167151689529418
206,206,206,2600,down,-0.0161002874374389
207,207,207,2600,down,-0.0161002874374389
208,208,208,2600,down,-0.0161002874374389
209,209,209,2600,down,-0.0161002874374389
210,210,210,2600,down,-0.0161002874374389
211,211,211,2600,down,-0.0184289216995239
212,212,212,2600,down,-0.0184289216995239
213,213,213,2600,down,-0.0184289216995239
214,214,214,2600,down,-0.0184289216995239
215,215,215,2600,down,-0.0184289216995239
216,216,216,2600,down,-0.0148373842239379
217,217,217,2600,down,-0.0148373842239379
218,218,218,2600,down,-0.0148373842239379
219,219,219,2600,down,-0.0148373842239379
220,220,220,2600,down,-0.0148373842239379
221,221,221,2600,down,-0.016437292098999
222,222,222,2600,down,-0.016437292098999
223,223,223,2600,down,-0.016437292098999
224,224,224,2600,down,-0.016437292098999
225,225,225,2600,down,-0.016437292098999
226,226,226,2600,down,-0.014461874961853
227,227,227,2600,down,-0.014461874961853
228,228,228,2600,down,-0.014461874961853
229,229,229,2600,down,-0.014461874961853
230,230,230,2600,down,-0.014461874961853
231,231,231,2600,down,-0.013647437095642
232,232,232,2600,down,-0.013647437095642
233,233,233,2600,down,-0.013647437095642
234,234,234,2600,down,-0.013647437095642
235,235,235,2600,down,-0.013647437095642
236,236,236,2600,down,-0.0161181688308715
237,237,237,2600,down,-0.0161181688308715
238,238,238,2600,down,-0.0161181688308715
239,239,239,2600,down,-0.0161181688308715
240,240,240,2600,down,-0.0161181688308715
241,241,241,2600,down,-0.0141401290893554
242,242,242,2600,down,-0.0141401290893554
243,243,243,2600,down,-0.0141401290893554
244,244,244,2600,down,-0.0141401290893554
245,245,245,2600,down,-0.0141401290893554
246,246,246,2600,down,-0.0186754465103149
247,247,247,2600,down,-0.0186754465103149
248,248,248,2600,down,-0.0186754465103149
249,249,249,2600,down,-0.0186754465103149
250,250,250,2600,down,-0.0186754465103149
251,251,251,2600,down,-0.0169998407363891
252,252,252,2600,down,-0.0169998407363891
253,253,253,2600,down,-0.0169998407363891
254,254,254,2600,down,-0.0169998407363891
255,255,255,2250,down,-0.0213817358016967
256,256,256,2250,down,-0.0213817358016967
257,257,257,2250,down,-0.0213817358016967
258,258,258,2250,down,-0.0213817358016967
259,259,259,2250,down,-0.0213817358016967
260,260,260,2250,down,-0.0213817358016967
261,261,261,2250,down,-0.0200082063674926
262,262,262,2250,down,-0.0200082063674926
263,263,263,2250,down,-0.0200082063674926
264,264,264,2250,down,-0.0200082063674926
265,265,265,2250,down,-0.0200082063674926
266,266,266,2250,down,-0.0190417766571044
267,267,267,2250,down,-0.0190417766571044
268,268,268,2250,down,-0.0190417766571044
269,269,269,2250,down,-0.0190417766571044
270,270,270,2250,down,-0.0190417766571044
271,271,271,2250,down,-0.017503023147583
272,272,272,2250,down,-0.017503023147583
273,273,273,2250,down,-0.017503023147583
274,274,274,2250,down,-0.017503023147583
275,275,275,2250,down,-0.017503023147583
276,276,276,2250,down,-0.0186160802841186
277,277,277,2250,down,-0.0186160802841186
278,278,278,2250,down,-0.0186160802841186
279,279,279,2250,down,-0.0186160802841186
280,280,280,2250,down,-0.0186160802841186
281,281,281,2250,down,-0.0171759128570556
282,282,282,2250,down,-0.0171759128570556
283,283,283,2250,down,-0.0171759128570556
284,284,284,2250,down,-0.0171759128570556
285,285,285,2250,down,-0.0171759128570556
286,286,286,2250,down,-0.0201226472854614
287,287,287,2250,down,-0.0201226472854614
288,288,288,2250,down,-0.0201226472854614
289,289,289,2250,down,-0.0201226472854614
290,290,290,2250,down,-0.0201226472854614
291,291,291,2250,down,-0.0210071802139282
292,292,292,2250,down,-0.0210071802139282
293,293,293,2250,down,-0.0210071802139282
294,294,294,2250,down,-0.0210071802139282
295,295,295,2250,down,-0.0210071802139282
296,296,296,2250,down,-0.0183901786804199
297,297,297,2250,down,-0.0183901786804199
298,298,298,2250,down,-0.0183901786804199
299,299,299,2250,down,-0.0183901786804199
300,300,300,2250,down,-0.0183901786804199
301,301,301,2250,down,-0.0183901786804199
302,302,302,2250,down,-0.0177845954895019
303,303,303,2250,down,-0.0177845954895019
304,304,304,2250,down,-0.0177845954895019
305,305,305,2250,down,-0.0177845954895019
306,306,306,1900,down,-0.017210841178894
307,307,307,1900,down,-0.017210841178894
308,308,308,1900,down,-0.0169621706008911
309,309,309,1900,down,-0.0169621706008911
310,310,310,1900,down,-0.0169621706008911
311,311,311,1900,down,-0.0169621706008911
312,312,312,1900,down,-0.0169621706008911
313,313,313,1900,down,-0.0137690305709838
314,314,314,1900,down,-0.0137690305709838
315,315,315,1900,down,-0.0137690305709838
316,316,316,1900,down,-0.0137690305709838
317,317,317,1900,down,-0.0137690305709838
318,318,318,1900,down,-0.0151140689849853
319,319,319,1900,down,-0.0151140689849853
320,320,320,1900,down,-0.0151140689849853
321,321,321,1900,down,-0.0151140689849853
322,322,322,1900,down,-0.0151140689849853
323,323,323,1900,down,-0.0146057605743408
324,324,324,1900,down,-0.0146057605743408
325,325,325,1900,down,-0.0146057605743408
326,326,326,1900,down,-0.0146057605743408
327,327,327,1900,down,-0.0146057605743408
328,328,328,1900,down,-0.0170909166336059
329,329,329,1900,down,-0.0170909166336059
330,330,330,1900,down,-0.0170909166336059
331,331,331,1900,down,-0.0170909166336059
332,332,332,1900,down,-0.0170909166336059
333,333,333,1900,down,-0.0148367881774902
334,334,334,1900,down,-0.0148367881774902
335,335,335,1900,down,-0.0148367881774902
336,336,336,1900,down,-0.0148367881774902
337,337,337,1900,down,-0.0148367881774902
338,338,338,1900,down,-0.0144133567810058
339,339,339,1900,down,-0.0144133567810058
340,340,340,1900,down,-0.0144133567810058
341,341,341,1900,down,-0.0144133567810058
342,342,342,1900,down,-0.0144133567810058
343,343,343,1900,down,-0.0129776000976562
344,344,344,1900,down,-0.0129776000976562
345,345,345,1900,down,-0.0129776000976562
346,346,346,1900,down,-0.0129776000976562
347,347,347,1900,down,-0.0129776000976562
348,348,348,1900,down,-0.0129776000976562
349,349,349,1900,down,-0.017485499382019
350,350,350,1900,down,-0.017485499382019
351,351,351,1900,down,-0.017485499382019
352,352,352,1900,down,-0.017485499382019
353,353,353,1900,down,-0.017485499382019
354,354,354,1900,down,-0.0136979818344116
355,355,355,1900,down,-0.0136979818344116
356,356,356,1900,down,-0.0136979818344116
357,357,357,1550,down,-0.0145974159240722
358,358,358,1550,down,-0.0145974159240722
359,359,359,1550,down,-0.0145974159240722
360,360,360,1550,down,-0.0145974159240722
361,361,361,1550,down,-0.0145974159240722
362,362,362,1550,down,-0.0139596462249755
363,363,363,1550,down,-0.0139596462249755
364,364,364,1550,down,-0.0139596462249755
365,365,365,1550,down,-0.0139596462249755
366,366,366,1550,down,-0.0139596462249755
367,367,367,1550,down,-0.0137077569961547
368,368,368,1550,down,-0.0137077569961547
369,369,369,1550,down,-0.0137077569961547
370,370,370,1550,down,-0.0137077569961547
371,371,371,1550,down,-0.0137077569961547
372,372,372,1550,down,-0.0144448280334472
373,373,373,1550,down,-0.0144448280334472
374,374,374,1550,down,-0.0144448280334472
375,375,375,1550,down,-0.0144448280334472
376,376,376,1550,down,-0.0144448280334472
377,377,377,1550,down,-0.0137457847595214
378,378,378,1550,down,-0.0137457847595214
379,379,379,1550,down,-0.0137457847595214
380,380,380,1550,down,-0.0137457847595214
381,381,381,1550,down,-0.0137457847595214
382,382,382,1550,down,-0.0137457847595214
383,383,383,1550,down,-0.0125989913940429
384,384,384,1550,down,-0.0125989913940429
385,385,385,1550,down,-0.0125989913940429
386,386,386,1550,down,-0.0125989913940429
387,387,387,1550,down,-0.0125989913940429
388,388,388,1550,down,-0.0113700628280639
389,389,389,1550,down,-0.0113700628280639
390,390,390,1550,down,-0.0113700628280639
391,391,391,1550,down,-0.0113700628280639
392,392,392,1550,down,-0.0113700628280639
393,393,393,1550,down,-0.0108797550201416
394,394,394,1550,down,-0.0108797550201416
395,395,395,1550,down,-0.0108797550201416
396,396,396,1550,down,-0.0108797550201416
397,397,397,1550,down,-0.0108797550201416
398,398,398,1550,down,-0.0132415294647216
399,399,399,1550,down,-0.0132415294647216
400,400,400,1550,down,-0.0132415294647216
401,401,401,1550,down,-0.0132415294647216
402,402,402,1550,down,-0.0132415294647216
403,403,403,1550,down,-0.013141393661499
404,404,404,1550,down,-0.013141393661499
405,405,405,1550,down,-0.013141393661499
406,406,406,1550,down,-0.013141393661499
407,407,407,1550,down,-0.013141393661499
408,408,408,1150,down,-0.0138580799102783
409,409,409,1150,down,-0.0121294260025024
410,410,410,1150,down,-0.0121294260025024
411,411,411,1150,down,-0.0121294260025024
412,412,412,1150,down,-0.0121294260025024
413,413,413,1150,down,-0.0121294260025024
414,414,414,1150,down,-0.0138498544692993
415,415,415,1150,down,-0.0138498544692993
416,416,416,1150,down,-0.0138498544692993
417,417,417,1150,down,-0.0138498544692993
418,418,418,1150,down,-0.0138498544692993
419,419,419,1150,down,-0.0160391330718994
420,420,420,1150,down,-0.0160391330718994
421,421,421,1150,down,-0.0160391330718994
422,422,422,1150,down,-0.0160391330718994
423,423,423,1150,down,-0.0160391330718994
424,424,424,1150,down,-0.0129662752151489
425,425,425,1150,down,-0.0129662752151489
426,426,426,1150,down,-0.0129662752151489
427,427,427,1150,down,-0.0129662752151489
428,428,428,1150,down,-0.0129662752151489
429,429,429,1150,down,-0.0145988464355468
430,430,430,1150,down,-0.0145988464355468
431,431,431,1150,down,-0.0145988464355468
432,432,432,1150,down,-0.0145988464355468
433,433,433,1150,down,-0.0145988464355468
434,434,434,1150,down,-0.0139517784118652
435,435,435,1150,down,-0.0139517784118652
436,436,436,1150,down,-0.0139517784118652
437,437,437,1150,down,-0.0139517784118652
438,438,438,1150,down,-0.0139517784118652
439,439,439,1150,down,-0.0147186517715454
440,440,440,1150,down,-0.0147186517715454
441,441,441,1150,down,-0.0147186517715454
442,442,442,1150,down,-0.0147186517715454
443,443,443,1150,down,-0.0147186517715454
444,444,444,1150,down,-0.0144511461257934
445,445,445,1150,down,-0.0144511461257934
446,446,446,1150,down,-0.0144511461257934
447,447,447,1150,down,-0.0144511461257934
448,448,448,1150,down,-0.0144511461257934
449,449,449,1150,down,-0.0118383169174194
450,450,450,1150,down,-0.0118383169174194
451,451,451,1150,down,-0.0118383169174194
452,452,452,1150,down,-0.0118383169174194
453,453,453,1150,down,-0.0118383169174194
454,454,454,1150,down,-0.0137640237808227
455,455,455,1150,down,-0.0137640237808227
456,456,456,1150,down,-0.0137640237808227
457,457,457,1150,down,-0.0137640237808227
458,458,458,1150,down,-0.0137640237808227
459,459,459,950,down,-0.0145602226257324
460,460,460,950,down,-0.0147075653076171
461,461,461,950,down,-0.0147075653076171
462,462,462,950,down,-0.0147075653076171
463,463,463,950,down,-0.0147075653076171
464,464,464,950,down,-0.0147075653076171
465,465,465,950,down,-0.013791799545288
466,466,466,950,down,-0.013791799545288
467,467,467,950,down,-0.013791799545288
468,468,468,950,down,-0.013791799545288
469,469,469,950,down,-0.013791799545288
470,470,470,950,down,-0.016573429107666
471,471,471,950,down,-0.016573429107666
472,472,472,950,down,-0.016573429107666
473,473,473,950,down,-0.016573429107666
474,474,474,950,down,-0.016573429107666
475,475,475,950,down,-0.0154346227645874
476,476,476,950,down,-0.0154346227645874
477,477,477,950,down,-0.0154346227645874
478,478,478,950,down,-0.0154346227645874
479,479,479,950,down,-0.0154346227645874
480,480,480,950,down,-0.0163066387176513
481,481,481,950,down,-0.0163066387176513
482,482,482,950,down,-0.0163066387176513
483,483,483,950,down,-0.0163066387176513
484,484,484,950,down,-0.0163066387176513
485,485,485,950,down,-0.0145463943481445
486,486,486,950,down,-0.0145463943481445
487,487,487,950,down,-0.0145463943481445
488,488,488,950,down,-0.0145463943481445
489,489,489,950,down,-0.0145463943481445
490,490,490,950,down,-0.0167311429977417
491,491,491,950,down,-0.0167311429977417
492,492,492,950,down,-0.0167311429977417
493,493,493,950,down,-0.0167311429977417
494,494,494,950,down,-0.0167311429977417
495,495,495,950,down,-0.0110865831375122
496,496,496,950,down,-0.0110865831375122
497,497,497,950,down,-0.0110865831375122
498,498,498,950,down,-0.0110865831375122
499,499,499,950,down,-0.0110865831375122
500,500,500,950,down,-0.0119391679763793
501,501,501,950,down,-0.0119391679763793
502,502,502,950,down,-0.0119391679763793
503,503,503,950,down,-0.0119391679763793
504,504,504,950,down,-0.0119391679763793
505,505,505,950,down,-0.0122458934783935
506,506,506,950,down,-0.0122458934783935
507,507,507,950,down,-0.0122458934783935
508,508,508,950,down,-0.0122458934783935
509,509,509,950,down,-0.0122458934783935
561,561,51,3650,down,0.0016063451766967
562,562,52,3650,down,0.0039985179901123
563,563,53,3650,down,0.0039985179901123
564,564,54,3650,down,0.0039985179901123
565,565,55,3650,down,0.0039985179901123
566,566,56,3650,down,0.0039985179901123
567,567,57,3650,down,0.0039985179901123
568,568,58,3650,down,0.0039985179901123
569,569,59,3650,down,0.0039985179901123
570,570,60,3650,down,0.0071574449539184
571,571,61,3650,down,0.0071574449539184
572,572,62,3650,down,0.0071574449539184
573,573,63,3650,down,0.0071574449539184
574,574,64,3650,down,0.0071574449539184
575,575,65,3650,down,0.0057923793792724
576,576,66,3650,down,0.0057923793792724
577,577,67,3650,down,0.0057923793792724
578,578,68,3650,down,0.0057923793792724
579,579,69,3650,down,0.0057923793792724
580,580,70,3650,down,0.0045468807220458
581,581,71,3650,down,0.0045468807220458
582,582,72,3650,down,0.0045468807220458
583,583,73,3650,down,0.0045468807220458
584,584,74,3650,down,0.0045468807220458
585,585,75,3650,down,0.0058631896972656
586,586,76,3650,down,0.0058631896972656
587,587,77,3650,down,0.0058631896972656
588,588,78,3650,down,0.0058631896972656
589,589,79,3650,down,0.0058631896972656
590,590,80,3650,down,0.0058631896972656
591,591,81,3650,down,0.0058631896972656
592,592,82,3650,down,0.0058631896972656
593,593,83,3650,down,0.0058631896972656
594,594,84,3650,down,0.0058631896972656
595,595,85,3650,down,0.0053391456604003
596,596,86,3650,down,0.0053391456604003
597,597,87,3650,down,0.0053391456604003
598,598,88,3650,down,0.0053391456604003
599,599,89,3650,down,0.0053391456604003
600,600,90,3650,down,0.0027071237564086
601,601,91,3650,down,0.0027071237564086
602,602,92,3650,down,0.0027071237564086
603,603,93,3650,down,0.0027071237564086
604,604,94,3650,down,0.0027071237564086
605,605,95,3650,down,0.0069776773452758
606,606,96,3650,down,0.0069776773452758
607,607,97,3650,down,0.0069776773452758
608,608,98,3650,down,0.0069776773452758
609,609,99,3650,down,0.0069776773452758
610,610,100,3650,down,0.005878210067749
611,611,101,3650,down,0.005878210067749
612,612,102,3300,down,0.0074405670166015
613,613,103,3300,down,0.0074405670166015
614,614,104,3300,down,0.0085915327072143
615,615,105,3300,down,0.0085915327072143
616,616,106,3300,down,0.0085915327072143
617,617,107,3300,down,0.0085915327072143
618,618,108,3300,down,0.0085915327072143
619,619,109,3300,down,0.0094571113586425
620,620,110,3300,down,0.0094571113586425
621,621,111,3300,down,0.0094571113586425
622,622,112,3300,down,0.0094571113586425
623,623,113,3300,down,0.0094571113586425
624,624,114,3300,down,0.0082436800003051
625,625,115,3300,down,0.0082436800003051
626,626,116,3300,down,0.0082436800003051
627,627,117,3300,down,0.0082436800003051
628,628,118,3300,down,0.0082436800003051
629,629,119,3300,down,0.0069761276245117
630,630,120,3300,down,0.0069761276245117
631,631,121,3300,down,0.0069761276245117
632,632,122,3300,down,0.0069761276245117
633,633,123,3300,down,0.0069761276245117
634,634,124,3300,down,0.0069761276245117
635,635,125,3300,down,0.0069761276245117
636,636,126,3300,down,0.0075025558471679
637,637,127,3300,down,0.0075025558471679
638,638,128,3300,down,0.0075025558471679
639,639,129,3300,down,0.0075025558471679
640,640,130,3300,down,0.0075025558471679
641,641,131,3300,down,0.0087344646453857
642,642,132,3300,down,0.0087344646453857
643,643,133,3300,down,0.0087344646453857
644,644,134,3300,down,0.0087344646453857
645,645,135,3300,down,0.0087344646453857
646,646,136,3300,down,0.0069459676742553
647,647,137,3300,down,0.0069459676742553
648,648,138,3300,down,0.0069459676742553
649,649,139,3300,down,0.0069459676742553
650,650,140,3300,down,0.0069459676742553
651,651,141,3300,down,0.0090619325637817
652,652,142,3300,down,0.0090619325637817
653,653,143,3300,down,0.0090619325637817
654,654,144,3300,down,0.0090619325637817
655,655,145,3300,down,0.0090619325637817
656,656,146,3300,down,0.0103923082351684
657,657,147,3300,down,0.0103923082351684
658,658,148,3300,down,0.0103923082351684
659,659,149,3300,down,0.0103923082351684
660,660,150,3300,down,0.0103923082351684
661,661,151,3300,down,0.0103923082351684
662,662,152,3300,down,0.0103923082351684
663,663,153,2950,down,0.0074281692504882
664,664,154,2950,down,0.0074281692504882
665,665,155,2950,down,0.0074846744537353
666,666,156,2950,down,0.0074846744537353
667,667,157,2950,down,0.0074846744537353
668,668,158,2950,down,0.0074846744537353
669,669,159,2950,down,0.0074846744537353
670,670,160,2950,down,0.0068557262420654
671,671,161,2950,down,0.0068557262420654
672,672,162,2950,down,0.0068557262420654
673,673,163,2950,down,0.0068557262420654
674,674,164,2950,down,0.0068557262420654
675,675,165,2950,down,0.0068960189819335
676,676,166,2950,down,0.0068960189819335
677,677,167,2950,down,0.0068960189819335
678,678,168,2950,down,0.0068960189819335
679,679,169,2950,down,0.0068960189819335
680,680,170,2950,down,0.0090160369873046
681,681,171,2950,down,0.0090160369873046
682,682,172,2950,down,0.0090160369873046
683,683,173,2950,down,0.0090160369873046
684,684,174,2950,down,0.0090160369873046
685,685,175,2950,down,0.006452202796936
686,686,176,2950,down,0.006452202796936
687,687,177,2950,down,0.006452202796936
688,688,178,2950,down,0.006452202796936
689,689,179,2950,down,0.006452202796936
690,690,180,2950,down,0.0068557262420654
691,691,181,2950,down,0.0068557262420654
692,692,182,2950,down,0.0068557262420654
693,693,183,2950,down,0.0068557262420654
694,694,184,2950,down,0.0068557262420654
695,695,185,2950,down,0.0065255165100097
696,696,186,2950,down,0.0065255165100097
697,697,187,2950,down,0.0065255165100097
698,698,188,2950,down,0.0065255165100097
699,699,189,2950,down,0.0065255165100097
700,700,190,2950,down,0.0054770708084106
701,701,191,2950,down,0.0054770708084106
702,702,192,2950,down,0.0054770708084106
703,703,193,2950,down,0.0054770708084106
704,704,194,2950,down,0.0054770708084106
705,705,195,2950,down,0.0080562829971313
706,706,196,2950,down,0.0080562829971313
707,707,197,2950,down,0.0080562829971313
708,708,198,2950,down,0.0080562829971313
709,709,199,2950,down,0.0080562829971313
710,710,200,2950,down,0.0077406167984008
711,711,201,2950,down,0.0077406167984008
712,712,202,2950,down,0.0077406167984008
713,713,203,2950,down,0.0077406167984008
714,714,204,2600,down,-0.0032052993774414
715,715,205,2600,down,-0.0032052993774414
716,716,206,2600,down,-0.0032052993774414
717,717,207,2600,down,-0.0032052993774414
718,718,208,2600,down,-0.0032052993774414
719,719,209,2600,down,-0.0022039413452148
720,720,210,2600,down,-0.0022039413452148
721,721,211,2600,down,-0.0022039413452148
722,722,212,2600,down,-0.0022039413452148
723,723,213,2600,down,-0.0022039413452148
724,724,214,2600,down,-0.0014132261276245
725,725,215,2600,down,-0.0014132261276245
726,726,216,2600,down,-0.0014132261276245
727,727,217,2600,down,-0.0014132261276245
728,728,218,2600,down,-0.0014132261276245
729,729,219,2600,down,-0.0028827190399169
730,730,220,2600,down,-0.0028827190399169
731,731,221,2600,down,-0.0028827190399169
732,732,222,2600,down,-0.0028827190399169
733,733,223,2600,down,-0.0028827190399169
734,734,224,2600,down,-0.0024055242538452
735,735,225,2600,down,-0.0024055242538452
736,736,226,2600,down,-0.0024055242538452
737,737,227,2600,down,-0.0024055242538452
738,738,228,2600,down,-0.0024055242538452
739,739,229,2600,down,-0.0027170181274414
740,740,230,2600,down,-0.0027170181274414
741,741,231,2600,down,-0.0027170181274414
742,742,232,2600,down,-0.0027170181274414
743,743,233,2600,down,-0.0027170181274414
744,744,234,2600,down,-0.002602219581604
745,745,235,2600,down,-0.002602219581604
746,746,236,2600,down,-0.002602219581604
747,747,237,2600,down,-0.002602219581604
748,748,238,2600,down,-0.002602219581604
749,749,239,2600,down,-0.0030387639999389
750,750,240,2600,down,-0.0030387639999389
751,751,241,2600,down,-0.0030387639999389
752,752,242,2600,down,-0.0030387639999389
753,753,243,2600,down,-0.0030387639999389
754,754,244,2600,down,-0.0014837980270385
755,755,245,2600,down,-0.0014837980270385
756,756,246,2600,down,-0.0014837980270385
757,757,247,2600,down,-0.0014837980270385
758,758,248,2600,down,-0.0014837980270385
759,759,249,2600,down,-0.0012019872665405
760,760,250,2600,down,-0.0012019872665405
761,761,251,2600,down,-0.0012019872665405
762,762,252,2600,down,-0.0012019872665405
763,763,253,2600,down,-0.0012019872665405
764,764,254,2600,down,-0.0031237602233886
765,765,255,2250,down,-0.0072122812271118
766,766,256,2250,down,-0.0072122812271118
767,767,257,2250,down,-0.0084462165832519
768,768,258,2250,down,-0.0084462165832519
769,769,259,2250,down,-0.0084462165832519
770,770,260,2250,down,-0.0084462165832519
771,771,261,2250,down,-0.0084462165832519
772,772,262,2250,down,-0.0082380771636962
773,773,263,2250,down,-0.0082380771636962
774,774,264,2250,down,-0.0082380771636962
775,775,265,2250,down,-0.0082380771636962
776,776,266,2250,down,-0.0082380771636962
777,777,267,2250,down,-0.0079160928726196
778,778,268,2250,down,-0.0079160928726196
779,779,269,2250,down,-0.0079160928726196
780,780,270,2250,down,-0.0079160928726196
781,781,271,2250,down,-0.0079160928726196
782,782,272,2250,down,-0.0057466030120849
783,783,273,2250,down,-0.0057466030120849
784,784,274,2250,down,-0.0057466030120849
785,785,275,2250,down,-0.0057466030120849
786,786,276,2250,down,-0.0057466030120849
787,787,277,2250,down,-0.0078270435333251
788,788,278,2250,down,-0.0078270435333251
789,789,279,2250,down,-0.0078270435333251
790,790,280,2250,down,-0.0078270435333251
791,791,281,2250,down,-0.0078270435333251
792,792,282,2250,down,-0.0066750049591064
793,793,283,2250,down,-0.0066750049591064
794,794,284,2250,down,-0.0066750049591064
795,795,285,2250,down,-0.0066750049591064
796,796,286,2250,down,-0.0066750049591064
797,797,287,2250,down,-0.0058774948120117
798,798,288,2250,down,-0.0058774948120117
799,799,289,2250,down,-0.0058774948120117
800,800,290,2250,down,-0.0058774948120117
801,801,291,2250,down,-0.0058774948120117
802,802,292,2250,down,-0.0044741630554199
803,803,293,2250,down,-0.0044741630554199
804,804,294,2250,down,-0.0044741630554199
805,805,295,2250,down,-0.0044741630554199
806,806,296,2250,down,-0.0044741630554199
807,807,297,2250,down,-0.0050674676895141
808,808,298,2250,down,-0.0050674676895141
809,809,299,2250,down,-0.0050674676895141
810,810,300,2250,down,-0.0050674676895141
811,811,301,2250,down,-0.0050674676895141
812,812,302,2250,down,-0.0049042701721191
813,813,303,2250,down,-0.0049042701721191
814,814,304,2250,down,-0.0049042701721191
815,815,305,2250,down,-0.0049042701721191
816,816,306,1900,down,-0.0047577619552612
817,817,307,1900,down,-0.0047577619552612
818,818,308,1900,down,-0.0047577619552612
819,819,309,1900,down,-0.0027154684066772
820,820,310,1900,down,-0.0027154684066772
821,821,311,1900,down,-0.0027154684066772
822,822,312,1900,down,-0.0027154684066772
823,823,313,1900,down,-0.0027154684066772
824,824,314,1900,down,-0.0027154684066772
825,825,315,1900,down,-0.0027154684066772
826,826,316,1900,down,-0.0030469894409179
827,827,317,1900,down,-0.0030469894409179
828,828,318,1900,down,-0.0030469894409179
829,829,319,1900,down,-0.0030469894409179
830,830,320,1900,down,-0.0030469894409179
831,831,321,1900,down,-0.0026332139968872
832,832,322,1900,down,-0.0026332139968872
833,833,323,1900,down,-0.0026332139968872
834,834,324,1900,down,-0.0026332139968872
835,835,325,1900,down,-0.0026332139968872
836,836,326,1900,down,-0.0026332139968872
837,837,327,1900,down,-0.0026332139968872
838,838,328,1900,down,-0.0026332139968872
839,839,329,1900,down,-0.0026332139968872
840,840,330,1900,down,-0.0026332139968872
841,841,331,1900,down,-0.0013961791992187
842,842,332,1900,down,-0.0013961791992187
843,843,333,1900,down,-0.0013961791992187
844,844,334,1900,down,-0.0013961791992187
845,845,335,1900,down,-0.0013961791992187
846,846,336,1900,down,-0.0004031658172607
847,847,337,1900,down,-0.0004031658172607
848,848,338,1900,down,-0.0004031658172607
849,849,339,1900,down,-0.0004031658172607
850,850,340,1900,down,-0.0004031658172607
851,851,341,1900,down,-0.001924991607666
852,852,342,1900,down,-0.001924991607666
853,853,343,1900,down,-0.001924991607666
854,854,344,1900,down,-0.001924991607666
855,855,345,1900,down,-0.001924991607666
856,856,346,1900,down,-0.0019471645355224
857,857,347,1900,down,-0.0019471645355224
858,858,348,1900,down,-0.0019471645355224
859,859,349,1900,down,-0.0019471645355224
860,860,350,1900,down,-0.0019471645355224
861,861,351,1900,down,-0.0019115209579467
862,862,352,1900,down,-0.0019115209579467
863,863,353,1900,down,-0.0019115209579467
864,864,354,1900,down,-0.0019115209579467
865,865,355,1900,down,-0.0019115209579467
866,866,356,1900,down,0.0005627870559692
867,867,357,1550,down,-0.0041166543960571
868,868,358,1550,down,-0.0041166543960571
869,869,359,1550,down,-0.0041166543960571
870,870,360,1550,down,-0.0041166543960571
871,871,361,1550,down,-0.0041166543960571
872,872,362,1550,down,-0.0015157461166381
873,873,363,1550,down,-0.0015157461166381
874,874,364,1550,down,-0.0015157461166381
875,875,365,1550,down,-0.0015157461166381
876,876,366,1550,down,-0.0015157461166381
877,877,367,1550,down,-0.0042821168899536
878,878,368,1550,down,-0.0042821168899536
879,879,369,1550,down,-0.0042821168899536
880,880,370,1550,down,-0.0042821168899536
881,881,371,1550,down,-0.0042821168899536
882,882,372,1550,down,-0.0021413564682006
883,883,373,1550,down,-0.0021413564682006
884,884,374,1550,down,-0.0021413564682006
885,885,375,1550,down,-0.0021413564682006
886,886,376,1550,down,-0.0021413564682006
887,887,377,1550,down,-0.0021413564682006
888,888,378,1550,down,-0.0016916990280151
889,889,379,1550,down,-0.0016916990280151
890,890,380,1550,down,-0.0016916990280151
891,891,381,1550,down,-0.0016916990280151
892,892,382,1550,down,-0.0016916990280151
893,893,383,1550,down,-0.0008635520935058
894,894,384,1550,down,-0.0008635520935058
895,895,385,1550,down,-0.0008635520935058
896,896,386,1550,down,-0.0008635520935058
897,897,387,1550,down,-0.0008635520935058
898,898,388,1550,down,-0.0010005235671997
899,899,389,1550,down,-0.0010005235671997
900,900,390,1550,down,-0.0010005235671997
901,901,391,1550,down,-0.0010005235671997
902,902,392,1550,down,-0.0010005235671997
903,903,393,1550,down,-0.0015660524368286
904,904,394,1550,down,-0.0015660524368286
905,905,395,1550,down,-0.0015660524368286
906,906,396,1550,down,-0.0015660524368286
907,907,397,1550,down,-0.0015660524368286
908,908,398,1550,down,-0.0007756948471069
909,909,399,1550,down,-0.0007756948471069
910,910,400,1550,down,-0.0007756948471069
911,911,401,1550,down,-0.0007756948471069
912,912,402,1550,down,-0.0007756948471069
913,913,403,1550,down,-0.0015660524368286
914,914,404,1550,down,-0.0015660524368286
915,915,405,1550,down,-0.0015660524368286
916,916,406,1550,down,-0.0015660524368286
917,917,407,1550,down,-0.0015660524368286
918,918,408,1150,down,-0.0062216520309448
919,919,409,1150,down,-0.0062216520309448
920,920,410,1150,down,-0.0039390325546264
921,921,411,1150,down,-0.0039390325546264
922,922,412,1150,down,-0.0039390325546264
923,923,413,1150,down,-0.0039390325546264
924,924,414,1150,down,-0.0039390325546264
925,925,415,1150,down,-0.0029035806655883
926,926,416,1150,down,-0.0029035806655883
927,927,417,1150,down,-0.0029035806655883
928,928,418,1150,down,-0.0029035806655883
929,929,419,1150,down,-0.0029035806655883
930,930,420,1150,down,-0.0029035806655883
931,931,421,1150,down,-0.0029035806655883
932,932,422,1150,down,-0.0029035806655883
933,933,423,1150,down,-0.0057901144027709
934,934,424,1150,down,-0.0057901144027709
935,935,425,1150,down,-0.0057901144027709
936,936,426,1150,down,-0.0057901144027709
937,937,427,1150,down,-0.0057901144027709
938,938,428,1150,down,-0.0038231611251831
939,939,429,1150,down,-0.0038231611251831
940,940,430,1150,down,-0.0038231611251831
941,941,431,1150,down,-0.0038231611251831
942,942,432,1150,down,-0.0038231611251831
943,943,433,1150,down,-0.0044833421707153
944,944,434,1150,down,-0.0044833421707153
945,945,435,1150,down,-0.0044833421707153
946,946,436,1150,down,-0.0044833421707153
947,947,437,1150,down,-0.0044833421707153
948,948,438,1150,down,-0.0044833421707153
949,949,439,1150,down,-0.0044833421707153
950,950,440,1150,down,-0.0031688213348388
951,951,441,1150,down,-0.0031688213348388
952,952,442,1150,down,-0.0031688213348388
953,953,443,1150,down,-0.0031688213348388
954,954,444,1150,down,-0.0031688213348388
955,955,445,1150,down,-0.0060830116271972
956,956,446,1150,down,-0.0060830116271972
957,957,447,1150,down,-0.0060830116271972
958,958,448,1150,down,-0.0060830116271972
959,959,449,1150,down,-0.0060830116271972
960,960,450,1150,down,-0.0071370601654052
961,961,451,1150,down,-0.0071370601654052
962,962,452,1150,down,-0.0071370601654052
963,963,453,1150,down,-0.0071370601654052
964,964,454,1150,down,-0.0071370601654052
965,965,455,1150,down,-0.0018526315689086
966,966,456,1150,down,-0.0018526315689086
967,967,457,1150,down,-0.0018526315689086
968,968,458,1150,down,-0.0018526315689086
969,969,0,1200,up,-0.0011093616485595
970,970,1,1200,up,-0.0011093616485595
971,971,2,1200,up,-0.0011093616485595
972,972,3,1200,up,0.0018295049667358
973,973,4,1200,up,0.0018295049667358
974,974,5,1200,up,0.0018295049667358
975,975,6,1200,up,0.0018295049667358
976,976,7,1200,up,0.0018295049667358
977,977,8,1200,up,0.0016924142837524
978,978,9,1200,up,0.0016924142837524
979,979,10,1200,up,0.0016924142837524
980,980,11,1200,up,0.0016924142837524
981,981,12,1200,up,0.0016924142837524
982,982,13,1200,up,0.0035488605499267
983,983,14,1200,up,0.0035488605499267
984,984,15,1200,up,0.0035488605499267
985,985,16,1200,up,0.0035488605499267
986,986,17,1200,up,0.0035488605499267
987,987,18,1200,up,0.0023427009582519
988,988,19,1200,up,0.0023427009582519
989,989,20,1200,up,0.0023427009582519
990,990,21,1200,up,0.0023427009582519
991,991,22,1200,up,0.0023427009582519
992,992,23,1200,up,0.0012062788009643
993,993,24,1200,up,0.0012062788009643
994,994,25,1200,up,0.0012062788009643
995,995,26,1200,up,0.0012062788009643
996,996,27,1200,up,0.0012062788009643
997,997,28,1200,up,-0.0015468597412109
998,998,29,1200,up,-0.0015468597412109
999,999,30,1200,up,-0.0015468597412109
1000,1000,31,1200,up,-0.0015468597412109
1001,1001,32,1200,up,-0.0015468597412109
1002,1002,33,1200,up,0.0016196966171264
1003,1003,34,1200,up,0.0016196966171264
1004,1004,35,1200,up,0.0016196966171264
1005,1005,36,1200,up,0.0016196966171264
1006,1006,37,1200,up,0.0016196966171264
1007,1007,38,1200,up,0.0002779960632324
1008,1008,39,1200,up,0.0002779960632324
1009,1009,40,1200,up,0.0002779960632324
1010,1010,41,1200,up,0.0002779960632324
1011,1011,42,1200,up,0.0002779960632324
1012,1012,43,1200,up,0.0018684864044189
1013,1013,44,1200,up,0.0018684864044189
1014,1014,45,1200,up,0.0018684864044189
1015,1015,46,1200,up,0.0018684864044189
1016,1016,47,1200,up,0.0018684864044189
1017,1017,48,1200,up,-0.0010552406311035
1018,1018,49,1200,up,-0.0010552406311035
1019,1019,50,1200,up,-0.0010552406311035
1020,1020,51,1550,up,0.0003426074981689
1021,1021,52,1550,up,0.0003426074981689
1022,1022,53,1550,up,-0.0001174211502075
1023,1023,54,1550,up,-0.0001174211502075
1024,1024,55,1550,up,-0.0001174211502075
1025,1025,56,1550,up,-0.0001174211502075
1026,1026,57,1550,up,-0.0001174211502075
1027,1027,58,1550,up,0.0003712177276611
1028,1028,59,1550,up,0.0003712177276611
1029,1029,60,1550,up,0.0003712177276611
1030,1030,61,1550,up,0.0003712177276611
1031,1031,62,1550,up,0.0003712177276611
1032,1032,63,1550,up,0.0003594160079956
1033,1033,64,1550,up,0.0003594160079956
1034,1034,65,1550,up,0.0003594160079956
1035,1035,66,1550,up,0.0003594160079956
1036,1036,67,1550,up,0.0003594160079956
1037,1037,68,1550,up,-0.0001367330551147
1038,1038,69,1550,up,-0.0001367330551147
1039,1039,70,1550,up,-0.0001367330551147
1040,1040,71,1550,up,-0.0001367330551147
1041,1041,72,1550,up,-0.0001367330551147
1042,1042,73,1550,up,-0.0003972053527832
1043,1043,74,1550,up,-0.0003972053527832
1044,1044,75,1550,up,-0.0003972053527832
1045,1045,76,1550,up,-0.0003972053527832
1046,1046,77,1550,up,-0.0003972053527832
1047,1047,78,1550,up,-0.0016455650329589
1048,1048,79,1550,up,-0.0016455650329589
1049,1049,80,1550,up,-0.0016455650329589
1050,1050,81,1550,up,-0.0016455650329589
1051,1051,82,1550,up,-0.0016455650329589
1052,1052,83,1550,up,-0.0003656148910522
1053,1053,84,1550,up,-0.0003656148910522
1054,1054,85,1550,up,-0.0003656148910522
1055,1055,86,1550,up,-0.0003656148910522
1056,1056,87,1550,up,-0.0003656148910522
1057,1057,88,1550,up,-0.000618577003479
1058,1058,89,1550,up,-0.000618577003479
1059,1059,90,1550,up,-0.000618577003479
1060,1060,91,1550,up,-0.000618577003479
1061,1061,92,1550,up,-0.000618577003479
1062,1062,93,1550,up,-0.0018057823181152
1063,1063,94,1550,up,-0.0018057823181152
1064,1064,95,1550,up,-0.0018057823181152
1065,1065,96,1550,up,-0.0018057823181152
1066,1066,97,1550,up,-0.0018057823181152
1067,1067,98,1550,up,0.0024033784866333
1068,1068,99,1550,up,0.0024033784866333
1069,1069,100,1550,up,0.0024033784866333
1070,1070,101,1550,up,0.0024033784866333
1071,1071,102,1900,up,0.0010908842086791
1072,1072,103,1900,up,0.0010908842086791
1073,1073,104,1900,up,0.0010908842086791
1074,1074,105,1900,up,-0.001002550125122
1075,1075,106,1900,up,-0.001002550125122
1076,1076,107,1900,up,-0.001002550125122
1077,1077,108,1900,up,-0.001002550125122
1078,1078,109,1900,up,-0.001002550125122
1079,1079,110,1900,up,-0.0005855560302734
1080,1080,111,1900,up,-0.0005855560302734
1081,1081,112,1900,up,-0.0005855560302734
1082,1082,113,1900,up,-0.0005855560302734
1083,1083,114,1900,up,-0.0005855560302734
1084,1084,115,1900,up,-0.002442717552185
1085,1085,116,1900,up,-0.002442717552185
1086,1086,117,1900,up,-0.002442717552185
1087,1087,118,1900,up,-0.002442717552185
1088,1088,119,1900,up,-0.002442717552185
1089,1089,120,1900,up,-0.0031706094741821
1090,1090,121,1900,up,-0.0031706094741821
1091,1091,122,1900,up,-0.0031706094741821
1092,1092,123,1900,up,-0.0031706094741821
1093,1093,124,1900,up,-0.0031706094741821
1094,1094,125,1900,up,-0.002267837524414
1095,1095,126,1900,up,-0.002267837524414
1096,1096,127,1900,up,-0.002267837524414
1097,1097,128,1900,up,-0.002267837524414
1098,1098,129,1900,up,-0.002267837524414
1099,1099,130,1900,up,-0.0028254985809326
1100,1100,131,1900,up,-0.0028254985809326
1101,1101,132,1900,up,-0.0028254985809326
1102,1102,133,1900,up,-0.0028254985809326
1103,1103,134,1900,up,-0.0028254985809326
1104,1104,135,1900,up,-0.0001267194747924
1105,1105,136,1900,up,-0.0001267194747924
1106,1106,137,1900,up,-0.0001267194747924
1107,1107,138,1900,up,-0.0001267194747924
1108,1108,139,1900,up,-0.0001267194747924
1109,1109,140,1900,up,-0.0012919902801513
1110,1110,141,1900,up,-0.0012919902801513
1111,1111,142,1900,up,-0.0012919902801513
1112,1112,143,1900,up,-0.0012919902801513
1113,1113,144,1900,up,-0.0012919902801513
1114,1114,145,1900,up,-0.0027581453323364
1115,1115,146,1900,up,-0.0027581453323364
1116,1116,147,1900,up,-0.0027581453323364
1117,1117,148,1900,up,-0.0027581453323364
1118,1118,149,1900,up,-0.0027581453323364
1119,1119,150,1900,up,-0.0038187503814697
1120,1120,151,1900,up,-0.0038187503814697
1121,1121,152,1900,up,-0.0038187503814697
1122,1122,153,2250,up,-0.0025625228881835
1123,1123,154,2250,up,-0.0025625228881835
1124,1124,155,2250,up,-0.0025625228881835
1125,1125,156,2250,up,-0.0025625228881835
1126,1126,157,2250,up,-0.0022945404052734
1127,1127,158,2250,up,-0.0022945404052734
1128,1128,159,2250,up,-0.0022945404052734
1129,1129,160,2250,up,-0.0022945404052734
1130,1130,161,2250,up,-0.0022945404052734
1131,1131,162,2250,up,-0.0032687187194824
1132,1132,163,2250,up,-0.0032687187194824
1133,1133,164,2250,up,-0.0032687187194824
1134,1134,165,2250,up,-0.0032687187194824
1135,1135,166,2250,up,-0.0032687187194824
1136,1136,167,2250,up,-0.0057622194290161
1137,1137,168,2250,up,-0.0057622194290161
1138,1138,169,2250,up,-0.0057622194290161
1139,1139,170,2250,up,-0.0057622194290161
1140,1140,171,2250,up,-0.0057622194290161
1141,1141,172,2250,up,-0.0015629529953002
1142,1142,173,2250,up,-0.0015629529953002
1143,1143,174,2250,up,-0.0015629529953002
1144,1144,175,2250,up,-0.0015629529953002
1145,1145,176,2250,up,-0.0015629529953002
1146,1146,177,2250,up,-0.0060024261474609
1147,1147,178,2250,up,-0.0060024261474609
1148,1148,179,2250,up,-0.0060024261474609
1149,1149,180,2250,up,-0.0060024261474609
1150,1150,181,2250,up,-0.0060024261474609
1151,1151,182,2250,up,-0.0041273832321166
1152,1152,183,2250,up,-0.0041273832321166
1153,1153,184,2250,up,-0.0041273832321166
1154,1154,185,2250,up,-0.0041273832321166
1155,1155,186,2250,up,-0.0041273832321166
1156,1156,187,2250,up,-0.0037335157394409
1157,1157,188,2250,up,-0.0037335157394409
1158,1158,189,2250,up,-0.0037335157394409
1159,1159,190,2250,up,-0.0037335157394409
1160,1160,191,2250,up,-0.0037335157394409
1161,1161,192,2250,up,-0.0058941841125488
1162,1162,193,2250,up,-0.0058941841125488
1163,1163,194,2250,up,-0.0058941841125488
1164,1164,195,2250,up,-0.0058941841125488
1165,1165,196,2250,up,-0.0058941841125488
1166,1166,197,2250,up,-0.0057845115661621
1167,1167,198,2250,up,-0.0057845115661621
1168,1168,199,2250,up,-0.0057845115661621
1169,1169,200,2250,up,-0.0057845115661621
1170,1170,201,2250,up,-0.0057845115661621
1171,1171,202,2250,up,-0.0051740407943725
1172,1172,203,2250,up,-0.0051740407943725
1173,1173,204,2600,up,0.0035403966903686
1174,1174,205,2600,up,0.0039926767349243
1175,1175,206,2600,up,0.0039926767349243
1176,1176,207,2600,up,0.0039926767349243
1177,1177,208,2600,up,0.0039926767349243
1178,1178,209,2600,up,0.0039926767349243
1179,1179,210,2600,up,0.0035014152526855
1180,1180,211,2600,up,0.0035014152526855
1181,1181,212,2600,up,0.0035014152526855
1182,1182,213,2600,up,0.0035014152526855
1183,1183,214,2600,up,0.0035014152526855
1184,1184,215,2600,up,0.0030162334442138
1185,1185,216,2600,up,0.0030162334442138
1186,1186,217,2600,up,0.0030162334442138
1187,1187,218,2600,up,0.0030162334442138
1188,1188,219,2600,up,0.0030162334442138
1189,1189,220,2600,up,0.0045729875564575
1190,1190,221,2600,up,0.0045729875564575
1191,1191,222,2600,up,0.0045729875564575
1192,1192,223,2600,up,0.0045729875564575
1193,1193,224,2600,up,0.0045729875564575
1194,1194,225,2600,up,0.0024750232696533
1195,1195,226,2600,up,0.0024750232696533
1196,1196,227,2600,up,0.0024750232696533
1197,1197,228,2600,up,0.0024750232696533
1198,1198,229,2600,up,0.0024750232696533
1199,1199,230,2600,up,-0.0006153583526611
1200,1200,231,2600,up,-0.0006153583526611
1201,1201,232,2600,up,-0.0006153583526611
1202,1202,233,2600,up,-0.0006153583526611
1203,1203,234,2600,up,-0.0006153583526611
1204,1204,235,2600,up,0.0002684593200683
1205,1205,236,2600,up,0.0002684593200683
1206,1206,237,2600,up,0.0002684593200683
1207,1207,238,2600,up,0.0002684593200683
1208,1208,239,2600,up,0.0002684593200683
1209,1209,240,2600,up,0.0015861988067626
1210,1210,241,2600,up,0.0015861988067626
1211,1211,242,2600,up,0.0015861988067626
1212,1212,243,2600,up,0.0015861988067626
1213,1213,244,2600,up,0.0015861988067626
1214,1214,245,2600,up,0.0003581047058105
1215,1215,246,2600,up,0.0003581047058105
1216,1216,247,2600,up,0.0003581047058105
1217,1217,248,2600,up,0.0003581047058105
1218,1218,249,2600,up,0.0003581047058105
1219,1219,250,2600,up,-0.0020195245742797
1220,1220,251,2600,up,-0.0020195245742797
1221,1221,252,2600,up,-0.0020195245742797
1222,1222,253,2600,up,-0.0020195245742797
1223,1223,254,2600,up,-0.0020195245742797
1224,1224,255,2950,up,0.0108156204223632
1225,1225,256,2950,up,0.0108156204223632
1226,1226,257,2950,up,0.0108156204223632
1227,1227,258,2950,up,0.0108156204223632
1228,1228,259,2950,up,0.0100148916244506
1229,1229,260,2950,up,0.0100148916244506
1230,1230,261,2950,up,0.0100148916244506
1231,1231,262,2950,up,0.0100148916244506
1232,1232,263,2950,up,0.0100148916244506
1233,1233,264,2950,up,0.0125435590744018
1234,1234,265,2950,up,0.0125435590744018
1235,1235,266,2950,up,0.0125435590744018
1236,1236,267,2950,up,0.0125435590744018
1237,1237,268,2950,up,0.0125435590744018
1238,1238,269,2950,up,0.0123614072799682
1239,1239,270,2950,up,0.0123614072799682
1240,1240,271,2950,up,0.0123614072799682
1241,1241,272,2950,up,0.0123614072799682
1242,1242,273,2950,up,0.0123614072799682
1243,1243,274,2950,up,0.0127698183059692
1244,1244,275,2950,up,0.0127698183059692
1245,1245,276,2950,up,0.0127698183059692
1246,1246,277,2950,up,0.0127698183059692
1247,1247,278,2950,up,0.0127698183059692
1248,1248,279,2950,up,0.0111033916473388
1249,1249,280,2950,up,0.0111033916473388
1250,1250,281,2950,up,0.0111033916473388
1251,1251,282,2950,up,0.0111033916473388
1252,1252,283,2950,up,0.0111033916473388
1253,1253,284,2950,up,0.0099656581878662
1254,1254,285,2950,up,0.0099656581878662
1255,1255,286,2950,up,0.0099656581878662
1256,1256,287,2950,up,0.0099656581878662
1257,1257,288,2950,up,0.0099656581878662
1258,1258,289,2950,up,0.0100690126419067
1259,1259,290,2950,up,0.0100690126419067
1260,1260,291,2950,up,0.0100690126419067
1261,1261,292,2950,up,0.0100690126419067
1262,1262,293,2950,up,0.0100690126419067
1263,1263,294,2950,up,0.0115602016448974
1264,1264,295,2950,up,0.0115602016448974
1265,1265,296,2950,up,0.0115602016448974
1266,1266,297,2950,up,0.0115602016448974
1267,1267,298,2950,up,0.0115602016448974
1268,1268,299,2950,up,0.0079753398895263
1269,1269,300,2950,up,0.0079753398895263
1270,1270,301,2950,up,0.0079753398895263
1271,1271,302,2950,up,0.0079753398895263
1272,1272,303,2950,up,0.0079753398895263
1273,1273,304,2950,up,0.0067248344421386
1274,1274,305,2950,up,0.0067248344421386
1275,1275,306,3300,up,0.0184605121612548
1276,1276,307,3300,up,0.0184605121612548
1277,1277,308,3300,up,0.0184605121612548
1278,1278,309,3300,up,0.0184605121612548
1279,1279,310,3300,up,0.0184605121612548
1280,1280,311,3300,up,0.0186661481857299
1281,1281,312,3300,up,0.0186661481857299
1282,1282,313,3300,up,0.0186661481857299
1283,1283,314,3300,up,0.0186661481857299
1284,1284,315,3300,up,0.0186661481857299
1285,1285,316,3300,up,0.0174866914749145
1286,1286,317,3300,up,0.0174866914749145
1287,1287,318,3300,up,0.0174866914749145
1288,1288,319,3300,up,0.0174866914749145
1289,1289,320,3300,up,0.0174866914749145
1290,1290,321,3300,up,0.01650071144104
1291,1291,322,3300,up,0.01650071144104
1292,1292,323,3300,up,0.01650071144104
1293,1293,324,3300,up,0.01650071144104
1294,1294,325,3300,up,0.01650071144104
1295,1295,326,3300,up,0.0172735452651977
1296,1296,327,3300,up,0.0172735452651977
1297,1297,328,3300,up,0.0172735452651977
1298,1298,329,3300,up,0.0172735452651977
1299,1299,330,3300,up,0.0172735452651977
1300,1300,331,3300,up,0.0183460712432861
1301,1301,332,3300,up,0.0183460712432861
1302,1302,333,3300,up,0.0183460712432861
1303,1303,334,3300,up,0.0183460712432861
1304,1304,335,3300,up,0.0183460712432861
1305,1305,336,3300,up,0.0163816213607788
1306,1306,337,3300,up,0.0163816213607788
1307,1307,338,3300,up,0.0163816213607788
1308,1308,339,3300,up,0.0163816213607788
1309,1309,340,3300,up,0.0163816213607788
1310,1310,341,3300,up,0.0184425115585327
1311,1311,342,3300,up,0.0184425115585327
1312,1312,343,3300,up,0.0184425115585327
1313,1313,344,3300,up,0.0184425115585327
1314,1314,345,3300,up,0.0184425115585327
1315,1315,346,3300,up,0.0161558389663696
1316,1316,347,3300,up,0.0161558389663696
1317,1317,348,3300,up,0.0161558389663696
1318,1318,349,3300,up,0.0161558389663696
1319,1319,350,3300,up,0.0161558389663696
1320,1320,351,3300,up,0.0134545564651489
1321,1321,352,3300,up,0.0134545564651489
1322,1322,353,3300,up,0.0134545564651489
1323,1323,354,3300,up,0.0134545564651489
1324,1324,355,3300,up,0.0134545564651489
1325,1325,356,3300,up,0.0152605772018432
1326,1326,357,3650,up,0.0145595073699951
1327,1327,358,3650,up,0.0145595073699951
1328,1328,359,3650,up,0.013237714767456
1329,1329,360,3650,up,0.013237714767456
1330,1330,361,3650,up,0.013237714767456
1331,1331,362,3650,up,0.013237714767456
1332,1332,363,3650,up,0.013237714767456
1333,1333,364,3650,up,0.0176711082458496
1334,1334,365,3650,up,0.0176711082458496
1335,1335,366,3650,up,0.0176711082458496
1336,1336,367,3650,up,0.0176711082458496
1337,1337,368,3650,up,0.0176711082458496
1338,1338,369,3650,up,0.0163320302963256
1339,1339,370,3650,up,0.0163320302963256
1340,1340,371,3650,up,0.0163320302963256
1341,1341,372,3650,up,0.0163320302963256
1342,1342,373,3650,up,0.0163320302963256
1343,1343,374,3650,up,0.0132241249084472
1344,1344,375,3650,up,0.0132241249084472
1345,1345,376,3650,up,0.0132241249084472
1346,1346,377,3650,up,0.0132241249084472
1347,1347,378,3650,up,0.0132241249084472
1348,1348,379,3650,up,0.0134955644607543
1349,1349,380,3650,up,0.0134955644607543
1350,1350,381,3650,up,0.0134955644607543
1351,1351,382,3650,up,0.0134955644607543
1352,1352,383,3650,up,0.0134955644607543
1353,1353,384,3650,up,0.0116676092147827
1354,1354,385,3650,up,0.0116676092147827
1355,1355,386,3650,up,0.0116676092147827
1356,1356,387,3650,up,0.0116676092147827
1357,1357,388,3650,up,0.0116676092147827
1358,1358,389,3650,up,0.0158390998840332
1359,1359,390,3650,up,0.0158390998840332
1360,1360,391,3650,up,0.0158390998840332
1361,1361,392,3650,up,0.0158390998840332
1362,1362,393,3650,up,0.0158390998840332
1363,1363,394,3650,up,0.0140442848205566
1364,1364,395,3650,up,0.0140442848205566
1365,1365,396,3650,up,0.0140442848205566
1366,1366,397,3650,up,0.0140442848205566
1367,1367,398,3650,up,0.0140442848205566
1368,1368,399,3650,up,0.0153944492340087
1369,1369,400,3650,up,0.0153944492340087
1370,1370,401,3650,up,0.0153944492340087
1371,1371,402,3650,up,0.0153944492340087
1372,1372,403,3650,up,0.0153944492340087
1373,1373,404,3650,up,0.0118933916091918
1374,1374,405,3650,up,0.0118933916091918
1375,1375,406,3650,up,0.0118933916091918
1376,1376,407,3650,up,0.0118933916091918
1377,1377,408,4000,up,0.0145211219787597
1378,1378,409,4000,up,0.0145211219787597
1379,1379,410,4000,up,0.0156536102294921
1380,1380,411,4000,up,0.0156536102294921
1381,1381,412,4000,up,0.0156536102294921
1382,1382,413,4000,up,0.0156536102294921
1383,1383,414,4000,up,0.0156536102294921
1384,1384,415,4000,up,0.0164234638214111
1385,1385,416,4000,up,0.0164234638214111
1386,1386,417,4000,up,0.0164234638214111
1387,1387,418,4000,up,0.0164234638214111
1388,1388,419,4000,up,0.0164234638214111
1389,1389,420,4000,up,0.0149831771850585
1390,1390,421,4000,up,0.0149831771850585
1391,1391,422,4000,up,0.0149831771850585
1392,1392,423,4000,up,0.0149831771850585
1393,1393,424,4000,up,0.0149831771850585
1394,1394,425,4000,up,0.0134775638580322
1395,1395,426,4000,up,0.0134775638580322
1396,1396,427,4000,up,0.0134775638580322
1397,1397,428,4000,up,0.0134775638580322
1398,1398,429,4000,up,0.0134775638580322
1399,1399,430,4000,up,0.0138394832611083
1400,1400,431,4000,up,0.0138394832611083
1401,1401,432,4000,up,0.0138394832611083
1402,1402,433,4000,up,0.0138394832611083
1403,1403,434,4000,up,0.0138394832611083
1404,1404,435,4000,up,0.0117080211639404
1405,1405,436,4000,up,0.0117080211639404
1406,1406,437,4000,up,0.0117080211639404
1407,1407,438,4000,up,0.0117080211639404
1408,1408,439,4000,up,0.0117080211639404
1409,1409,440,4000,up,0.0138309001922607
1410,1410,441,4000,up,0.0138309001922607
1411,1411,442,4000,up,0.0138309001922607
1412,1412,443,4000,up,0.0138309001922607
1413,1413,444,4000,up,0.0138309001922607
1414,1414,445,4000,up,0.0115776062011718
1415,1415,446,4000,up,0.0115776062011718
1416,1416,447,4000,up,0.0115776062011718
1417,1417,448,4000,up,0.0115776062011718
1418,1418,449,4000,up,0.0115776062011718
1419,1419,450,4000,up,0.01267671585083
1420,1420,451,4000,up,0.01267671585083
1421,1421,452,4000,up,0.01267671585083
1422,1422,453,4000,up,0.01267671585083
1423,1423,454,4000,up,0.01267671585083
1424,1424,455,4000,up,0.0110750198364257
1425,1425,456,4000,up,0.0110750198364257
1426,1426,457,4000,up,0.0110750198364257
1427,1427,458,4000,up,0.0110750198364257
