,position,CurrentDensity,Step,StepDirection,error,error_corrected,StepTime
0,1,3500,700,down,-0.005795485353854435,-0.010181629618288664,300
1,1,3500,700,down,-0.00685145883691729,-0.01123760310135152,300
2,1,3500,700,down,-0.00685145883691729,-0.01123760310135152,300
3,1,3500,700,down,-0.00685145883691729,-0.01123760310135152,300
4,1,3500,700,down,-0.00685145883691729,-0.01123760310135152,300
5,1,3500,700,down,-0.00685145883691729,-0.01123760310135152,300
6,1,3500,700,down,-0.007938380458782479,-0.012324524723216709,300
7,1,3500,700,down,-0.007938380458782479,-0.012324524723216709,300
8,1,3500,700,down,-0.007938380458782479,-0.012324524723216709,300
9,1,3500,700,down,-0.007938380458782479,-0.012324524723216709,300
10,1,3500,700,down,-0.007938380458782479,-0.012324524723216709,300
11,1,3500,700,down,-0.00561607892800664,-0.01000222319244087,300
12,1,3500,700,down,-0.00561607892800664,-0.01000222319244087,300
13,1,3500,700,down,-0.00561607892800664,-0.01000222319244087,300
14,1,3500,700,down,-0.00561607892800664,-0.01000222319244087,300
15,1,3500,700,down,-0.00561607892800664,-0.01000222319244087,300
16,1,3500,700,down,-0.00561607892800664,-0.01000222319244087,300
17,1,3500,700,down,-0.00561607892800664,-0.01000222319244087,300
18,1,3500,700,down,-0.00561607892800664,-0.01000222319244087,300
19,1,3500,700,down,-0.00561607892800664,-0.01000222319244087,300
20,1,3500,700,down,-0.00561607892800664,-0.01000222319244087,300
21,1,3500,700,down,-0.005066574851742001,-0.00945271911617623,300
22,1,3500,700,down,-0.005066574851742001,-0.00945271911617623,300
23,1,3500,700,down,-0.005066574851742001,-0.00945271911617623,300
24,1,3500,700,down,-0.005066574851742001,-0.00945271911617623,300
25,1,3500,700,down,-0.005066574851742001,-0.00945271911617623,300
26,1,3500,700,down,-0.002620299561614692,-0.007006443826048922,300
27,1,3500,700,down,-0.002620299561614692,-0.007006443826048922,300
28,1,3500,700,down,-0.002620299561614692,-0.007006443826048922,300
29,1,3500,700,down,-0.002620299561614692,-0.007006443826048922,300
30,1,3500,700,down,-0.002620299561614692,-0.007006443826048922,300
31,1,3500,700,down,-0.00524247226646013,-0.00962861653089436,300
32,1,3500,700,down,-0.00524247226646013,-0.00962861653089436,300
33,1,3500,700,down,-0.00524247226646013,-0.00962861653089436,300
34,1,3500,700,down,-0.00524247226646013,-0.00962861653089436,300
35,1,3500,700,down,-0.00524247226646013,-0.00962861653089436,300
36,1,3500,700,down,-0.003134415225600762,-0.007520559490034992,300
37,1,3500,700,down,-0.003134415225600762,-0.007520559490034992,300
38,1,3500,700,down,-0.003134415225600762,-0.007520559490034992,300
39,1,3500,700,down,-0.003134415225600762,-0.007520559490034992,300
40,1,3500,700,down,-0.003134415225600762,-0.007520559490034992,300
41,1,3500,700,down,-0.0045505362903415225,-0.008936680554775752,300
42,1,3500,700,down,-0.0045505362903415225,-0.008936680554775752,300
43,1,3500,700,down,-0.0045505362903415225,-0.008936680554775752,300
44,1,3500,700,down,-0.0045505362903415225,-0.008936680554775752,300
45,1,3500,700,down,-0.0045505362903415225,-0.008936680554775752,300
46,1,3500,700,down,-0.0056561130854446695,-0.010042257349878899,300
47,1,3500,700,down,-0.0056561130854446695,-0.010042257349878899,300
48,1,3500,700,down,-0.0056561130854446695,-0.010042257349878899,300
49,1,3500,700,down,-0.0056561130854446695,-0.010042257349878899,300
50,2,3500,700,up,0.007693269818066728,0.0033071255536324977,300
51,2,3500,700,up,0.007693269818066728,0.0033071255536324977,300
52,2,3500,700,up,0.007693269818066728,0.0033071255536324977,300
53,2,3500,700,up,0.007693269818066728,0.0033071255536324977,300
54,2,3500,700,up,0.007371341464355474,0.002985197199921244,300
55,2,3500,700,up,0.007371341464355474,0.002985197199921244,300
56,2,3500,700,up,0.007371341464355474,0.002985197199921244,300
57,2,3500,700,up,0.007371341464355474,0.002985197199921244,300
58,2,3500,700,up,0.007371341464355474,0.002985197199921244,300
59,2,3500,700,up,0.006582034963231731,0.0021958906987975006,300
60,2,3500,700,up,0.006582034963231731,0.0021958906987975006,300
61,2,3500,700,up,0.006582034963231731,0.0021958906987975006,300
62,2,3500,700,up,0.006582034963231731,0.0021958906987975006,300
63,2,3500,700,up,0.006582034963231731,0.0021958906987975006,300
64,2,3500,700,up,0.006356265368149039,0.0019701211037148085,300
65,2,3500,700,up,0.006356265368149039,0.0019701211037148085,300
66,2,3500,700,up,0.006356265368149039,0.0019701211037148085,300
67,2,3500,700,up,0.006356265368149039,0.0019701211037148085,300
68,2,3500,700,up,0.006356265368149039,0.0019701211037148085,300
69,2,3500,700,up,0.006061893810205721,0.0016757495457714903,300
70,2,3500,700,up,0.006061893810205721,0.0016757495457714903,300
71,2,3500,700,up,0.006061893810205721,0.0016757495457714903,300
72,2,3500,700,up,0.006061893810205721,0.0016757495457714903,300
73,2,3500,700,up,0.006061893810205721,0.0016757495457714903,300
74,2,3500,700,up,0.005198881985167603,0.0008127377207333723,300
75,2,3500,700,up,0.005198881985167603,0.0008127377207333723,300
76,2,3500,700,up,0.005198881985167603,0.0008127377207333723,300
77,2,3500,700,up,0.005198881985167603,0.0008127377207333723,300
78,2,3500,700,up,0.005198881985167603,0.0008127377207333723,300
79,2,3500,700,up,0.005101470584220724,0.0007153263197864938,300
80,2,3500,700,up,0.005101470584220724,0.0007153263197864938,300
81,2,3500,700,up,0.005101470584220724,0.0007153263197864938,300
82,2,3500,700,up,0.005101470584220724,0.0007153263197864938,300
83,2,3500,700,up,0.005101470584220724,0.0007153263197864938,300
84,2,3500,700,up,0.004916089653761002,0.0005299453893267718,300
85,2,3500,700,up,0.004916089653761002,0.0005299453893267718,300
86,2,3500,700,up,0.004916089653761002,0.0005299453893267718,300
87,2,3500,700,up,0.004916089653761002,0.0005299453893267718,300
88,2,3500,700,up,0.004916089653761002,0.0005299453893267718,300
89,2,3500,700,up,0.006541630998972536,0.002155486734538306,300
90,2,3500,700,up,0.006541630998972536,0.002155486734538306,300
91,2,3500,700,up,0.006541630998972536,0.002155486734538306,300
92,2,3500,700,up,0.006541630998972536,0.002155486734538306,300
93,2,3500,700,up,0.006541630998972536,0.002155486734538306,300
94,2,3500,700,up,0.006559739344404569,0.002173595079970339,300
95,2,3500,700,up,0.006559739344404569,0.002173595079970339,300
96,2,3500,700,up,0.006559739344404569,0.002173595079970339,300
97,2,3500,700,up,0.006559739344404569,0.002173595079970339,300
98,2,3500,700,up,0.006559739344404569,0.002173595079970339,300
99,2,3500,700,up,0.00697421163340195,0.0025880673689677195,300
100,3,3500,700,down,-0.0026967187552926486,-0.007082863019726879,300
101,3,3500,700,down,-0.0026967187552926486,-0.007082863019726879,300
102,3,3500,700,down,-0.0026967187552926486,-0.007082863019726879,300
103,3,3500,700,down,-0.0026967187552926486,-0.007082863019726879,300
104,3,3500,700,down,-0.0011819459254898135,-0.005568090189924044,300
105,3,3500,700,down,-0.0011819459254898135,-0.005568090189924044,300
106,3,3500,700,down,-0.0011819459254898135,-0.005568090189924044,300
107,3,3500,700,down,-0.0011819459254898135,-0.005568090189924044,300
108,3,3500,700,down,-0.0011819459254898135,-0.005568090189924044,300
109,3,3500,700,down,-0.003008254927179488,-0.007394399191613718,300
110,3,3500,700,down,-0.003008254927179488,-0.007394399191613718,300
111,3,3500,700,down,-0.003008254927179488,-0.007394399191613718,300
112,3,3500,700,down,-0.003008254927179488,-0.007394399191613718,300
113,3,3500,700,down,-0.003008254927179488,-0.007394399191613718,300
114,3,3500,700,down,-0.00200670030594452,-0.00639284457037875,300
115,3,3500,700,down,-0.00200670030594452,-0.00639284457037875,300
116,3,3500,700,down,-0.00200670030594452,-0.00639284457037875,300
117,3,3500,700,down,-0.00200670030594452,-0.00639284457037875,300
118,3,3500,700,down,-0.00200670030594452,-0.00639284457037875,300
119,3,3500,700,down,-0.0019290399625704335,-0.006315184227004664,300
120,3,3500,700,down,-0.0019290399625704335,-0.006315184227004664,300
121,3,3500,700,down,-0.0019290399625704335,-0.006315184227004664,300
122,3,3500,700,down,-0.0019290399625704335,-0.006315184227004664,300
123,3,3500,700,down,-0.0019290399625704335,-0.006315184227004664,300
124,3,3500,700,down,-0.002841481284621583,-0.0072276255490558135,300
125,3,3500,700,down,-0.002841481284621583,-0.0072276255490558135,300
126,3,3500,700,down,-0.002841481284621583,-0.0072276255490558135,300
127,3,3500,700,down,-0.002841481284621583,-0.0072276255490558135,300
128,3,3500,700,down,-0.002841481284621583,-0.0072276255490558135,300
129,3,3500,700,down,-0.0004888934722462324,-0.004875037736680463,300
130,3,3500,700,down,-0.0004888934722462324,-0.004875037736680463,300
131,3,3500,700,down,-0.0004888934722462324,-0.004875037736680463,300
132,3,3500,700,down,-0.0004888934722462324,-0.004875037736680463,300
133,3,3500,700,down,-0.0004888934722462324,-0.004875037736680463,300
134,3,3500,700,down,-0.0015585811435934183,-0.005944725408027649,300
135,3,3500,700,down,-0.0015585811435934183,-0.005944725408027649,300
136,3,3500,700,down,-0.0015585811435934183,-0.005944725408027649,300
137,3,3500,700,down,-0.0015585811435934183,-0.005944725408027649,300
138,3,3500,700,down,-0.0015585811435934183,-0.005944725408027649,300
139,3,3500,700,down,-0.00030831788924956527,-0.004694462153683796,300
140,3,3500,700,down,-0.00030831788924956527,-0.004694462153683796,300
141,3,3500,700,down,-0.00030831788924956527,-0.004694462153683796,300
142,3,3500,700,down,-0.00030831788924956527,-0.004694462153683796,300
143,3,3500,700,down,-0.00030831788924956527,-0.004694462153683796,300
144,3,3500,700,down,-0.0013713065813929504,-0.005757450845827181,300
145,3,3500,700,down,-0.0013713065813929504,-0.005757450845827181,300
146,3,3500,700,down,-0.0013713065813929504,-0.005757450845827181,300
147,3,3500,700,down,-0.0013713065813929504,-0.005757450845827181,300
148,3,3500,700,down,-0.0013713065813929504,-0.005757450845827181,300
149,3,3500,700,down,-0.00011527605119354689,-0.004501420315627777,300
150,4,3500,700,up,0.008430855217355315,0.004044710952921085,300
151,4,3500,700,up,0.008430855217355315,0.004044710952921085,300
152,4,3500,700,up,0.008430855217355315,0.004044710952921085,300
153,4,3500,700,up,0.008430855217355315,0.004044710952921085,300
154,4,3500,700,up,0.008430855217355315,0.004044710952921085,300
155,4,3500,700,up,0.010495868570490341,0.0061097243060561105,300
156,4,3500,700,up,0.010495868570490341,0.0061097243060561105,300
157,4,3500,700,up,0.010495868570490341,0.0061097243060561105,300
158,4,3500,700,up,0.010495868570490341,0.0061097243060561105,300
159,4,3500,700,up,0.010495868570490341,0.0061097243060561105,300
160,4,3500,700,up,0.01104799739740514,0.00666185313297091,300
161,4,3500,700,up,0.01104799739740514,0.00666185313297091,300
162,4,3500,700,up,0.01104799739740514,0.00666185313297091,300
163,4,3500,700,up,0.01104799739740514,0.00666185313297091,300
164,4,3500,700,up,0.01104799739740514,0.00666185313297091,300
165,4,3500,700,up,0.009684151832052734,0.005298007567618504,300
166,4,3500,700,up,0.009684151832052734,0.005298007567618504,300
167,4,3500,700,up,0.009684151832052734,0.005298007567618504,300
168,4,3500,700,up,0.009684151832052734,0.005298007567618504,300
169,4,3500,700,up,0.009684151832052734,0.005298007567618504,300
170,4,3500,700,up,0.009398416435243195,0.005012272170808965,300
171,4,3500,700,up,0.009398416435243195,0.005012272170808965,300
172,4,3500,700,up,0.009398416435243195,0.005012272170808965,300
173,4,3500,700,up,0.009398416435243195,0.005012272170808965,300
174,4,3500,700,up,0.009398416435243195,0.005012272170808965,300
175,4,3500,700,up,0.008748225225079231,0.004362080960645001,300
176,4,3500,700,up,0.008748225225079231,0.004362080960645001,300
177,4,3500,700,up,0.008748225225079231,0.004362080960645001,300
178,4,3500,700,up,0.008748225225079231,0.004362080960645001,300
179,4,3500,700,up,0.008748225225079231,0.004362080960645001,300
180,4,3500,700,up,0.007396230445755769,0.003010086181321539,300
181,4,3500,700,up,0.007396230445755769,0.003010086181321539,300
182,4,3500,700,up,0.007396230445755769,0.003010086181321539,300
183,4,3500,700,up,0.007396230445755769,0.003010086181321539,300
184,4,3500,700,up,0.007396230445755769,0.003010086181321539,300
185,4,3500,700,up,0.004987346720967345,0.0006012024565331146,300
186,4,3500,700,up,0.004987346720967345,0.0006012024565331146,300
187,4,3500,700,up,0.004987346720967345,0.0006012024565331146,300
188,4,3500,700,up,0.004987346720967345,0.0006012024565331146,300
189,4,3500,700,up,0.004987346720967345,0.0006012024565331146,300
190,4,3500,700,up,0.005235989823628273,0.0008498455591940427,300
191,4,3500,700,up,0.005235989823628273,0.0008498455591940427,300
192,4,3500,700,up,0.005235989823628273,0.0008498455591940427,300
193,4,3500,700,up,0.005235989823628273,0.0008498455591940427,300
194,4,3500,700,up,0.005235989823628273,0.0008498455591940427,300
195,4,3500,700,up,0.0046633754336231625,0.00027723116918893214,300
196,4,3500,700,up,0.0046633754336231625,0.00027723116918893214,300
197,4,3500,700,up,0.0046633754336231625,0.00027723116918893214,300
198,4,3500,700,up,0.0046633754336231625,0.00027723116918893214,300
199,4,3500,700,up,0.0046633754336231625,0.00027723116918893214,300
200,5,3500,700,down,-0.0038570943152891335,-0.008243238579723363,300
201,5,3500,700,down,-0.0038570943152891335,-0.008243238579723363,300
202,5,3500,700,down,-0.0038570943152891335,-0.008243238579723363,300
203,5,3500,700,down,-0.0038570943152891335,-0.008243238579723363,300
204,5,3500,700,down,-0.0028535737724277865,-0.007239718036862017,300
205,5,3500,700,down,-0.0028535737724277865,-0.007239718036862017,300
206,5,3500,700,down,-0.0028535737724277865,-0.007239718036862017,300
207,5,3500,700,down,-0.0028535737724277865,-0.007239718036862017,300
208,5,3500,700,down,-0.0028535737724277865,-0.007239718036862017,300
209,5,3500,700,down,-0.0017640417934223773,-0.006150186057856608,300
210,5,3500,700,down,-0.0017640417934223773,-0.006150186057856608,300
211,5,3500,700,down,-0.0017640417934223773,-0.006150186057856608,300
212,5,3500,700,down,-0.0017640417934223773,-0.006150186057856608,300
213,5,3500,700,down,-0.0017640417934223773,-0.006150186057856608,300
214,5,3500,700,down,-0.0002522648339857714,-0.004638409098420002,300
215,5,3500,700,down,-0.0002522648339857714,-0.004638409098420002,300
216,5,3500,700,down,-0.0002522648339857714,-0.004638409098420002,300
217,5,3500,700,down,-0.0002522648339857714,-0.004638409098420002,300
218,5,3500,700,down,-0.0002522648339857714,-0.004638409098420002,300
219,5,3500,700,down,-0.0009767734857855093,-0.00536291775021974,300
220,5,3500,700,down,-0.0009767734857855093,-0.00536291775021974,300
221,5,3500,700,down,-0.0009767734857855093,-0.00536291775021974,300
222,5,3500,700,down,-0.0009767734857855093,-0.00536291775021974,300
223,5,3500,700,down,-0.0009767734857855093,-0.00536291775021974,300
224,5,3500,700,down,-0.0016358710629427176,-0.006022015327376948,300
225,5,3500,700,down,-0.0016358710629427176,-0.006022015327376948,300
226,5,3500,700,down,-0.0016358710629427176,-0.006022015327376948,300
227,5,3500,700,down,-0.0016358710629427176,-0.006022015327376948,300
228,5,3500,700,down,-0.0016358710629427176,-0.006022015327376948,300
229,5,3500,700,down,0.0006722904470117808,-0.0037138538174224496,300
230,5,3500,700,down,0.0006722904470117808,-0.0037138538174224496,300
231,5,3500,700,down,0.0006722904470117808,-0.0037138538174224496,300
232,5,3500,700,down,0.0006722904470117808,-0.0037138538174224496,300
233,5,3500,700,down,0.0006722904470117808,-0.0037138538174224496,300
234,5,3500,700,down,-0.00017338811475697824,-0.004559532379191209,300
235,5,3500,700,down,-0.00017338811475697824,-0.004559532379191209,300
236,5,3500,700,down,-0.00017338811475697824,-0.004559532379191209,300
237,5,3500,700,down,-0.00017338811475697824,-0.004559532379191209,300
238,5,3500,700,down,-0.00017338811475697824,-0.004559532379191209,300
239,5,3500,700,down,0.0026015886803487653,-0.001784555584085465,300
240,5,3500,700,down,0.0026015886803487653,-0.001784555584085465,300
241,5,3500,700,down,0.0026015886803487653,-0.001784555584085465,300
242,5,3500,700,down,0.0026015886803487653,-0.001784555584085465,300
243,5,3500,700,down,0.0026015886803487653,-0.001784555584085465,300
244,5,3500,700,down,-0.00022967459024503256,-0.004615818854679263,300
245,5,3500,700,down,-0.00022967459024503256,-0.004615818854679263,300
246,5,3500,700,down,-0.00022967459024503256,-0.004615818854679263,300
247,5,3500,700,down,-0.00022967459024503256,-0.004615818854679263,300
248,5,3500,700,down,-0.00022967459024503256,-0.004615818854679263,300
249,5,3500,700,down,-0.0010922215929747292,-0.00547836585740896,300
250,6,3500,700,up,0.007990956383456371,0.003604812119022141,300
251,6,3500,700,up,0.007990956383456371,0.003604812119022141,300
252,6,3500,700,up,0.007990956383456371,0.003604812119022141,300
253,6,3500,700,up,0.007990956383456371,0.003604812119022141,300
254,6,3500,700,up,0.009359882624055071,0.004973738359620841,300
255,6,3500,700,up,0.009359882624055071,0.004973738359620841,300
256,6,3500,700,up,0.009359882624055071,0.004973738359620841,300
257,6,3500,700,up,0.009359882624055071,0.004973738359620841,300
258,6,3500,700,up,0.009359882624055071,0.004973738359620841,300
259,6,3500,700,up,0.005829040789759432,0.0014428965253252017,300
260,6,3500,700,up,0.005829040789759432,0.0014428965253252017,300
261,6,3500,700,up,0.005829040789759432,0.0014428965253252017,300
262,6,3500,700,up,0.005829040789759432,0.0014428965253252017,300
263,6,3500,700,up,0.005829040789759432,0.0014428965253252017,300
264,6,3500,700,up,0.0058009891318651086,0.0014148448674308782,300
265,6,3500,700,up,0.0058009891318651086,0.0014148448674308782,300
266,6,3500,700,up,0.0058009891318651086,0.0014148448674308782,300
267,6,3500,700,up,0.0058009891318651086,0.0014148448674308782,300
268,6,3500,700,up,0.0058009891318651086,0.0014148448674308782,300
269,6,3500,700,up,0.007834375343000133,0.0034482310785659024,300
270,6,3500,700,up,0.007834375343000133,0.0034482310785659024,300
271,6,3500,700,up,0.007834375343000133,0.0034482310785659024,300
272,6,3500,700,up,0.007834375343000133,0.0034482310785659024,300
273,6,3500,700,up,0.007834375343000133,0.0034482310785659024,300
274,6,3500,700,up,0.005044492890245333,0.000658348625811103,300
275,6,3500,700,up,0.005044492890245333,0.000658348625811103,300
276,6,3500,700,up,0.005044492890245333,0.000658348625811103,300
277,6,3500,700,up,0.005044492890245333,0.000658348625811103,300
278,6,3500,700,up,0.005044492890245333,0.000658348625811103,300
279,6,3500,700,up,0.004685970913681725,0.00029982664924749474,300
280,6,3500,700,up,0.004685970913681725,0.00029982664924749474,300
281,6,3500,700,up,0.004685970913681725,0.00029982664924749474,300
282,6,3500,700,up,0.004685970913681725,0.00029982664924749474,300
283,6,3500,700,up,0.004685970913681725,0.00029982664924749474,300
284,6,3500,700,up,0.005044492890245333,0.000658348625811103,300
285,6,3500,700,up,0.005044492890245333,0.000658348625811103,300
286,6,3500,700,up,0.005044492890245333,0.000658348625811103,300
287,6,3500,700,up,0.005044492890245333,0.000658348625811103,300
288,6,3500,700,up,0.005044492890245333,0.000658348625811103,300
289,6,3500,700,up,0.00449326290435037,0.00010711863991613984,300
290,6,3500,700,up,0.00449326290435037,0.00010711863991613984,300
291,6,3500,700,up,0.00449326290435037,0.00010711863991613984,300
292,6,3500,700,up,0.00449326290435037,0.00010711863991613984,300
293,6,3500,700,up,0.00449326290435037,0.00010711863991613984,300
294,6,3500,700,up,0.0046574700112058665,0.00027132574677163606,300
295,6,3500,700,up,0.0046574700112058665,0.00027132574677163606,300
296,6,3500,700,up,0.0046574700112058665,0.00027132574677163606,300
297,6,3500,700,up,0.0046574700112058665,0.00027132574677163606,300
298,6,3500,700,up,0.0046574700112058665,0.00027132574677163606,300
299,6,3500,700,up,0.005478920801066156,0.0010927765366319257,300
300,7,3500,700,down,-0.004277957560253842,-0.008664101824688072,300
301,7,3500,700,down,-0.004277957560253842,-0.008664101824688072,300
302,7,3500,700,down,-0.004277957560253842,-0.008664101824688072,300
303,7,3500,700,down,-0.004277957560253842,-0.008664101824688072,300
304,7,3500,700,down,-0.0026623905755489563,-0.007048534839983187,300
305,7,3500,700,down,-0.0026623905755489563,-0.007048534839983187,300
306,7,3500,700,down,-0.0026623905755489563,-0.007048534839983187,300
307,7,3500,700,down,-0.0026623905755489563,-0.007048534839983187,300
308,7,3500,700,down,-0.0026623905755489563,-0.007048534839983187,300
309,7,3500,700,down,-0.002609566022520715,-0.0069957102869549455,300
310,7,3500,700,down,-0.002609566022520715,-0.0069957102869549455,300
311,7,3500,700,down,-0.002609566022520715,-0.0069957102869549455,300
312,7,3500,700,down,-0.002609566022520715,-0.0069957102869549455,300
313,7,3500,700,down,-0.002609566022520715,-0.0069957102869549455,300
314,7,3500,700,down,0.0005409360989752088,-0.0038452081654590216,300
315,7,3500,700,down,0.0005409360989752088,-0.0038452081654590216,300
316,7,3500,700,down,0.0005409360989752088,-0.0038452081654590216,300
317,7,3500,700,down,0.0005409360989752088,-0.0038452081654590216,300
318,7,3500,700,down,0.0005409360989752088,-0.0038452081654590216,300
319,7,3500,700,down,-0.0019423103681730503,-0.006328454632607281,300
320,7,3500,700,down,-0.0019423103681730503,-0.006328454632607281,300
321,7,3500,700,down,-0.0019423103681730503,-0.006328454632607281,300
322,7,3500,700,down,-0.0019423103681730503,-0.006328454632607281,300
323,7,3500,700,down,-0.0019423103681730503,-0.006328454632607281,300
324,7,3500,700,down,-0.002351298734270424,-0.006737442998704654,300
325,7,3500,700,down,-0.002351298734270424,-0.006737442998704654,300
326,7,3500,700,down,-0.002351298734270424,-0.006737442998704654,300
327,7,3500,700,down,-0.002351298734270424,-0.006737442998704654,300
328,7,3500,700,down,-0.002351298734270424,-0.006737442998704654,300
329,7,3500,700,down,-0.0033470587502903992,-0.00773320301472463,300
330,7,3500,700,down,-0.0033470587502903992,-0.00773320301472463,300
331,7,3500,700,down,-0.0033470587502903992,-0.00773320301472463,300
332,7,3500,700,down,-0.0033470587502903992,-0.00773320301472463,300
333,7,3500,700,down,-0.0033470587502903992,-0.00773320301472463,300
334,7,3500,700,down,-0.0017466210241274815,-0.006132765288561712,300
335,7,3500,700,down,-0.0017466210241274815,-0.006132765288561712,300
336,7,3500,700,down,-0.0017466210241274815,-0.006132765288561712,300
337,7,3500,700,down,-0.0017466210241274815,-0.006132765288561712,300
338,7,3500,700,down,-0.0017466210241274815,-0.006132765288561712,300
339,7,3500,700,down,-0.0017796879989011583,-0.006165832263335389,300
340,7,3500,700,down,-0.0017796879989011583,-0.006165832263335389,300
341,7,3500,700,down,-0.0017796879989011583,-0.006165832263335389,300
342,7,3500,700,down,-0.0017796879989011583,-0.006165832263335389,300
343,7,3500,700,down,-0.0017796879989011583,-0.006165832263335389,300
344,7,3500,700,down,0.00017701903950384512,-0.004209125224930385,300
345,7,3500,700,down,0.00017701903950384512,-0.004209125224930385,300
346,7,3500,700,down,0.00017701903950384512,-0.004209125224930385,300
347,7,3500,700,down,0.00017701903950384512,-0.004209125224930385,300
348,7,3500,700,down,0.00017701903950384512,-0.004209125224930385,300
349,7,3500,700,down,0.0007359933427399934,-0.003650150921694237,300
350,1,2800,700,down,-0.003035361753384258,-0.00490167097370152,300
351,1,2800,700,down,-0.003955071067675897,-0.005821380287993159,300
352,1,2800,700,down,-0.003955071067675897,-0.005821380287993159,300
353,1,2800,700,down,-0.003955071067675897,-0.005821380287993159,300
354,1,2800,700,down,-0.003955071067675897,-0.005821380287993159,300
355,1,2800,700,down,-0.003955071067675897,-0.005821380287993159,300
356,1,2800,700,down,-0.0015107646764156435,-0.0033770738967329053,300
357,1,2800,700,down,-0.0015107646764156435,-0.0033770738967329053,300
358,1,2800,700,down,-0.0015107646764156435,-0.0033770738967329053,300
359,1,2800,700,down,-0.0015107646764156435,-0.0033770738967329053,300
360,1,2800,700,down,-0.0015107646764156435,-0.0033770738967329053,300
361,1,2800,700,down,-0.003831696219418479,-0.005698005439735741,300
362,1,2800,700,down,-0.003831696219418479,-0.005698005439735741,300
363,1,2800,700,down,-0.003831696219418479,-0.005698005439735741,300
364,1,2800,700,down,-0.003831696219418479,-0.005698005439735741,300
365,1,2800,700,down,-0.003831696219418479,-0.005698005439735741,300
366,1,2800,700,down,-0.00295350689376761,-0.004819816114084872,300
367,1,2800,700,down,-0.00295350689376761,-0.004819816114084872,300
368,1,2800,700,down,-0.00295350689376761,-0.004819816114084872,300
369,1,2800,700,down,-0.00295350689376761,-0.004819816114084872,300
370,1,2800,700,down,-0.00295350689376761,-0.004819816114084872,300
371,1,2800,700,down,-0.0015212550417111892,-0.003387564262028451,300
372,1,2800,700,down,-0.0015212550417111892,-0.003387564262028451,300
373,1,2800,700,down,-0.0015212550417111892,-0.003387564262028451,300
374,1,2800,700,down,-0.0015212550417111892,-0.003387564262028451,300
375,1,2800,700,down,-0.0015212550417111892,-0.003387564262028451,300
376,1,2800,700,down,0.00019200475222591606,-0.0016743044680913456,300
377,1,2800,700,down,0.00019200475222591606,-0.0016743044680913456,300
378,1,2800,700,down,0.00019200475222591606,-0.0016743044680913456,300
379,1,2800,700,down,0.00019200475222591606,-0.0016743044680913456,300
380,1,2800,700,down,0.00019200475222591606,-0.0016743044680913456,300
381,1,2800,700,down,-0.000608347698581202,-0.002474656918898464,300
382,1,2800,700,down,-0.000608347698581202,-0.002474656918898464,300
383,1,2800,700,down,-0.000608347698581202,-0.002474656918898464,300
384,1,2800,700,down,-0.000608347698581202,-0.002474656918898464,300
385,1,2800,700,down,-0.000608347698581202,-0.002474656918898464,300
386,1,2800,700,down,-0.0005278146073135481,-0.00239412382763081,300
387,1,2800,700,down,-0.0005278146073135481,-0.00239412382763081,300
388,1,2800,700,down,-0.0005278146073135481,-0.00239412382763081,300
389,1,2800,700,down,-0.0005278146073135481,-0.00239412382763081,300
390,1,2800,700,down,-0.0005278146073135481,-0.00239412382763081,300
391,1,2800,700,down,-0.0019095053759383696,-0.0037758145962556314,300
392,1,2800,700,down,-0.0019095053759383696,-0.0037758145962556314,300
393,1,2800,700,down,-0.0019095053759383696,-0.0037758145962556314,300
394,1,2800,700,down,-0.0019095053759383696,-0.0037758145962556314,300
395,1,2800,700,down,-0.0019095053759383696,-0.0037758145962556314,300
396,1,2800,700,down,0.00019226560006257998,-0.0016740436202546817,300
397,1,2800,700,down,0.00019226560006257998,-0.0016740436202546817,300
398,1,2800,700,down,0.00019226560006257998,-0.0016740436202546817,300
399,1,2800,700,down,0.00019226560006257998,-0.0016740436202546817,300
400,2,2800,700,up,0.006853501493933045,0.004987192273615783,300
401,2,2800,700,up,0.006853501493933045,0.004987192273615783,300
402,2,2800,700,up,0.006853501493933045,0.004987192273615783,300
403,2,2800,700,up,0.006853501493933045,0.004987192273615783,300
404,2,2800,700,up,0.006338006903344073,0.0044716976830268115,300
405,2,2800,700,up,0.006338006903344073,0.0044716976830268115,300
406,2,2800,700,up,0.006338006903344073,0.0044716976830268115,300
407,2,2800,700,up,0.006338006903344073,0.0044716976830268115,300
408,2,2800,700,up,0.006338006903344073,0.0044716976830268115,300
409,2,2800,700,up,0.006173719957130341,0.0043074107368130795,300
410,2,2800,700,up,0.006173719957130341,0.0043074107368130795,300
411,2,2800,700,up,0.006173719957130341,0.0043074107368130795,300
412,2,2800,700,up,0.006173719957130341,0.0043074107368130795,300
413,2,2800,700,up,0.006173719957130341,0.0043074107368130795,300
414,2,2800,700,up,0.006012802268691164,0.004146493048373902,300
415,2,2800,700,up,0.006012802268691164,0.004146493048373902,300
416,2,2800,700,up,0.006012802268691164,0.004146493048373902,300
417,2,2800,700,up,0.006012802268691164,0.004146493048373902,300
418,2,2800,700,up,0.006012802268691164,0.004146493048373902,300
419,2,2800,700,up,0.004572641853939352,0.0027063326336220902,300
420,2,2800,700,up,0.004572641853939352,0.0027063326336220902,300
421,2,2800,700,up,0.004572641853939352,0.0027063326336220902,300
422,2,2800,700,up,0.004572641853939352,0.0027063326336220902,300
423,2,2800,700,up,0.004572641853939352,0.0027063326336220902,300
424,2,2800,700,up,0.004372144423207214,0.002505835202889952,300
425,2,2800,700,up,0.004372144423207214,0.002505835202889952,300
426,2,2800,700,up,0.004372144423207214,0.002505835202889952,300
427,2,2800,700,up,0.004372144423207214,0.002505835202889952,300
428,2,2800,700,up,0.004372144423207214,0.002505835202889952,300
429,2,2800,700,up,0.003951039000148038,0.002084729779830776,300
430,2,2800,700,up,0.003951039000148038,0.002084729779830776,300
431,2,2800,700,up,0.003951039000148038,0.002084729779830776,300
432,2,2800,700,up,0.003951039000148038,0.002084729779830776,300
433,2,2800,700,up,0.003951039000148038,0.002084729779830776,300
434,2,2800,700,up,0.00472856830973889,0.002862259089421628,300
435,2,2800,700,up,0.00472856830973889,0.002862259089421628,300
436,2,2800,700,up,0.00472856830973889,0.002862259089421628,300
437,2,2800,700,up,0.00472856830973889,0.002862259089421628,300
438,2,2800,700,up,0.00472856830973889,0.002862259089421628,300
439,2,2800,700,up,0.006629435233127978,0.004763126012810716,300
440,2,2800,700,up,0.006629435233127978,0.004763126012810716,300
441,2,2800,700,up,0.006629435233127978,0.004763126012810716,300
442,2,2800,700,up,0.006629435233127978,0.004763126012810716,300
443,2,2800,700,up,0.006629435233127978,0.004763126012810716,300
444,2,2800,700,up,0.004899503012215423,0.0030331937918981608,300
445,2,2800,700,up,0.004899503012215423,0.0030331937918981608,300
446,2,2800,700,up,0.004899503012215423,0.0030331937918981608,300
447,2,2800,700,up,0.004899503012215423,0.0030331937918981608,300
448,2,2800,700,up,0.004899503012215423,0.0030331937918981608,300
449,2,2800,700,up,0.004537059344667638,0.002670750124350376,300
450,3,2800,700,down,-0.005241974178796571,-0.007108283399113833,300
451,3,2800,700,down,-0.005241974178796571,-0.007108283399113833,300
452,3,2800,700,down,-0.005241974178796571,-0.007108283399113833,300
453,3,2800,700,down,-0.005241974178796571,-0.007108283399113833,300
454,3,2800,700,down,-0.00462826103776548,-0.006494570258082742,300
455,3,2800,700,down,-0.00462826103776548,-0.006494570258082742,300
456,3,2800,700,down,-0.00462826103776548,-0.006494570258082742,300
457,3,2800,700,down,-0.00462826103776548,-0.006494570258082742,300
458,3,2800,700,down,-0.00462826103776548,-0.006494570258082742,300
459,3,2800,700,down,-0.005650187839465692,-0.007516497059782954,300
460,3,2800,700,down,-0.005650187839465692,-0.007516497059782954,300
461,3,2800,700,down,-0.005650187839465692,-0.007516497059782954,300
462,3,2800,700,down,-0.005650187839465692,-0.007516497059782954,300
463,3,2800,700,down,-0.005650187839465692,-0.007516497059782954,300
464,3,2800,700,down,-0.0027044744156681233,-0.004570783635985385,300
465,3,2800,700,down,-0.0027044744156681233,-0.004570783635985385,300
466,3,2800,700,down,-0.0027044744156681233,-0.004570783635985385,300
467,3,2800,700,down,-0.0027044744156681233,-0.004570783635985385,300
468,3,2800,700,down,-0.0027044744156681233,-0.004570783635985385,300
469,3,2800,700,down,-0.000496646089552577,-0.002362955309869839,300
470,3,2800,700,down,-0.000496646089552577,-0.002362955309869839,300
471,3,2800,700,down,-0.000496646089552577,-0.002362955309869839,300
472,3,2800,700,down,-0.000496646089552577,-0.002362955309869839,300
473,3,2800,700,down,-0.000496646089552577,-0.002362955309869839,300
474,3,2800,700,down,-0.00046978158528032665,-0.0023360908055975885,300
475,3,2800,700,down,-0.00046978158528032665,-0.0023360908055975885,300
476,3,2800,700,down,-0.00046978158528032665,-0.0023360908055975885,300
477,3,2800,700,down,-0.00046978158528032665,-0.0023360908055975885,300
478,3,2800,700,down,-0.00046978158528032665,-0.0023360908055975885,300
479,3,2800,700,down,-0.0038793601405939793,-0.005745669360911241,300
480,3,2800,700,down,-0.0038793601405939793,-0.005745669360911241,300
481,3,2800,700,down,-0.0038793601405939793,-0.005745669360911241,300
482,3,2800,700,down,-0.0038793601405939793,-0.005745669360911241,300
483,3,2800,700,down,-0.0038793601405939793,-0.005745669360911241,300
484,3,2800,700,down,-0.0006376976172637328,-0.0025040068375809946,300
485,3,2800,700,down,-0.0006376976172637328,-0.0025040068375809946,300
486,3,2800,700,down,-0.0006376976172637328,-0.0025040068375809946,300
487,3,2800,700,down,-0.0006376976172637328,-0.0025040068375809946,300
488,3,2800,700,down,-0.0006376976172637328,-0.0025040068375809946,300
489,3,2800,700,down,-0.00022529054701125872,-0.0020915997673285206,300
490,3,2800,700,down,-0.00022529054701125872,-0.0020915997673285206,300
491,3,2800,700,down,-0.00022529054701125872,-0.0020915997673285206,300
492,3,2800,700,down,-0.00022529054701125872,-0.0020915997673285206,300
493,3,2800,700,down,-0.00022529054701125872,-0.0020915997673285206,300
494,3,2800,700,down,-0.0010506295057570725,-0.0029169387260743343,300
495,3,2800,700,down,-0.0010506295057570725,-0.0029169387260743343,300
496,3,2800,700,down,-0.0010506295057570725,-0.0029169387260743343,300
497,3,2800,700,down,-0.0010506295057570725,-0.0029169387260743343,300
498,3,2800,700,down,-0.0010506295057570725,-0.0029169387260743343,300
499,3,2800,700,down,-0.000362582951656476,-0.002228892171973738,300
500,4,2800,700,up,0.007062706404337149,0.005196397184019887,300
501,4,2800,700,up,0.007062706404337149,0.005196397184019887,300
502,4,2800,700,up,0.007062706404337149,0.005196397184019887,300
503,4,2800,700,up,0.007062706404337149,0.005196397184019887,300
504,4,2800,700,up,0.007062706404337149,0.005196397184019887,300
505,4,2800,700,up,0.0072744470220293955,0.005408137801712134,300
506,4,2800,700,up,0.0072744470220293955,0.005408137801712134,300
507,4,2800,700,up,0.0072744470220293955,0.005408137801712134,300
508,4,2800,700,up,0.0072744470220293955,0.005408137801712134,300
509,4,2800,700,up,0.0072744470220293955,0.005408137801712134,300
510,4,2800,700,up,0.005266497016209737,0.003400187795892475,300
511,4,2800,700,up,0.005266497016209737,0.003400187795892475,300
512,4,2800,700,up,0.005266497016209737,0.003400187795892475,300
513,4,2800,700,up,0.005266497016209737,0.003400187795892475,300
514,4,2800,700,up,0.005266497016209737,0.003400187795892475,300
515,4,2800,700,up,0.006066123196337259,0.004199813976019997,300
516,4,2800,700,up,0.006066123196337259,0.004199813976019997,300
517,4,2800,700,up,0.006066123196337259,0.004199813976019997,300
518,4,2800,700,up,0.006066123196337259,0.004199813976019997,300
519,4,2800,700,up,0.006066123196337259,0.004199813976019997,300
520,4,2800,700,up,0.005523702413040565,0.0036573931927233036,300
521,4,2800,700,up,0.005523702413040565,0.0036573931927233036,300
522,4,2800,700,up,0.005523702413040565,0.0036573931927233036,300
523,4,2800,700,up,0.005523702413040565,0.0036573931927233036,300
524,4,2800,700,up,0.005523702413040565,0.0036573931927233036,300
525,4,2800,700,up,0.003553727226224046,0.0016874180059067844,300
526,4,2800,700,up,0.003553727226224046,0.0016874180059067844,300
527,4,2800,700,up,0.003553727226224046,0.0016874180059067844,300
528,4,2800,700,up,0.003553727226224046,0.0016874180059067844,300
529,4,2800,700,up,0.003553727226224046,0.0016874180059067844,300
530,4,2800,700,up,0.0046409235234115,0.002774614303094238,300
531,4,2800,700,up,0.0046409235234115,0.002774614303094238,300
532,4,2800,700,up,0.0046409235234115,0.002774614303094238,300
533,4,2800,700,up,0.0046409235234115,0.002774614303094238,300
534,4,2800,700,up,0.0046409235234115,0.002774614303094238,300
535,4,2800,700,up,0.006261978579624294,0.0043956693593070325,300
536,4,2800,700,up,0.006261978579624294,0.0043956693593070325,300
537,4,2800,700,up,0.006261978579624294,0.0043956693593070325,300
538,4,2800,700,up,0.006261978579624294,0.0043956693593070325,300
539,4,2800,700,up,0.006261978579624294,0.0043956693593070325,300
540,4,2800,700,up,0.004635560569710595,0.002769251349393333,300
541,4,2800,700,up,0.004635560569710595,0.002769251349393333,300
542,4,2800,700,up,0.004635560569710595,0.002769251349393333,300
543,4,2800,700,up,0.004635560569710595,0.002769251349393333,300
544,4,2800,700,up,0.004635560569710595,0.002769251349393333,300
545,4,2800,700,up,0.002801001340311471,0.0009346921199942092,300
546,4,2800,700,up,0.002801001340311471,0.0009346921199942092,300
547,4,2800,700,up,0.002801001340311471,0.0009346921199942092,300
548,4,2800,700,up,0.002801001340311471,0.0009346921199942092,300
549,4,2800,700,up,0.002801001340311471,0.0009346921199942092,300
550,5,2800,700,down,-0.0025888615603812948,-0.004455170780698557,300
551,5,2800,700,down,-0.0025888615603812948,-0.004455170780698557,300
552,5,2800,700,down,-0.0025888615603812948,-0.004455170780698557,300
553,5,2800,700,down,-0.0018035040356627619,-0.0036698132559800237,300
554,5,2800,700,down,-0.0018035040356627619,-0.0036698132559800237,300
555,5,2800,700,down,-0.0018035040356627619,-0.0036698132559800237,300
556,5,2800,700,down,-0.0018035040356627619,-0.0036698132559800237,300
557,5,2800,700,down,-0.0018035040356627619,-0.0036698132559800237,300
558,5,2800,700,down,-0.003183399930410946,-0.005049709150728208,300
559,5,2800,700,down,-0.003183399930410946,-0.005049709150728208,300
560,5,2800,700,down,-0.003183399930410946,-0.005049709150728208,300
561,5,2800,700,down,-0.003183399930410946,-0.005049709150728208,300
562,5,2800,700,down,-0.003183399930410946,-0.005049709150728208,300
563,5,2800,700,down,-0.0024420143752001966,-0.0043083235955174584,300
564,5,2800,700,down,-0.0024420143752001966,-0.0043083235955174584,300
565,5,2800,700,down,-0.0024420143752001966,-0.0043083235955174584,300
566,5,2800,700,down,-0.0024420143752001966,-0.0043083235955174584,300
567,5,2800,700,down,-0.0024420143752001966,-0.0043083235955174584,300
568,5,2800,700,down,-0.0014799095472142199,-0.0033462187675314817,300
569,5,2800,700,down,-0.0014799095472142199,-0.0033462187675314817,300
570,5,2800,700,down,-0.0014799095472142199,-0.0033462187675314817,300
571,5,2800,700,down,-0.0014799095472142199,-0.0033462187675314817,300
572,5,2800,700,down,-0.0014799095472142199,-0.0033462187675314817,300
573,5,2800,700,down,-0.0036217591309353203,-0.005488068351252582,300
574,5,2800,700,down,-0.0036217591309353203,-0.005488068351252582,300
575,5,2800,700,down,-0.0036217591309353203,-0.005488068351252582,300
576,5,2800,700,down,-0.0036217591309353203,-0.005488068351252582,300
577,5,2800,700,down,-0.0036217591309353203,-0.005488068351252582,300
578,5,2800,700,down,-0.0010420256129579641,-0.002908334833275226,300
579,5,2800,700,down,-0.0010420256129579641,-0.002908334833275226,300
580,5,2800,700,down,-0.0010420256129579641,-0.002908334833275226,300
581,5,2800,700,down,-0.0010420256129579641,-0.002908334833275226,300
582,5,2800,700,down,-0.0010420256129579641,-0.002908334833275226,300
583,5,2800,700,down,-0.0012934890497064977,-0.0031597982700237595,300
584,5,2800,700,down,-0.0012934890497064977,-0.0031597982700237595,300
585,5,2800,700,down,-0.0012934890497064977,-0.0031597982700237595,300
586,5,2800,700,down,-0.0012934890497064977,-0.0031597982700237595,300
587,5,2800,700,down,-0.0012934890497064977,-0.0031597982700237595,300
588,5,2800,700,down,-0.0004169417280377452,-0.002283250948355007,300
589,5,2800,700,down,-0.0004169417280377452,-0.002283250948355007,300
590,5,2800,700,down,-0.0004169417280377452,-0.002283250948355007,300
591,5,2800,700,down,-0.0004169417280377452,-0.002283250948355007,300
592,5,2800,700,down,-0.0004169417280377452,-0.002283250948355007,300
593,5,2800,700,down,-0.00024182540860140378,-0.0021081346289186656,300
594,5,2800,700,down,-0.00024182540860140378,-0.0021081346289186656,300
595,5,2800,700,down,-0.00024182540860140378,-0.0021081346289186656,300
596,5,2800,700,down,-0.00024182540860140378,-0.0021081346289186656,300
597,5,2800,700,down,-0.00024182540860140378,-0.0021081346289186656,300
598,5,2800,700,down,0.0019104256376973883,4.411641738012663e-05,300
599,5,2800,700,down,0.0019104256376973883,4.411641738012663e-05,300
600,6,2800,700,up,0.008683379478596098,0.006817070258278836,300
601,6,2800,700,up,0.008683379478596098,0.006817070258278836,300
602,6,2800,700,up,0.008683379478596098,0.006817070258278836,300
603,6,2800,700,up,0.007243219063844286,0.005376909843527024,300
604,6,2800,700,up,0.007243219063844286,0.005376909843527024,300
605,6,2800,700,up,0.007243219063844286,0.005376909843527024,300
606,6,2800,700,up,0.007243219063844286,0.005376909843527024,300
607,6,2800,700,up,0.007243219063844286,0.005376909843527024,300
608,6,2800,700,up,0.008237260147063719,0.006370950926746457,300
609,6,2800,700,up,0.008237260147063719,0.006370950926746457,300
610,6,2800,700,up,0.008237260147063719,0.006370950926746457,300
611,6,2800,700,up,0.008237260147063719,0.006370950926746457,300
612,6,2800,700,up,0.008237260147063719,0.006370950926746457,300
613,6,2800,700,up,0.005372747429564839,0.0035064382092475773,300
614,6,2800,700,up,0.005372747429564839,0.0035064382092475773,300
615,6,2800,700,up,0.005372747429564839,0.0035064382092475773,300
616,6,2800,700,up,0.005372747429564839,0.0035064382092475773,300
617,6,2800,700,up,0.005372747429564839,0.0035064382092475773,300
618,6,2800,700,up,0.0040683313585945236,0.0022020221382772617,300
619,6,2800,700,up,0.0040683313585945236,0.0022020221382772617,300
620,6,2800,700,up,0.0040683313585945236,0.0022020221382772617,300
621,6,2800,700,up,0.0040683313585945236,0.0022020221382772617,300
622,6,2800,700,up,0.0040683313585945236,0.0022020221382772617,300
623,6,2800,700,up,0.0073378252971672,0.005471516076849938,300
624,6,2800,700,up,0.0073378252971672,0.005471516076849938,300
625,6,2800,700,up,0.0073378252971672,0.005471516076849938,300
626,6,2800,700,up,0.0073378252971672,0.005471516076849938,300
627,6,2800,700,up,0.0073378252971672,0.005471516076849938,300
628,6,2800,700,up,0.005874480091520029,0.004008170871202767,300
629,6,2800,700,up,0.005874480091520029,0.004008170871202767,300
630,6,2800,700,up,0.005874480091520029,0.004008170871202767,300
631,6,2800,700,up,0.005874480091520029,0.004008170871202767,300
632,6,2800,700,up,0.005874480091520029,0.004008170871202767,300
633,6,2800,700,up,0.006272304128546402,0.00440599490822914,300
634,6,2800,700,up,0.006272304128546402,0.00440599490822914,300
635,6,2800,700,up,0.006272304128546402,0.00440599490822914,300
636,6,2800,700,up,0.006272304128546402,0.00440599490822914,300
637,6,2800,700,up,0.006272304128546402,0.00440599490822914,300
638,6,2800,700,up,0.006664449933992733,0.004798140713675471,300
639,6,2800,700,up,0.006664449933992733,0.004798140713675471,300
640,6,2800,700,up,0.006664449933992733,0.004798140713675471,300
641,6,2800,700,up,0.006664449933992733,0.004798140713675471,300
642,6,2800,700,up,0.006664449933992733,0.004798140713675471,300
643,6,2800,700,up,0.004436584579930569,0.0025702753596133074,300
644,6,2800,700,up,0.004436584579930569,0.0025702753596133074,300
645,6,2800,700,up,0.004436584579930569,0.0025702753596133074,300
646,6,2800,700,up,0.004436584579930569,0.0025702753596133074,300
647,6,2800,700,up,0.004436584579930569,0.0025702753596133074,300
648,6,2800,700,up,0.0039933561765284065,0.0021270469562111446,300
649,6,2800,700,up,0.0039933561765284065,0.0021270469562111446,300
650,7,2800,700,down,-0.00483707531223998,-0.006703384532557242,300
651,7,2800,700,down,-0.00483707531223998,-0.006703384532557242,300
652,7,2800,700,down,-0.00483707531223998,-0.006703384532557242,300
653,7,2800,700,down,-0.004293842894966815,-0.006160152115284077,300
654,7,2800,700,down,-0.004293842894966815,-0.006160152115284077,300
655,7,2800,700,down,-0.004293842894966815,-0.006160152115284077,300
656,7,2800,700,down,-0.004293842894966815,-0.006160152115284077,300
657,7,2800,700,down,-0.004293842894966815,-0.006160152115284077,300
658,7,2800,700,down,-0.00344176313823219,-0.005308072358549452,300
659,7,2800,700,down,-0.00344176313823219,-0.005308072358549452,300
660,7,2800,700,down,-0.00344176313823219,-0.005308072358549452,300
661,7,2800,700,down,-0.00344176313823219,-0.005308072358549452,300
662,7,2800,700,down,-0.00344176313823219,-0.005308072358549452,300
663,7,2800,700,down,-0.0030552487198072242,-0.004921557940124486,300
664,7,2800,700,down,-0.0030552487198072242,-0.004921557940124486,300
665,7,2800,700,down,-0.0030552487198072242,-0.004921557940124486,300
666,7,2800,700,down,-0.0030552487198072242,-0.004921557940124486,300
667,7,2800,700,down,-0.0030552487198072242,-0.004921557940124486,300
668,7,2800,700,down,-0.002611864601006708,-0.00447817382132397,300
669,7,2800,700,down,-0.002611864601006708,-0.00447817382132397,300
670,7,2800,700,down,-0.002611864601006708,-0.00447817382132397,300
671,7,2800,700,down,-0.002611864601006708,-0.00447817382132397,300
672,7,2800,700,down,-0.002611864601006708,-0.00447817382132397,300
673,7,2800,700,down,-0.002611864601006708,-0.00447817382132397,300
674,7,2800,700,down,-0.002611864601006708,-0.00447817382132397,300
675,7,2800,700,down,-0.002611864601006708,-0.00447817382132397,300
676,7,2800,700,down,-0.002611864601006708,-0.00447817382132397,300
677,7,2800,700,down,-0.002611864601006708,-0.00447817382132397,300
678,7,2800,700,down,-0.002222036290955298,-0.00408834551127256,300
679,7,2800,700,down,-0.002222036290955298,-0.00408834551127256,300
680,7,2800,700,down,-0.002222036290955298,-0.00408834551127256,300
681,7,2800,700,down,-0.002222036290955298,-0.00408834551127256,300
682,7,2800,700,down,-0.002222036290955298,-0.00408834551127256,300
683,7,2800,700,down,-0.0019477032583088416,-0.0038140124786261035,300
684,7,2800,700,down,-0.0019477032583088416,-0.0038140124786261035,300
685,7,2800,700,down,-0.0019477032583088416,-0.0038140124786261035,300
686,7,2800,700,down,-0.0019477032583088416,-0.0038140124786261035,300
687,7,2800,700,down,-0.0019477032583088416,-0.0038140124786261035,300
688,7,2800,700,down,-0.003385315136121614,-0.005251624356438876,300
689,7,2800,700,down,-0.003385315136121614,-0.005251624356438876,300
690,7,2800,700,down,-0.003385315136121614,-0.005251624356438876,300
691,7,2800,700,down,-0.003385315136121614,-0.005251624356438876,300
692,7,2800,700,down,-0.003385315136121614,-0.005251624356438876,300
693,7,2800,700,down,-0.0013973415736736605,-0.0032636507939909224,300
694,7,2800,700,down,-0.0013973415736736605,-0.0032636507939909224,300
695,7,2800,700,down,-0.0013973415736736605,-0.0032636507939909224,300
696,7,2800,700,down,-0.0013973415736736605,-0.0032636507939909224,300
697,7,2800,700,down,-0.0013973415736736605,-0.0032636507939909224,300
698,7,2800,700,down,-0.0015970399774558608,-0.0034633491977731226,300
699,7,2800,700,down,-0.0015970399774558608,-0.0034633491977731226,300
700,1,2100,700,down,-0.0034537725940364528,-0.002193924406493424,300
701,1,2100,700,down,-0.0034537725940364528,-0.002193924406493424,300
702,1,2100,700,down,-0.0034537725940364528,-0.002193924406493424,300
703,1,2100,700,down,-0.0034537725940364528,-0.002193924406493424,300
704,1,2100,700,down,-0.0034537725940364528,-0.002193924406493424,300
705,1,2100,700,down,-0.0034537725940364528,-0.002193924406493424,300
706,1,2100,700,down,-0.0034537725940364528,-0.002193924406493424,300
707,1,2100,700,down,-0.00389832519444977,-0.002638477006906741,300
708,1,2100,700,down,-0.00389832519444977,-0.002638477006906741,300
709,1,2100,700,down,-0.00389832519444977,-0.002638477006906741,300
710,1,2100,700,down,-0.00389832519444977,-0.002638477006906741,300
711,1,2100,700,down,-0.00389832519444977,-0.002638477006906741,300
712,1,2100,700,down,-0.006075620765519929,-0.0048157725779769,300
713,1,2100,700,down,-0.006075620765519929,-0.0048157725779769,300
714,1,2100,700,down,-0.006075620765519929,-0.0048157725779769,300
715,1,2100,700,down,-0.006075620765519929,-0.0048157725779769,300
716,1,2100,700,down,-0.006075620765519929,-0.0048157725779769,300
717,1,2100,700,down,-0.0029150039923382387,-0.0016551558047952098,300
718,1,2100,700,down,-0.0029150039923382387,-0.0016551558047952098,300
719,1,2100,700,down,-0.0029150039923382387,-0.0016551558047952098,300
720,1,2100,700,down,-0.0029150039923382387,-0.0016551558047952098,300
721,1,2100,700,down,-0.0029150039923382387,-0.0016551558047952098,300
722,1,2100,700,down,-0.00021590378891489515,0.0010439443986281337,300
723,1,2100,700,down,-0.00021590378891489515,0.0010439443986281337,300
724,1,2100,700,down,-0.00021590378891489515,0.0010439443986281337,300
725,1,2100,700,down,-0.00021590378891489515,0.0010439443986281337,300
726,1,2100,700,down,-0.00021590378891489515,0.0010439443986281337,300
727,1,2100,700,down,-0.00463545563826262,-0.003375607450719591,300
728,1,2100,700,down,-0.00463545563826262,-0.003375607450719591,300
729,1,2100,700,down,-0.00463545563826262,-0.003375607450719591,300
730,1,2100,700,down,-0.00463545563826262,-0.003375607450719591,300
731,1,2100,700,down,-0.00463545563826262,-0.003375607450719591,300
732,1,2100,700,down,-0.004460953448807148,-0.003201105261264119,300
733,1,2100,700,down,-0.004460953448807148,-0.003201105261264119,300
734,1,2100,700,down,-0.004460953448807148,-0.003201105261264119,300
735,1,2100,700,down,-0.004460953448807148,-0.003201105261264119,300
736,1,2100,700,down,-0.004460953448807148,-0.003201105261264119,300
737,1,2100,700,down,-0.0009388039596835984,0.00032104422785943047,300
738,1,2100,700,down,-0.0009388039596835984,0.00032104422785943047,300
739,1,2100,700,down,-0.0009388039596835984,0.00032104422785943047,300
740,1,2100,700,down,-0.0009388039596835984,0.00032104422785943047,300
741,1,2100,700,down,-0.0009388039596835984,0.00032104422785943047,300
742,1,2100,700,down,-0.002660100829369849,-0.0014002526418268203,300
743,1,2100,700,down,-0.002660100829369849,-0.0014002526418268203,300
744,1,2100,700,down,-0.002660100829369849,-0.0014002526418268203,300
745,1,2100,700,down,-0.002660100829369849,-0.0014002526418268203,300
746,1,2100,700,down,-0.002660100829369849,-0.0014002526418268203,300
747,1,2100,700,down,-9.922576716281384e-06,0.0012499256108267475,300
748,1,2100,700,down,-9.922576716281384e-06,0.0012499256108267475,300
749,1,2100,700,down,-9.922576716281384e-06,0.0012499256108267475,300
750,2,2100,700,up,0.0065530659810320024,0.007812914168575031,300
751,2,2100,700,up,0.007578177761922156,0.008838025949465185,300
752,2,2100,700,up,0.007578177761922156,0.008838025949465185,300
753,2,2100,700,up,0.007578177761922156,0.008838025949465185,300
754,2,2100,700,up,0.007578177761922156,0.008838025949465185,300
755,2,2100,700,up,0.007578177761922156,0.008838025949465185,300
756,2,2100,700,up,0.004523373328311875,0.005783221515854904,300
757,2,2100,700,up,0.004523373328311875,0.005783221515854904,300
758,2,2100,700,up,0.004523373328311875,0.005783221515854904,300
759,2,2100,700,up,0.004523373328311875,0.005783221515854904,300
760,2,2100,700,up,0.004523373328311875,0.005783221515854904,300
761,2,2100,700,up,0.005220920459631406,0.006480768647174435,300
762,2,2100,700,up,0.005220920459631406,0.006480768647174435,300
763,2,2100,700,up,0.005220920459631406,0.006480768647174435,300
764,2,2100,700,up,0.005220920459631406,0.006480768647174435,300
765,2,2100,700,up,0.005220920459631406,0.006480768647174435,300
766,2,2100,700,up,0.005565190663098907,0.006825038850641936,300
767,2,2100,700,up,0.005565190663098907,0.006825038850641936,300
768,2,2100,700,up,0.005565190663098907,0.006825038850641936,300
769,2,2100,700,up,0.005565190663098907,0.006825038850641936,300
770,2,2100,700,up,0.005565190663098907,0.006825038850641936,300
771,2,2100,700,up,0.005597809056457237,0.006857657244000266,300
772,2,2100,700,up,0.005597809056457237,0.006857657244000266,300
773,2,2100,700,up,0.005597809056457237,0.006857657244000266,300
774,2,2100,700,up,0.005597809056457237,0.006857657244000266,300
775,2,2100,700,up,0.005597809056457237,0.006857657244000266,300
776,2,2100,700,up,0.0059870549173655085,0.0072469031049085374,300
777,2,2100,700,up,0.0059870549173655085,0.0072469031049085374,300
778,2,2100,700,up,0.0059870549173655085,0.0072469031049085374,300
779,2,2100,700,up,0.0059870549173655085,0.0072469031049085374,300
780,2,2100,700,up,0.0059870549173655085,0.0072469031049085374,300
781,2,2100,700,up,0.003019061755759056,0.004278909943302085,300
782,2,2100,700,up,0.003019061755759056,0.004278909943302085,300
783,2,2100,700,up,0.003019061755759056,0.004278909943302085,300
784,2,2100,700,up,0.003019061755759056,0.004278909943302085,300
785,2,2100,700,up,0.003019061755759056,0.004278909943302085,300
786,2,2100,700,up,0.00696898937838375,0.008228837565926779,300
787,2,2100,700,up,0.00696898937838375,0.008228837565926779,300
788,2,2100,700,up,0.00696898937838375,0.008228837565926779,300
789,2,2100,700,up,0.00696898937838375,0.008228837565926779,300
790,2,2100,700,up,0.00696898937838375,0.008228837565926779,300
791,2,2100,700,up,0.007167642876668712,0.00842749106421174,300
792,2,2100,700,up,0.007167642876668712,0.00842749106421174,300
793,2,2100,700,up,0.007167642876668712,0.00842749106421174,300
794,2,2100,700,up,0.007167642876668712,0.00842749106421174,300
795,2,2100,700,up,0.007167642876668712,0.00842749106421174,300
796,2,2100,700,up,0.0038257734832065626,0.0050856216707495915,300
797,2,2100,700,up,0.0038257734832065626,0.0050856216707495915,300
798,2,2100,700,up,0.0038257734832065626,0.0050856216707495915,300
799,2,2100,700,up,0.0038257734832065626,0.0050856216707495915,300
800,3,2100,700,down,-0.0034563085977958874,-0.0021964604102528585,300
801,3,2100,700,down,-0.0031535270522169423,-0.0018936788646739134,300
802,3,2100,700,down,-0.0031535270522169423,-0.0018936788646739134,300
803,3,2100,700,down,-0.0031535270522169423,-0.0018936788646739134,300
804,3,2100,700,down,-0.0031535270522169423,-0.0018936788646739134,300
805,3,2100,700,down,-0.0031535270522169423,-0.0018936788646739134,300
806,3,2100,700,down,-0.0021598438842447276,-0.0008999956967016987,300
807,3,2100,700,down,-0.0021598438842447276,-0.0008999956967016987,300
808,3,2100,700,down,-0.0021598438842447276,-0.0008999956967016987,300
809,3,2100,700,down,-0.0021598438842447276,-0.0008999956967016987,300
810,3,2100,700,down,-0.0021598438842447276,-0.0008999956967016987,300
811,3,2100,700,down,-0.002595477238686472,-0.0013356290511434433,300
812,3,2100,700,down,-0.002595477238686472,-0.0013356290511434433,300
813,3,2100,700,down,-0.002595477238686472,-0.0013356290511434433,300
814,3,2100,700,down,-0.002595477238686472,-0.0013356290511434433,300
815,3,2100,700,down,-0.002595477238686472,-0.0013356290511434433,300
816,3,2100,700,down,-0.0013442560717500385,-8.440788420700958e-05,300
817,3,2100,700,down,-0.0013442560717500385,-8.440788420700958e-05,300
818,3,2100,700,down,-0.0013442560717500385,-8.440788420700958e-05,300
819,3,2100,700,down,-0.0013442560717500385,-8.440788420700958e-05,300
820,3,2100,700,down,-0.0013442560717500385,-8.440788420700958e-05,300
821,3,2100,700,down,-0.002367352087057961,-0.0011075038995149323,300
822,3,2100,700,down,-0.002367352087057961,-0.0011075038995149323,300
823,3,2100,700,down,-0.002367352087057961,-0.0011075038995149323,300
824,3,2100,700,down,-0.002367352087057961,-0.0011075038995149323,300
825,3,2100,700,down,-0.002367352087057961,-0.0011075038995149323,300
826,3,2100,700,down,-0.0027248612231247638,-0.0014650130355817349,300
827,3,2100,700,down,-0.0027248612231247638,-0.0014650130355817349,300
828,3,2100,700,down,-0.0027248612231247638,-0.0014650130355817349,300
829,3,2100,700,down,-0.0027248612231247638,-0.0014650130355817349,300
830,3,2100,700,down,-0.0027248612231247638,-0.0014650130355817349,300
831,3,2100,700,down,-0.0020048932127274544,-0.0007450450251844255,300
832,3,2100,700,down,-0.0020048932127274544,-0.0007450450251844255,300
833,3,2100,700,down,-0.0020048932127274544,-0.0007450450251844255,300
834,3,2100,700,down,-0.0020048932127274544,-0.0007450450251844255,300
835,3,2100,700,down,-0.0020048932127274544,-0.0007450450251844255,300
836,3,2100,700,down,-0.0009214426556369837,0.0003384055319060452,300
837,3,2100,700,down,-0.0009214426556369837,0.0003384055319060452,300
838,3,2100,700,down,-0.0009214426556369837,0.0003384055319060452,300
839,3,2100,700,down,-0.0009214426556369837,0.0003384055319060452,300
840,3,2100,700,down,-0.0009214426556369837,0.0003384055319060452,300
841,3,2100,700,down,-0.0015584028386308457,-0.00029855465108781683,300
842,3,2100,700,down,-0.0015584028386308457,-0.00029855465108781683,300
843,3,2100,700,down,-0.0015584028386308457,-0.00029855465108781683,300
844,3,2100,700,down,-0.0015584028386308457,-0.00029855465108781683,300
845,3,2100,700,down,-0.0015584028386308457,-0.00029855465108781683,300
846,3,2100,700,down,-0.001691495838308521,-0.0004316476507654921,300
847,3,2100,700,down,-0.001691495838308521,-0.0004316476507654921,300
848,3,2100,700,down,-0.001691495838308521,-0.0004316476507654921,300
849,3,2100,700,down,-0.001691495838308521,-0.0004316476507654921,300
850,4,2100,700,up,0.008247147872096683,0.009506996059639712,300
851,4,2100,700,up,0.008247147872096683,0.009506996059639712,300
852,4,2100,700,up,0.007402980714967811,0.00866282890251084,300
853,4,2100,700,up,0.007402980714967811,0.00866282890251084,300
854,4,2100,700,up,0.007402980714967811,0.00866282890251084,300
855,4,2100,700,up,0.007402980714967811,0.00866282890251084,300
856,4,2100,700,up,0.007402980714967811,0.00866282890251084,300
857,4,2100,700,up,0.004865093060276937,0.006124941247819966,300
858,4,2100,700,up,0.004865093060276937,0.006124941247819966,300
859,4,2100,700,up,0.004865093060276937,0.006124941247819966,300
860,4,2100,700,up,0.004865093060276937,0.006124941247819966,300
861,4,2100,700,up,0.004865093060276937,0.006124941247819966,300
862,4,2100,700,up,0.006174342221185736,0.007434190408728765,300
863,4,2100,700,up,0.006174342221185736,0.007434190408728765,300
864,4,2100,700,up,0.006174342221185736,0.007434190408728765,300
865,4,2100,700,up,0.006174342221185736,0.007434190408728765,300
866,4,2100,700,up,0.006174342221185736,0.007434190408728765,300
867,4,2100,700,up,0.007992509648942825,0.009252357836485854,300
868,4,2100,700,up,0.007992509648942825,0.009252357836485854,300
869,4,2100,700,up,0.007992509648942825,0.009252357836485854,300
870,4,2100,700,up,0.007992509648942825,0.009252357836485854,300
871,4,2100,700,up,0.007992509648942825,0.009252357836485854,300
872,4,2100,700,up,0.004595331264158009,0.005855179451701038,300
873,4,2100,700,up,0.004595331264158009,0.005855179451701038,300
874,4,2100,700,up,0.004595331264158009,0.005855179451701038,300
875,4,2100,700,up,0.004595331264158009,0.005855179451701038,300
876,4,2100,700,up,0.004595331264158009,0.005855179451701038,300
877,4,2100,700,up,0.006240861403542741,0.00750070959108577,300
878,4,2100,700,up,0.006240861403542741,0.00750070959108577,300
879,4,2100,700,up,0.006240861403542741,0.00750070959108577,300
880,4,2100,700,up,0.006240861403542741,0.00750070959108577,300
881,4,2100,700,up,0.006240861403542741,0.00750070959108577,300
882,4,2100,700,up,0.006156420558564246,0.007416268746107275,300
883,4,2100,700,up,0.006156420558564246,0.007416268746107275,300
884,4,2100,700,up,0.006156420558564246,0.007416268746107275,300
885,4,2100,700,up,0.006156420558564246,0.007416268746107275,300
886,4,2100,700,up,0.006156420558564246,0.007416268746107275,300
887,4,2100,700,up,0.005599059990446298,0.006858908177989327,300
888,4,2100,700,up,0.005599059990446298,0.006858908177989327,300
889,4,2100,700,up,0.005599059990446298,0.006858908177989327,300
890,4,2100,700,up,0.005599059990446298,0.006858908177989327,300
891,4,2100,700,up,0.005599059990446298,0.006858908177989327,300
892,4,2100,700,up,0.005962892153814625,0.007222740341357654,300
893,4,2100,700,up,0.005962892153814625,0.007222740341357654,300
894,4,2100,700,up,0.005962892153814625,0.007222740341357654,300
895,4,2100,700,up,0.005962892153814625,0.007222740341357654,300
896,4,2100,700,up,0.005962892153814625,0.007222740341357654,300
897,4,2100,700,up,0.00562950206460977,0.006889350252152799,300
898,4,2100,700,up,0.00562950206460977,0.006889350252152799,300
899,4,2100,700,up,0.00562950206460977,0.006889350252152799,300
900,5,2100,700,down,-0.0035691869590552816,-0.0023093387715122527,300
901,5,2100,700,down,-0.0035691869590552816,-0.0023093387715122527,300
902,5,2100,700,down,-0.0035691869590552816,-0.0023093387715122527,300
903,5,2100,700,down,-0.0035691869590552816,-0.0023093387715122527,300
904,5,2100,700,down,-0.0035691869590552816,-0.0023093387715122527,300
905,5,2100,700,down,-0.0014575637745966041,-0.00019771558705357524,300
906,5,2100,700,down,-0.0014575637745966041,-0.00019771558705357524,300
907,5,2100,700,down,-0.0014575637745966041,-0.00019771558705357524,300
908,5,2100,700,down,-0.0014575637745966041,-0.00019771558705357524,300
909,5,2100,700,down,-0.0014575637745966041,-0.00019771558705357524,300
910,5,2100,700,down,-0.00257621857281487,-0.0013163703852718412,300
911,5,2100,700,down,-0.00257621857281487,-0.0013163703852718412,300
912,5,2100,700,down,-0.00257621857281487,-0.0013163703852718412,300
913,5,2100,700,down,-0.00257621857281487,-0.0013163703852718412,300
914,5,2100,700,down,-0.00257621857281487,-0.0013163703852718412,300
915,5,2100,700,down,-0.000882026716237494,0.00037782147130553494,300
916,5,2100,700,down,-0.000882026716237494,0.00037782147130553494,300
917,5,2100,700,down,-0.000882026716237494,0.00037782147130553494,300
918,5,2100,700,down,-0.000882026716237494,0.00037782147130553494,300
919,5,2100,700,down,-0.000882026716237494,0.00037782147130553494,300
920,5,2100,700,down,-0.002592057091999056,-0.001332208904456027,300
921,5,2100,700,down,-0.002592057091999056,-0.001332208904456027,300
922,5,2100,700,down,-0.002592057091999056,-0.001332208904456027,300
923,5,2100,700,down,-0.002592057091999056,-0.001332208904456027,300
924,5,2100,700,down,-0.002592057091999056,-0.001332208904456027,300
925,5,2100,700,down,-0.0017299264689156768,-0.0004700782813726479,300
926,5,2100,700,down,-0.0017299264689156768,-0.0004700782813726479,300
927,5,2100,700,down,-0.0017299264689156768,-0.0004700782813726479,300
928,5,2100,700,down,-0.0017299264689156768,-0.0004700782813726479,300
929,5,2100,700,down,-0.0017299264689156768,-0.0004700782813726479,300
930,5,2100,700,down,-0.002946556853943516,-0.0016867086664004872,300
931,5,2100,700,down,-0.002946556853943516,-0.0016867086664004872,300
932,5,2100,700,down,-0.002946556853943516,-0.0016867086664004872,300
933,5,2100,700,down,-0.002946556853943516,-0.0016867086664004872,300
934,5,2100,700,down,-0.002946556853943516,-0.0016867086664004872,300
935,5,2100,700,down,-0.0004344653589760661,0.0008253828285669628,300
936,5,2100,700,down,-0.0004344653589760661,0.0008253828285669628,300
937,5,2100,700,down,-0.0004344653589760661,0.0008253828285669628,300
938,5,2100,700,down,-0.0004344653589760661,0.0008253828285669628,300
939,5,2100,700,down,-0.0004344653589760661,0.0008253828285669628,300
940,5,2100,700,down,-0.001506396439191704,-0.00024654825164867507,300
941,5,2100,700,down,-0.001506396439191704,-0.00024654825164867507,300
942,5,2100,700,down,-0.001506396439191704,-0.00024654825164867507,300
943,5,2100,700,down,-0.001506396439191704,-0.00024654825164867507,300
944,5,2100,700,down,-0.001506396439191704,-0.00024654825164867507,300
945,5,2100,700,down,-0.0007881811558152485,0.0004716670317277804,300
946,5,2100,700,down,-0.0007881811558152485,0.0004716670317277804,300
947,5,2100,700,down,-0.0007881811558152485,0.0004716670317277804,300
948,5,2100,700,down,-0.0007881811558152485,0.0004716670317277804,300
949,5,2100,700,down,-0.0007881811558152485,0.0004716670317277804,300
950,6,2100,700,up,0.005799906721801307,0.007059754909344336,300
951,6,2100,700,up,0.005799906721801307,0.007059754909344336,300
952,6,2100,700,up,0.005799906721801307,0.007059754909344336,300
953,6,2100,700,up,0.005799906721801307,0.007059754909344336,300
954,6,2100,700,up,0.005799906721801307,0.007059754909344336,300
955,6,2100,700,up,0.005991883951099064,0.007251732138642093,300
956,6,2100,700,up,0.005991883951099064,0.007251732138642093,300
957,6,2100,700,up,0.005991883951099064,0.007251732138642093,300
958,6,2100,700,up,0.005991883951099064,0.007251732138642093,300
959,6,2100,700,up,0.005991883951099064,0.007251732138642093,300
960,6,2100,700,up,0.007048021844252128,0.008307870031795157,300
961,6,2100,700,up,0.007048021844252128,0.008307870031795157,300
962,6,2100,700,up,0.007048021844252128,0.008307870031795157,300
963,6,2100,700,up,0.007048021844252128,0.008307870031795157,300
964,6,2100,700,up,0.007048021844252128,0.008307870031795157,300
965,6,2100,700,up,0.006410018167444909,0.0076698663549879375,300
966,6,2100,700,up,0.006410018167444909,0.0076698663549879375,300
967,6,2100,700,up,0.006410018167444909,0.0076698663549879375,300
968,6,2100,700,up,0.006410018167444909,0.0076698663549879375,300
969,6,2100,700,up,0.006410018167444909,0.0076698663549879375,300
970,6,2100,700,up,0.00705458278259008,0.008314430970133109,300
971,6,2100,700,up,0.00705458278259008,0.008314430970133109,300
972,6,2100,700,up,0.00705458278259008,0.008314430970133109,300
973,6,2100,700,up,0.00705458278259008,0.008314430970133109,300
974,6,2100,700,up,0.00705458278259008,0.008314430970133109,300
975,6,2100,700,up,0.006836756998088944,0.008096605185631973,300
976,6,2100,700,up,0.006836756998088944,0.008096605185631973,300
977,6,2100,700,up,0.006836756998088944,0.008096605185631973,300
978,6,2100,700,up,0.006836756998088944,0.008096605185631973,300
979,6,2100,700,up,0.006836756998088944,0.008096605185631973,300
980,6,2100,700,up,0.006836756998088944,0.008096605185631973,300
981,6,2100,700,up,0.006836756998088944,0.008096605185631973,300
982,6,2100,700,up,0.006836756998088944,0.008096605185631973,300
983,6,2100,700,up,0.006836756998088944,0.008096605185631973,300
984,6,2100,700,up,0.006836756998088944,0.008096605185631973,300
985,6,2100,700,up,0.005576963026034054,0.006836811213577083,300
986,6,2100,700,up,0.005576963026034054,0.006836811213577083,300
987,6,2100,700,up,0.005576963026034054,0.006836811213577083,300
988,6,2100,700,up,0.005576963026034054,0.006836811213577083,300
989,6,2100,700,up,0.005576963026034054,0.006836811213577083,300
990,6,2100,700,up,0.005079428159491695,0.0063392763470347235,300
991,6,2100,700,up,0.005079428159491695,0.0063392763470347235,300
992,6,2100,700,up,0.005079428159491695,0.0063392763470347235,300
993,6,2100,700,up,0.005079428159491695,0.0063392763470347235,300
994,6,2100,700,up,0.005079428159491695,0.0063392763470347235,300
995,6,2100,700,up,0.00509179053210107,0.006351638719644099,300
996,6,2100,700,up,0.00509179053210107,0.006351638719644099,300
997,6,2100,700,up,0.00509179053210107,0.006351638719644099,300
998,6,2100,700,up,0.00509179053210107,0.006351638719644099,300
999,6,2100,700,up,0.00509179053210107,0.006351638719644099,300
1000,7,2100,700,down,-0.0037736368272369702,-0.0025137886396939414,300
1001,7,2100,700,down,-0.0037736368272369702,-0.0025137886396939414,300
1002,7,2100,700,down,-0.0037736368272369702,-0.0025137886396939414,300
1003,7,2100,700,down,-0.0037736368272369702,-0.0025137886396939414,300
1004,7,2100,700,down,-0.0037736368272369702,-0.0025137886396939414,300
1005,7,2100,700,down,-0.004306409763122909,-0.0030465615755798803,300
1006,7,2100,700,down,-0.004306409763122909,-0.0030465615755798803,300
1007,7,2100,700,down,-0.004306409763122909,-0.0030465615755798803,300
1008,7,2100,700,down,-0.004306409763122909,-0.0030465615755798803,300
1009,7,2100,700,down,-0.004306409763122909,-0.0030465615755798803,300
1010,7,2100,700,down,-0.003386613174321429,-0.0021267649867784,300
1011,7,2100,700,down,-0.003386613174321429,-0.0021267649867784,300
1012,7,2100,700,down,-0.003386613174321429,-0.0021267649867784,300
1013,7,2100,700,down,-0.003386613174321429,-0.0021267649867784,300
1014,7,2100,700,down,-0.003386613174321429,-0.0021267649867784,300
1015,7,2100,700,down,-0.00155080416593667,-0.00029095597839364114,300
1016,7,2100,700,down,-0.00155080416593667,-0.00029095597839364114,300
1017,7,2100,700,down,-0.00155080416593667,-0.00029095597839364114,300
1018,7,2100,700,down,-0.00155080416593667,-0.00029095597839364114,300
1019,7,2100,700,down,-0.00155080416593667,-0.00029095597839364114,300
1020,7,2100,700,down,-0.0026666451639241195,-0.0014067969763810906,300
1021,7,2100,700,down,-0.0026666451639241195,-0.0014067969763810906,300
1022,7,2100,700,down,-0.0026666451639241195,-0.0014067969763810906,300
1023,7,2100,700,down,-0.0026666451639241195,-0.0014067969763810906,300
1024,7,2100,700,down,-0.0026666451639241195,-0.0014067969763810906,300
1025,7,2100,700,down,-0.0036095206104500566,-0.0023496724229070277,300
1026,7,2100,700,down,-0.0036095206104500566,-0.0023496724229070277,300
1027,7,2100,700,down,-0.0036095206104500566,-0.0023496724229070277,300
1028,7,2100,700,down,-0.0036095206104500566,-0.0023496724229070277,300
1029,7,2100,700,down,-0.0036095206104500566,-0.0023496724229070277,300
1030,7,2100,700,down,-0.004235917572814163,-0.002976069385271134,300
1031,7,2100,700,down,-0.004235917572814163,-0.002976069385271134,300
1032,7,2100,700,down,-0.004235917572814163,-0.002976069385271134,300
1033,7,2100,700,down,-0.004235917572814163,-0.002976069385271134,300
1034,7,2100,700,down,-0.004235917572814163,-0.002976069385271134,300
1035,7,2100,700,down,-0.004098032323357925,-0.0028381841358148963,300
1036,7,2100,700,down,-0.004098032323357925,-0.0028381841358148963,300
1037,7,2100,700,down,-0.004098032323357925,-0.0028381841358148963,300
1038,7,2100,700,down,-0.004098032323357925,-0.0028381841358148963,300
1039,7,2100,700,down,-0.004098032323357925,-0.0028381841358148963,300
1040,7,2100,700,down,-0.0026256024894515395,-0.0013657543019085106,300
1041,7,2100,700,down,-0.0026256024894515395,-0.0013657543019085106,300
1042,7,2100,700,down,-0.0026256024894515395,-0.0013657543019085106,300
1043,7,2100,700,down,-0.0026256024894515395,-0.0013657543019085106,300
1044,7,2100,700,down,-0.0026256024894515395,-0.0013657543019085106,300
1045,7,2100,700,down,-0.0030638676586938196,-0.0018040194711507907,300
1046,7,2100,700,down,-0.0030638676586938196,-0.0018040194711507907,300
1047,7,2100,700,down,-0.0030638676586938196,-0.0018040194711507907,300
1048,7,2100,700,down,-0.0030638676586938196,-0.0018040194711507907,300
1049,7,2100,700,down,-0.0030638676586938196,-0.0018040194711507907,300
1050,1,1400,700,down,-0.012361578338071055,-0.0057177160030653295,300
1051,1,1400,700,down,-0.012361578338071055,-0.0057177160030653295,300
1052,1,1400,700,down,-0.009067373593179662,-0.002423511258173936,300
1053,1,1400,700,down,-0.009067373593179662,-0.002423511258173936,300
1054,1,1400,700,down,-0.009067373593179662,-0.002423511258173936,300
1055,1,1400,700,down,-0.009067373593179662,-0.002423511258173936,300
1056,1,1400,700,down,-0.009067373593179662,-0.002423511258173936,300
1057,1,1400,700,down,-0.012027632309891345,-0.005383769974885619,300
1058,1,1400,700,down,-0.012027632309891345,-0.005383769974885619,300
1059,1,1400,700,down,-0.012027632309891345,-0.005383769974885619,300
1060,1,1400,700,down,-0.012027632309891345,-0.005383769974885619,300
1061,1,1400,700,down,-0.012027632309891345,-0.005383769974885619,300
1062,1,1400,700,down,-0.010787237731597399,-0.004143375396591673,300
1063,1,1400,700,down,-0.010787237731597399,-0.004143375396591673,300
1064,1,1400,700,down,-0.010787237731597399,-0.004143375396591673,300
1065,1,1400,700,down,-0.010787237731597399,-0.004143375396591673,300
1066,1,1400,700,down,-0.010787237731597399,-0.004143375396591673,300
1067,1,1400,700,down,-0.011072271585858218,-0.004428409250852492,300
1068,1,1400,700,down,-0.011072271585858218,-0.004428409250852492,300
1069,1,1400,700,down,-0.011072271585858218,-0.004428409250852492,300
1070,1,1400,700,down,-0.011072271585858218,-0.004428409250852492,300
1071,1,1400,700,down,-0.011072271585858218,-0.004428409250852492,300
1072,1,1400,700,down,-0.012268503568738653,-0.005624641233732928,300
1073,1,1400,700,down,-0.012268503568738653,-0.005624641233732928,300
1074,1,1400,700,down,-0.012268503568738653,-0.005624641233732928,300
1075,1,1400,700,down,-0.012268503568738653,-0.005624641233732928,300
1076,1,1400,700,down,-0.012268503568738653,-0.005624641233732928,300
1077,1,1400,700,down,-0.00940486002432439,-0.002760997689318665,300
1078,1,1400,700,down,-0.00940486002432439,-0.002760997689318665,300
1079,1,1400,700,down,-0.00940486002432439,-0.002760997689318665,300
1080,1,1400,700,down,-0.00940486002432439,-0.002760997689318665,300
1081,1,1400,700,down,-0.00940486002432439,-0.002760997689318665,300
1082,1,1400,700,down,-0.00969005490210928,-0.003046192567103554,300
1083,1,1400,700,down,-0.00969005490210928,-0.003046192567103554,300
1084,1,1400,700,down,-0.00969005490210928,-0.003046192567103554,300
1085,1,1400,700,down,-0.00969005490210928,-0.003046192567103554,300
1086,1,1400,700,down,-0.00969005490210928,-0.003046192567103554,300
1087,1,1400,700,down,-0.012209965086106056,-0.00556610275110033,300
1088,1,1400,700,down,-0.012209965086106056,-0.00556610275110033,300
1089,1,1400,700,down,-0.012209965086106056,-0.00556610275110033,300
1090,1,1400,700,down,-0.012209965086106056,-0.00556610275110033,300
1091,1,1400,700,down,-0.012209965086106056,-0.00556610275110033,300
1092,1,1400,700,down,-0.011699857261573632,-0.005055994926567906,300
1093,1,1400,700,down,-0.011699857261573632,-0.005055994926567906,300
1094,1,1400,700,down,-0.011699857261573632,-0.005055994926567906,300
1095,1,1400,700,down,-0.011699857261573632,-0.005055994926567906,300
1096,1,1400,700,down,-0.011699857261573632,-0.005055994926567906,300
1097,1,1400,700,down,-0.00834756885570731,-0.0017037065207015844,300
1098,1,1400,700,down,-0.00834756885570731,-0.0017037065207015844,300
1099,1,1400,700,down,-0.00834756885570731,-0.0017037065207015844,300
1100,2,1400,700,up,-0.0005914421897439404,0.0060524201452617854,300
1101,2,1400,700,up,-0.0005914421897439404,0.0060524201452617854,300
1102,2,1400,700,up,-0.0019858452853775965,0.004658017049628129,300
1103,2,1400,700,up,-0.0019858452853775965,0.004658017049628129,300
1104,2,1400,700,up,-0.0019858452853775965,0.004658017049628129,300
1105,2,1400,700,up,-0.0019858452853775965,0.004658017049628129,300
1106,2,1400,700,up,-0.0019858452853775965,0.004658017049628129,300
1107,2,1400,700,up,-0.00022618253500628072,0.006417679799999445,300
1108,2,1400,700,up,-0.00022618253500628072,0.006417679799999445,300
1109,2,1400,700,up,-0.00022618253500628072,0.006417679799999445,300
1110,2,1400,700,up,-0.00022618253500628072,0.006417679799999445,300
1111,2,1400,700,up,-0.00022618253500628072,0.006417679799999445,300
1112,2,1400,700,up,-0.0019687176542411144,0.004675144680764611,300
1113,2,1400,700,up,-0.0019687176542411144,0.004675144680764611,300
1114,2,1400,700,up,-0.0019687176542411144,0.004675144680764611,300
1115,2,1400,700,up,-0.0019687176542411144,0.004675144680764611,300
1116,2,1400,700,up,-0.0019687176542411144,0.004675144680764611,300
1117,2,1400,700,up,-0.0047948182453694255,0.0018490440896363003,300
1118,2,1400,700,up,-0.0047948182453694255,0.0018490440896363003,300
1119,2,1400,700,up,-0.0047948182453694255,0.0018490440896363003,300
1120,2,1400,700,up,-0.0047948182453694255,0.0018490440896363003,300
1121,2,1400,700,up,-0.0047948182453694255,0.0018490440896363003,300
1122,2,1400,700,up,-0.004343705020531496,0.0023001573144742294,300
1123,2,1400,700,up,-0.004343705020531496,0.0023001573144742294,300
1124,2,1400,700,up,-0.004343705020531496,0.0023001573144742294,300
1125,2,1400,700,up,-0.004343705020531496,0.0023001573144742294,300
1126,2,1400,700,up,-0.004343705020531496,0.0023001573144742294,300
1127,2,1400,700,up,-0.0025605649585276336,0.004083297376478092,300
1128,2,1400,700,up,-0.0025605649585276336,0.004083297376478092,300
1129,2,1400,700,up,-0.0025605649585276336,0.004083297376478092,300
1130,2,1400,700,up,-0.0025605649585276336,0.004083297376478092,300
1131,2,1400,700,up,-0.0025605649585276336,0.004083297376478092,300
1132,2,1400,700,up,-0.00035450130271996727,0.0062893610322857585,300
1133,2,1400,700,up,-0.00035450130271996727,0.0062893610322857585,300
1134,2,1400,700,up,-0.00035450130271996727,0.0062893610322857585,300
1135,2,1400,700,up,-0.00035450130271996727,0.0062893610322857585,300
1136,2,1400,700,up,-0.00035450130271996727,0.0062893610322857585,300
1137,2,1400,700,up,-0.0001247212213351112,0.006519141113670615,300
1138,2,1400,700,up,-0.0001247212213351112,0.006519141113670615,300
1139,2,1400,700,up,-0.0001247212213351112,0.006519141113670615,300
1140,2,1400,700,up,-0.0001247212213351112,0.006519141113670615,300
1141,2,1400,700,up,-0.0001247212213351112,0.006519141113670615,300
1142,2,1400,700,up,-0.002687021452740135,0.003956840882265591,300
1143,2,1400,700,up,-0.002687021452740135,0.003956840882265591,300
1144,2,1400,700,up,-0.002687021452740135,0.003956840882265591,300
1145,2,1400,700,up,-0.002687021452740135,0.003956840882265591,300
1146,2,1400,700,up,-0.002687021452740135,0.003956840882265591,300
1147,2,1400,700,up,-0.00027633445309493965,0.006367527881910786,300
1148,2,1400,700,up,-0.00027633445309493965,0.006367527881910786,300
1149,2,1400,700,up,-0.00027633445309493965,0.006367527881910786,300
1150,3,1400,700,down,-0.009926514632855321,-0.0032826522978495953,300
1151,3,1400,700,down,-0.009926514632855321,-0.0032826522978495953,300
1152,3,1400,700,down,-0.012382587606108109,-0.005738725271102383,300
1153,3,1400,700,down,-0.012382587606108109,-0.005738725271102383,300
1154,3,1400,700,down,-0.012382587606108109,-0.005738725271102383,300
1155,3,1400,700,down,-0.012382587606108109,-0.005738725271102383,300
1156,3,1400,700,down,-0.012382587606108109,-0.005738725271102383,300
1157,3,1400,700,down,-0.009636912370957873,-0.002993050035952147,300
1158,3,1400,700,down,-0.009636912370957873,-0.002993050035952147,300
1159,3,1400,700,down,-0.009636912370957873,-0.002993050035952147,300
1160,3,1400,700,down,-0.009636912370957873,-0.002993050035952147,300
1161,3,1400,700,down,-0.009636912370957873,-0.002993050035952147,300
1162,3,1400,700,down,-0.009551778181107862,-0.002907915846102136,300
1163,3,1400,700,down,-0.009551778181107862,-0.002907915846102136,300
1164,3,1400,700,down,-0.009551778181107862,-0.002907915846102136,300
1165,3,1400,700,down,-0.009551778181107862,-0.002907915846102136,300
1166,3,1400,700,down,-0.009551778181107862,-0.002907915846102136,300
1167,3,1400,700,down,-0.009693864837416521,-0.0030500025024107957,300
1168,3,1400,700,down,-0.009693864837416521,-0.0030500025024107957,300
1169,3,1400,700,down,-0.009693864837416521,-0.0030500025024107957,300
1170,3,1400,700,down,-0.009693864837416521,-0.0030500025024107957,300
1171,3,1400,700,down,-0.009693864837416521,-0.0030500025024107957,300
1172,3,1400,700,down,-0.01022223478700246,-0.003578372451996734,300
1173,3,1400,700,down,-0.01022223478700246,-0.003578372451996734,300
1174,3,1400,700,down,-0.01022223478700246,-0.003578372451996734,300
1175,3,1400,700,down,-0.01022223478700246,-0.003578372451996734,300
1176,3,1400,700,down,-0.01022223478700246,-0.003578372451996734,300
1177,3,1400,700,down,-0.008106205840897163,-0.0014623435058914369,300
1178,3,1400,700,down,-0.008106205840897163,-0.0014623435058914369,300
1179,3,1400,700,down,-0.008106205840897163,-0.0014623435058914369,300
1180,3,1400,700,down,-0.008106205840897163,-0.0014623435058914369,300
1181,3,1400,700,down,-0.008106205840897163,-0.0014623435058914369,300
1182,3,1400,700,down,-0.008968822987379443,-0.0023249606523737176,300
1183,3,1400,700,down,-0.008968822987379443,-0.0023249606523737176,300
1184,3,1400,700,down,-0.008968822987379443,-0.0023249606523737176,300
1185,3,1400,700,down,-0.008968822987379443,-0.0023249606523737176,300
1186,3,1400,700,down,-0.008968822987379443,-0.0023249606523737176,300
1187,3,1400,700,down,-0.009551774153005343,-0.0029079118179996177,300
1188,3,1400,700,down,-0.009551774153005343,-0.0029079118179996177,300
1189,3,1400,700,down,-0.009551774153005343,-0.0029079118179996177,300
1190,3,1400,700,down,-0.009551774153005343,-0.0029079118179996177,300
1191,3,1400,700,down,-0.009551774153005343,-0.0029079118179996177,300
1192,3,1400,700,down,-0.010107643848867642,-0.0034637815138619165,300
1193,3,1400,700,down,-0.010107643848867642,-0.0034637815138619165,300
1194,3,1400,700,down,-0.010107643848867642,-0.0034637815138619165,300
1195,3,1400,700,down,-0.010107643848867642,-0.0034637815138619165,300
1196,3,1400,700,down,-0.010107643848867642,-0.0034637815138619165,300
1197,3,1400,700,down,-0.010158542342205035,-0.003514680007199309,300
1198,3,1400,700,down,-0.010158542342205035,-0.003514680007199309,300
1199,3,1400,700,down,-0.010158542342205035,-0.003514680007199309,300
1200,4,1400,700,up,-0.0018426796445185634,0.004801182690487162,300
1201,4,1400,700,up,-0.0018426796445185634,0.004801182690487162,300
1202,4,1400,700,up,-0.0018426796445185634,0.004801182690487162,300
1203,4,1400,700,up,-0.0032032920495819184,0.0034405702854238074,300
1204,4,1400,700,up,-0.0032032920495819184,0.0034405702854238074,300
1205,4,1400,700,up,-0.0032032920495819184,0.0034405702854238074,300
1206,4,1400,700,up,-0.0032032920495819184,0.0034405702854238074,300
1207,4,1400,700,up,-0.0032032920495819184,0.0034405702854238074,300
1208,4,1400,700,up,-0.0014682521455409159,0.00517561018946481,300
1209,4,1400,700,up,-0.0014682521455409159,0.00517561018946481,300
1210,4,1400,700,up,-0.0014682521455409159,0.00517561018946481,300
1211,4,1400,700,up,-0.0014682521455409159,0.00517561018946481,300
1212,4,1400,700,up,-0.0014682521455409159,0.00517561018946481,300
1213,4,1400,700,up,-0.0018913086924663425,0.004752553642539383,300
1214,4,1400,700,up,-0.0018913086924663425,0.004752553642539383,300
1215,4,1400,700,up,-0.0018913086924663425,0.004752553642539383,300
1216,4,1400,700,up,-0.0018913086924663425,0.004752553642539383,300
1217,4,1400,700,up,-0.0018913086924663425,0.004752553642539383,300
1218,4,1400,700,up,-0.000468571082659075,0.006175291252346651,300
1219,4,1400,700,up,-0.000468571082659075,0.006175291252346651,300
1220,4,1400,700,up,-0.000468571082659075,0.006175291252346651,300
1221,4,1400,700,up,-0.000468571082659075,0.006175291252346651,300
1222,4,1400,700,up,-0.000468571082659075,0.006175291252346651,300
1223,4,1400,700,up,-0.0021655975979653075,0.004478264737040418,300
1224,4,1400,700,up,-0.0021655975979653075,0.004478264737040418,300
1225,4,1400,700,up,-0.0021655975979653075,0.004478264737040418,300
1226,4,1400,700,up,-0.0021655975979653075,0.004478264737040418,300
1227,4,1400,700,up,-0.0021655975979653075,0.004478264737040418,300
1228,4,1400,700,up,-0.0010495173646258849,0.005594344970379841,300
1229,4,1400,700,up,-0.0010495173646258849,0.005594344970379841,300
1230,4,1400,700,up,-0.0010495173646258849,0.005594344970379841,300
1231,4,1400,700,up,-0.0010495173646258849,0.005594344970379841,300
1232,4,1400,700,up,-0.0010495173646258849,0.005594344970379841,300
1233,4,1400,700,up,-0.0031040675845366295,0.0035397947504690963,300
1234,4,1400,700,up,-0.0031040675845366295,0.0035397947504690963,300
1235,4,1400,700,up,-0.0031040675845366295,0.0035397947504690963,300
1236,4,1400,700,up,-0.0031040675845366295,0.0035397947504690963,300
1237,4,1400,700,up,-0.0031040675845366295,0.0035397947504690963,300
1238,4,1400,700,up,0.0009654817884741096,0.007609344123479835,300
1239,4,1400,700,up,0.0009654817884741096,0.007609344123479835,300
1240,4,1400,700,up,0.0009654817884741096,0.007609344123479835,300
1241,4,1400,700,up,0.0009654817884741096,0.007609344123479835,300
1242,4,1400,700,up,0.0009654817884741096,0.007609344123479835,300
1243,4,1400,700,up,-0.0016416199169067003,0.0050022424180990255,300
1244,4,1400,700,up,-0.0016416199169067003,0.0050022424180990255,300
1245,4,1400,700,up,-0.0016416199169067003,0.0050022424180990255,300
1246,4,1400,700,up,-0.0016416199169067003,0.0050022424180990255,300
1247,4,1400,700,up,-0.0016416199169067003,0.0050022424180990255,300
1248,4,1400,700,up,-0.0023344698555529675,0.004309392479452758,300
1249,4,1400,700,up,-0.0023344698555529675,0.004309392479452758,300
1250,5,1400,700,down,-0.008277618052213942,-0.0016337557172082162,300
1251,5,1400,700,down,-0.009290702348254465,-0.002646840013248739,300
1252,5,1400,700,down,-0.009290702348254465,-0.002646840013248739,300
1253,5,1400,700,down,-0.009290702348254465,-0.002646840013248739,300
1254,5,1400,700,down,-0.009290702348254465,-0.002646840013248739,300
1255,5,1400,700,down,-0.009290702348254465,-0.002646840013248739,300
1256,5,1400,700,down,-0.010286724921771961,-0.0036428625867662356,300
1257,5,1400,700,down,-0.010286724921771961,-0.0036428625867662356,300
1258,5,1400,700,down,-0.010286724921771961,-0.0036428625867662356,300
1259,5,1400,700,down,-0.010286724921771961,-0.0036428625867662356,300
1260,5,1400,700,down,-0.010286724921771961,-0.0036428625867662356,300
1261,5,1400,700,down,-0.007415923579022765,-0.0007720612440170393,300
1262,5,1400,700,down,-0.007415923579022765,-0.0007720612440170393,300
1263,5,1400,700,down,-0.007415923579022765,-0.0007720612440170393,300
1264,5,1400,700,down,-0.007415923579022765,-0.0007720612440170393,300
1265,5,1400,700,down,-0.007415923579022765,-0.0007720612440170393,300
1266,5,1400,700,down,-0.009271333453545694,-0.002627471118539968,300
1267,5,1400,700,down,-0.009271333453545694,-0.002627471118539968,300
1268,5,1400,700,down,-0.009271333453545694,-0.002627471118539968,300
1269,5,1400,700,down,-0.009271333453545694,-0.002627471118539968,300
1270,5,1400,700,down,-0.009271333453545694,-0.002627471118539968,300
1271,5,1400,700,down,-0.00715874148075013,-0.0005148791457444046,300
1272,5,1400,700,down,-0.00715874148075013,-0.0005148791457444046,300
1273,5,1400,700,down,-0.00715874148075013,-0.0005148791457444046,300
1274,5,1400,700,down,-0.00715874148075013,-0.0005148791457444046,300
1275,5,1400,700,down,-0.00715874148075013,-0.0005148791457444046,300
1276,5,1400,700,down,-0.010441386102655548,-0.003797523767649822,300
1277,5,1400,700,down,-0.010441386102655548,-0.003797523767649822,300
1278,5,1400,700,down,-0.010441386102655548,-0.003797523767649822,300
1279,5,1400,700,down,-0.010441386102655548,-0.003797523767649822,300
1280,5,1400,700,down,-0.010441386102655548,-0.003797523767649822,300
1281,5,1400,700,down,-0.008295381804025448,-0.001651519469019722,300
1282,5,1400,700,down,-0.008295381804025448,-0.001651519469019722,300
1283,5,1400,700,down,-0.008295381804025448,-0.001651519469019722,300
1284,5,1400,700,down,-0.008295381804025448,-0.001651519469019722,300
1285,5,1400,700,down,-0.008295381804025448,-0.001651519469019722,300
1286,5,1400,700,down,-0.00832070001567864,-0.0016768376806729135,300
1287,5,1400,700,down,-0.00832070001567864,-0.0016768376806729135,300
1288,5,1400,700,down,-0.00832070001567864,-0.0016768376806729135,300
1289,5,1400,700,down,-0.00832070001567864,-0.0016768376806729135,300
1290,5,1400,700,down,-0.00832070001567864,-0.0016768376806729135,300
1291,5,1400,700,down,-0.009688894149582739,-0.0030450318145770127,300
1292,5,1400,700,down,-0.009688894149582739,-0.0030450318145770127,300
1293,5,1400,700,down,-0.009688894149582739,-0.0030450318145770127,300
1294,5,1400,700,down,-0.009688894149582739,-0.0030450318145770127,300
1295,5,1400,700,down,-0.009688894149582739,-0.0030450318145770127,300
1296,5,1400,700,down,-0.008864789310727206,-0.00222092697572148,300
1297,5,1400,700,down,-0.008864789310727206,-0.00222092697572148,300
1298,5,1400,700,down,-0.008864789310727206,-0.00222092697572148,300
1299,5,1400,700,down,-0.008864789310727206,-0.00222092697572148,300
1300,6,1400,700,up,-0.00017699567249018777,0.006466866662515538,300
1301,6,1400,700,up,-0.00017699567249018777,0.006466866662515538,300
1302,6,1400,700,up,0.00024046538435285036,0.006884327719358576,300
1303,6,1400,700,up,0.00024046538435285036,0.006884327719358576,300
1304,6,1400,700,up,0.00024046538435285036,0.006884327719358576,300
1305,6,1400,700,up,0.00024046538435285036,0.006884327719358576,300
1306,6,1400,700,up,0.00024046538435285036,0.006884327719358576,300
1307,6,1400,700,up,0.0008100723428994261,0.007453934677905152,300
1308,6,1400,700,up,0.0008100723428994261,0.007453934677905152,300
1309,6,1400,700,up,0.0008100723428994261,0.007453934677905152,300
1310,6,1400,700,up,0.0008100723428994261,0.007453934677905152,300
1311,6,1400,700,up,0.0008100723428994261,0.007453934677905152,300
1312,6,1400,700,up,-0.0014857362164149013,0.0051581261185908245,300
1313,6,1400,700,up,-0.0014857362164149013,0.0051581261185908245,300
1314,6,1400,700,up,-0.0014857362164149013,0.0051581261185908245,300
1315,6,1400,700,up,-0.0014857362164149013,0.0051581261185908245,300
1316,6,1400,700,up,-0.0014857362164149013,0.0051581261185908245,300
1317,6,1400,700,up,-0.0008662958052598757,0.00577756652974585,300
1318,6,1400,700,up,-0.0008662958052598757,0.00577756652974585,300
1319,6,1400,700,up,-0.0008662958052598757,0.00577756652974585,300
1320,6,1400,700,up,-0.0008662958052598757,0.00577756652974585,300
1321,6,1400,700,up,-0.0008662958052598757,0.00577756652974585,300
1322,6,1400,700,up,0.0007707853071063919,0.007414647642112118,300
1323,6,1400,700,up,0.0007707853071063919,0.007414647642112118,300
1324,6,1400,700,up,0.0007707853071063919,0.007414647642112118,300
1325,6,1400,700,up,0.0007707853071063919,0.007414647642112118,300
1326,6,1400,700,up,0.0007707853071063919,0.007414647642112118,300
1327,6,1400,700,up,-0.0011406568823237873,0.0055032054526819385,300
1328,6,1400,700,up,-0.0011406568823237873,0.0055032054526819385,300
1329,6,1400,700,up,-0.0011406568823237873,0.0055032054526819385,300
1330,6,1400,700,up,-0.0011406568823237873,0.0055032054526819385,300
1331,6,1400,700,up,-0.0011406568823237873,0.0055032054526819385,300
1332,6,1400,700,up,-0.0025808172970758214,0.004063045037929904,300
1333,6,1400,700,up,-0.0025808172970758214,0.004063045037929904,300
1334,6,1400,700,up,-0.0025808172970758214,0.004063045037929904,300
1335,6,1400,700,up,-0.0025808172970758214,0.004063045037929904,300
1336,6,1400,700,up,-0.0025808172970758214,0.004063045037929904,300
1337,6,1400,700,up,-0.0005864504171950724,0.006057411917810653,300
1338,6,1400,700,up,-0.0005864504171950724,0.006057411917810653,300
1339,6,1400,700,up,-0.0005864504171950724,0.006057411917810653,300
1340,6,1400,700,up,-0.0005864504171950724,0.006057411917810653,300
1341,6,1400,700,up,-0.0005864504171950724,0.006057411917810653,300
1342,6,1400,700,up,-0.0011406568823237873,0.0055032054526819385,300
1343,6,1400,700,up,-0.0011406568823237873,0.0055032054526819385,300
1344,6,1400,700,up,-0.0011406568823237873,0.0055032054526819385,300
1345,6,1400,700,up,-0.0011406568823237873,0.0055032054526819385,300
1346,6,1400,700,up,-0.0011406568823237873,0.0055032054526819385,300
1347,6,1400,700,up,-0.0015666793882065377,0.005077182946799188,300
1348,6,1400,700,up,-0.0015666793882065377,0.005077182946799188,300
1349,6,1400,700,up,-0.0015666793882065377,0.005077182946799188,300
1350,7,1400,700,down,-0.009439580753542343,-0.002795718418536617,300
1351,7,1400,700,down,-0.009439580753542343,-0.002795718418536617,300
1352,7,1400,700,down,-0.011164031070048264,-0.004520168735042538,300
1353,7,1400,700,down,-0.011164031070048264,-0.004520168735042538,300
1354,7,1400,700,down,-0.011164031070048264,-0.004520168735042538,300
1355,7,1400,700,down,-0.011164031070048264,-0.004520168735042538,300
1356,7,1400,700,down,-0.011164031070048264,-0.004520168735042538,300
1357,7,1400,700,down,-0.009155875352848675,-0.002512013017842949,300
1358,7,1400,700,down,-0.009155875352848675,-0.002512013017842949,300
1359,7,1400,700,down,-0.009155875352848675,-0.002512013017842949,300
1360,7,1400,700,down,-0.009155875352848675,-0.002512013017842949,300
1361,7,1400,700,down,-0.009155875352848675,-0.002512013017842949,300
1362,7,1400,700,down,-0.009130558255164845,-0.0024866959201591187,300
1363,7,1400,700,down,-0.009130558255164845,-0.0024866959201591187,300
1364,7,1400,700,down,-0.009130558255164845,-0.0024866959201591187,300
1365,7,1400,700,down,-0.009130558255164845,-0.0024866959201591187,300
1366,7,1400,700,down,-0.009130558255164845,-0.0024866959201591187,300
1367,7,1400,700,down,-0.00860758970632114,-0.0019637273713154135,300
1368,7,1400,700,down,-0.00860758970632114,-0.0019637273713154135,300
1369,7,1400,700,down,-0.00860758970632114,-0.0019637273713154135,300
1370,7,1400,700,down,-0.00860758970632114,-0.0019637273713154135,300
1371,7,1400,700,down,-0.00860758970632114,-0.0019637273713154135,300
1372,7,1400,700,down,-0.008453598530745676,-0.0018097361957399504,300
1373,7,1400,700,down,-0.008453598530745676,-0.0018097361957399504,300
1374,7,1400,700,down,-0.008453598530745676,-0.0018097361957399504,300
1375,7,1400,700,down,-0.008453598530745676,-0.0018097361957399504,300
1376,7,1400,700,down,-0.008453598530745676,-0.0018097361957399504,300
1377,7,1400,700,down,-0.007620263637081903,-0.0009764013020761774,300
1378,7,1400,700,down,-0.007620263637081903,-0.0009764013020761774,300
1379,7,1400,700,down,-0.007620263637081903,-0.0009764013020761774,300
1380,7,1400,700,down,-0.007620263637081903,-0.0009764013020761774,300
1381,7,1400,700,down,-0.007620263637081903,-0.0009764013020761774,300
1382,7,1400,700,down,-0.006727740966373519,-8.387863136779302e-05,300
1383,7,1400,700,down,-0.006727740966373519,-8.387863136779302e-05,300
1384,7,1400,700,down,-0.006727740966373519,-8.387863136779302e-05,300
1385,7,1400,700,down,-0.006727740966373519,-8.387863136779302e-05,300
1386,7,1400,700,down,-0.006727740966373519,-8.387863136779302e-05,300
1387,7,1400,700,down,-0.008462046518340705,-0.0018181841833349787,300
1388,7,1400,700,down,-0.008462046518340705,-0.0018181841833349787,300
1389,7,1400,700,down,-0.008462046518340705,-0.0018181841833349787,300
1390,7,1400,700,down,-0.008462046518340705,-0.0018181841833349787,300
1391,7,1400,700,down,-0.008462046518340705,-0.0018181841833349787,300
1392,7,1400,700,down,-0.00848660672049606,-0.0018427443854903336,300
1393,7,1400,700,down,-0.00848660672049606,-0.0018427443854903336,300
1394,7,1400,700,down,-0.00848660672049606,-0.0018427443854903336,300
1395,7,1400,700,down,-0.00848660672049606,-0.0018427443854903336,300
1396,7,1400,700,down,-0.00848660672049606,-0.0018427443854903336,300
1397,7,1400,700,down,-0.009328138971069544,-0.002684276636063818,300
1398,7,1400,700,down,-0.009328138971069544,-0.002684276636063818,300
1399,7,1400,700,down,-0.009328138971069544,-0.002684276636063818,300
