,Unnamed: 0,CurrentDensity,Step,StepDirection,error,error_corrected
0,0,2800,700,up,0.0038404255889334,0.008191466716491411
1,1,2800,700,up,0.0047649312432154,0.009115972370773412
2,2,2800,700,up,0.0047649312432154,0.009115972370773412
3,3,2800,700,up,0.0047649312432154,0.009115972370773412
4,4,2800,700,up,0.0047649312432154,0.009115972370773412
5,5,2800,700,up,0.0047649312432154,0.009115972370773412
6,6,2800,700,up,0.0060049322007214,0.010355973328279412
7,7,2800,700,up,0.0060049322007214,0.010355973328279412
8,8,2800,700,up,0.0060049322007214,0.010355973328279412
9,9,2800,700,up,0.0060049322007214,0.010355973328279412
10,10,2800,700,up,0.0060049322007214,0.010355973328279412
11,11,2800,700,up,0.0029763741197041,0.00732741524726211
12,12,2800,700,up,0.0029763741197041,0.00732741524726211
13,13,2800,700,up,0.0029763741197041,0.00732741524726211
14,14,2800,700,up,0.0029763741197041,0.00732741524726211
15,15,2800,700,up,0.0029763741197041,0.00732741524726211
16,16,2800,700,up,0.0008400338943312,0.005191075021889211
17,17,2800,700,up,0.0008400338943312,0.005191075021889211
18,18,2800,700,up,0.0008400338943312,0.005191075021889211
19,19,2800,700,up,0.0008400338943312,0.005191075021889211
20,20,2800,700,up,0.0008400338943312,0.005191075021889211
21,21,2800,700,up,0.0006447767227382,0.004995817850296211
22,22,2800,700,up,0.0006447767227382,0.004995817850296211
23,23,2800,700,up,0.0006447767227382,0.004995817850296211
24,24,2800,700,up,0.0006447767227382,0.004995817850296211
25,25,2800,700,up,0.0006447767227382,0.004995817850296211
26,26,2800,700,up,0.0010126914253836,0.00536373255294161
27,27,2800,700,up,0.0010126914253836,0.00536373255294161
28,28,2800,700,up,0.0010126914253836,0.00536373255294161
29,29,2800,700,up,0.0010126914253836,0.00536373255294161
30,30,2800,700,up,0.0010126914253836,0.00536373255294161
31,31,2800,700,up,0.0033230337553011,0.007674074882859111
32,32,2800,700,up,0.0033230337553011,0.007674074882859111
33,33,2800,700,up,0.0033230337553011,0.007674074882859111
34,34,2800,700,up,0.0033230337553011,0.007674074882859111
35,35,2800,700,up,0.0033230337553011,0.007674074882859111
36,36,2800,700,up,0.002056255099059,0.0064072962266170114
37,37,2800,700,up,0.002056255099059,0.0064072962266170114
38,38,2800,700,up,0.002056255099059,0.0064072962266170114
39,39,2800,700,up,0.002056255099059,0.0064072962266170114
40,40,2800,700,up,0.002056255099059,0.0064072962266170114
41,41,2800,700,up,0.0015362137049523,0.0058872548325103104
42,42,2800,700,up,0.0015362137049523,0.0058872548325103104
43,43,2800,700,up,0.0015362137049523,0.0058872548325103104
44,44,2800,700,up,0.0015362137049523,0.0058872548325103104
45,45,2800,700,up,0.0015362137049523,0.0058872548325103104
46,46,2800,700,up,0.0001199536869553,0.004470994814513311
47,47,2800,700,up,0.0001199536869553,0.004470994814513311
48,48,2800,700,up,0.0001199536869553,0.004470994814513311
49,49,2800,700,up,0.0001199536869553,0.004470994814513311
50,50,2800,1400,down,-0.0085064738858742,-0.012438584195888468
51,51,2800,1400,down,-0.0085064738858742,-0.012438584195888468
52,52,2800,1400,down,-0.0085064738858742,-0.012438584195888468
53,53,2800,1400,down,-0.0080166402522101,-0.011948750562224369
54,54,2800,1400,down,-0.0080166402522101,-0.011948750562224369
55,55,2800,1400,down,-0.0080166402522101,-0.011948750562224369
56,56,2800,1400,down,-0.0080166402522101,-0.011948750562224369
57,57,2800,1400,down,-0.0080166402522101,-0.011948750562224369
58,58,2800,1400,down,-0.0072966722418126,-0.011228782551826869
59,59,2800,1400,down,-0.0072966722418126,-0.011228782551826869
60,60,2800,1400,down,-0.0072966722418126,-0.011228782551826869
61,61,2800,1400,down,-0.0072966722418126,-0.011228782551826869
62,62,2800,1400,down,-0.0072966722418126,-0.011228782551826869
63,63,2800,1400,down,-0.0062709904847504,-0.01020310079476467
64,64,2800,1400,down,-0.0062709904847504,-0.01020310079476467
65,65,2800,1400,down,-0.0062709904847504,-0.01020310079476467
66,66,2800,1400,down,-0.0062709904847504,-0.01020310079476467
67,67,2800,1400,down,-0.0062709904847504,-0.01020310079476467
68,68,2800,1400,down,-0.0059543698660509,-0.009886480176065169
69,69,2800,1400,down,-0.0059543698660509,-0.009886480176065169
70,70,2800,1400,down,-0.0059543698660509,-0.009886480176065169
71,71,2800,1400,down,-0.0059543698660509,-0.009886480176065169
72,72,2800,1400,down,-0.0059543698660509,-0.009886480176065169
73,73,2800,1400,down,-0.0048308465095625,-0.00876295681957677
74,74,2800,1400,down,-0.0048308465095625,-0.00876295681957677
75,75,2800,1400,down,-0.0048308465095625,-0.00876295681957677
76,76,2800,1400,down,-0.0048308465095625,-0.00876295681957677
77,77,2800,1400,down,-0.0048308465095625,-0.00876295681957677
78,78,2800,1400,down,-0.0041106541052082,-0.008042764415222468
79,79,2800,1400,down,-0.0041106541052082,-0.008042764415222468
80,80,2800,1400,down,-0.0041106541052082,-0.008042764415222468
81,81,2800,1400,down,-0.0041106541052082,-0.008042764415222468
82,82,2800,1400,down,-0.0041106541052082,-0.008042764415222468
83,83,2800,1400,down,-0.0033796187079266,-0.00731172901794087
84,84,2800,1400,down,-0.0033796187079266,-0.00731172901794087
85,85,2800,1400,down,-0.0033796187079266,-0.00731172901794087
86,86,2800,1400,down,-0.0033796187079266,-0.00731172901794087
87,87,2800,1400,down,-0.0033796187079266,-0.00731172901794087
88,88,2800,1400,down,-0.0021789248359369,-0.0061110351459511695
89,89,2800,1400,down,-0.0021789248359369,-0.0061110351459511695
90,90,2800,1400,down,-0.0021789248359369,-0.0061110351459511695
91,91,2800,1400,down,-0.0021789248359369,-0.0061110351459511695
92,92,2800,1400,down,-0.0021789248359369,-0.0061110351459511695
93,93,2800,1400,down,-0.0009136962174411,-0.0048458065274553696
94,94,2800,1400,down,-0.0009136962174411,-0.0048458065274553696
95,95,2800,1400,down,-0.0009136962174411,-0.0048458065274553696
96,96,2800,1400,down,-0.0009136962174411,-0.0048458065274553696
97,97,2800,1400,down,-0.0009136962174411,-0.0048458065274553696
98,98,2800,1400,down,-0.0022773443019719,-0.00620945461198617
99,99,2800,1400,down,-0.0022773443019719,-0.00620945461198617
100,100,2800,1400,up,0.0039492092046171,0.009341001583676695
101,101,2800,1400,up,0.0039492092046171,0.009341001583676695
102,102,2800,1400,up,0.003262862866898,0.008654655245957597
103,103,2800,1400,up,0.003262862866898,0.008654655245957597
104,104,2800,1400,up,0.003262862866898,0.008654655245957597
105,105,2800,1400,up,0.003262862866898,0.008654655245957597
106,106,2800,1400,up,0.003262862866898,0.008654655245957597
107,107,2800,1400,up,0.0054051186379173,0.010796911016976897
108,108,2800,1400,up,0.0054051186379173,0.010796911016976897
109,109,2800,1400,up,0.0054051186379173,0.010796911016976897
110,110,2800,1400,up,0.0054051186379173,0.010796911016976897
111,111,2800,1400,up,0.0054051186379173,0.010796911016976897
112,112,2800,1400,up,0.0043002118387687,0.009692004217828298
113,113,2800,1400,up,0.0043002118387687,0.009692004217828298
114,114,2800,1400,up,0.0043002118387687,0.009692004217828298
115,115,2800,1400,up,0.0043002118387687,0.009692004217828298
116,116,2800,1400,up,0.0043002118387687,0.009692004217828298
117,117,2800,1400,up,0.0023654497252971,0.007757242104356696
118,118,2800,1400,up,0.0023654497252971,0.007757242104356696
119,119,2800,1400,up,0.0023654497252971,0.007757242104356696
120,120,2800,1400,up,0.0023654497252971,0.007757242104356696
121,121,2800,1400,up,0.0023654497252971,0.007757242104356696
122,122,2800,1400,up,8.042201212399291e-05,0.005472214391183589
123,123,2800,1400,up,8.042201212399291e-05,0.005472214391183589
124,124,2800,1400,up,8.042201212399291e-05,0.005472214391183589
125,125,2800,1400,up,8.042201212399291e-05,0.005472214391183589
126,126,2800,1400,up,8.042201212399291e-05,0.005472214391183589
127,127,2800,1400,up,0.0006423859910655,0.006034178370125097
128,128,2800,1400,up,0.0006423859910655,0.006034178370125097
129,129,2800,1400,up,0.0006423859910655,0.006034178370125097
130,130,2800,1400,up,0.0006423859910655,0.006034178370125097
131,131,2800,1400,up,0.0006423859910655,0.006034178370125097
132,132,2800,1400,up,0.0015038275155743,0.006895619894633897
133,133,2800,1400,up,0.0015038275155743,0.006895619894633897
134,134,2800,1400,up,0.0015038275155743,0.006895619894633897
135,135,2800,1400,up,0.0015038275155743,0.006895619894633897
136,136,2800,1400,up,0.0015038275155743,0.006895619894633897
137,137,2800,1400,up,-7.807372497237175e-05,0.005313718654087225
138,138,2800,1400,up,-7.807372497237175e-05,0.005313718654087225
139,139,2800,1400,up,-7.807372497237175e-05,0.005313718654087225
140,140,2800,1400,up,-7.807372497237175e-05,0.005313718654087225
141,141,2800,1400,up,-7.807372497237175e-05,0.005313718654087225
142,142,2800,1400,up,-0.0018003228988308,0.0035914694802287967
143,143,2800,1400,up,-0.0018003228988308,0.0035914694802287967
144,144,2800,1400,up,-0.0018003228988308,0.0035914694802287967
145,145,2800,1400,up,-0.0018003228988308,0.0035914694802287967
146,146,2800,1400,up,-0.0018003228988308,0.0035914694802287967
147,147,2800,1400,up,-0.0016766471639153,0.0037151452151442965
148,148,2800,1400,up,-0.0016766471639153,0.0037151452151442965
149,149,2800,1400,up,-0.0016766471639153,0.0037151452151442965
150,150,2800,1400,down,-0.0081455869857207,-0.012207430350658355
151,151,2800,1400,down,-0.0081455869857207,-0.012207430350658355
152,152,2800,1400,down,-0.0081455869857207,-0.012207430350658355
153,153,2800,1400,down,-0.0081455869857207,-0.012207430350658355
154,154,2800,1400,down,-0.0086692977748707,-0.012731141139808356
155,155,2800,1400,down,-0.0086692977748707,-0.012731141139808356
156,156,2800,1400,down,-0.0086692977748707,-0.012731141139808356
157,157,2800,1400,down,-0.0086692977748707,-0.012731141139808356
158,158,2800,1400,down,-0.0086692977748707,-0.012731141139808356
159,159,2800,1400,down,-0.0081455869857207,-0.012207430350658355
160,160,2800,1400,down,-0.0081455869857207,-0.012207430350658355
161,161,2800,1400,down,-0.0081455869857207,-0.012207430350658355
162,162,2800,1400,down,-0.0081455869857207,-0.012207430350658355
163,163,2800,1400,down,-0.0081455869857207,-0.012207430350658355
164,164,2800,1400,down,-0.0056831178732958,-0.009744961238233455
165,165,2800,1400,down,-0.0056831178732958,-0.009744961238233455
166,166,2800,1400,down,-0.0056831178732958,-0.009744961238233455
167,167,2800,1400,down,-0.0056831178732958,-0.009744961238233455
168,168,2800,1400,down,-0.0056831178732958,-0.009744961238233455
169,169,2800,1400,down,-0.0075352088218971,-0.011597052186834756
170,170,2800,1400,down,-0.0075352088218971,-0.011597052186834756
171,171,2800,1400,down,-0.0075352088218971,-0.011597052186834756
172,172,2800,1400,down,-0.0075352088218971,-0.011597052186834756
173,173,2800,1400,down,-0.0075352088218971,-0.011597052186834756
174,174,2800,1400,down,-0.0055760608212001,-0.009637904186137755
175,175,2800,1400,down,-0.0055760608212001,-0.009637904186137755
176,176,2800,1400,down,-0.0055760608212001,-0.009637904186137755
177,177,2800,1400,down,-0.0055760608212001,-0.009637904186137755
178,178,2800,1400,down,-0.0055760608212001,-0.009637904186137755
179,179,2800,1400,down,-0.0056831178732958,-0.009744961238233455
180,180,2800,1400,down,-0.0056831178732958,-0.009744961238233455
181,181,2800,1400,down,-0.0056831178732958,-0.009744961238233455
182,182,2800,1400,down,-0.0056831178732958,-0.009744961238233455
183,183,2800,1400,down,-0.0056831178732958,-0.009744961238233455
184,184,2800,1400,down,-0.0045536698903125,-0.008615513255250156
185,185,2800,1400,down,-0.0045536698903125,-0.008615513255250156
186,186,2800,1400,down,-0.0045536698903125,-0.008615513255250156
187,187,2800,1400,down,-0.0045536698903125,-0.008615513255250156
188,188,2800,1400,down,-0.0045536698903125,-0.008615513255250156
189,189,2800,1400,down,-0.0041359004064482,-0.008197743771385855
190,190,2800,1400,down,-0.0041359004064482,-0.008197743771385855
191,191,2800,1400,down,-0.0041359004064482,-0.008197743771385855
192,192,2800,1400,down,-0.0041359004064482,-0.008197743771385855
193,193,2800,1400,down,-0.0041359004064482,-0.008197743771385855
194,194,2800,1400,down,-0.0055760608212001,-0.009637904186137755
195,195,2800,1400,down,-0.0055760608212001,-0.009637904186137755
196,196,2800,1400,down,-0.0055760608212001,-0.009637904186137755
197,197,2800,1400,down,-0.0055760608212001,-0.009637904186137755
198,198,2800,1400,down,-0.0055760608212001,-0.009637904186137755
199,199,2800,1400,down,-0.0019756597843205,-0.006037503149258156
200,200,2800,700,up,0.0049191577756257,0.006945872916190058
201,201,2800,700,up,0.0049191577756257,0.006945872916190058
202,202,2800,700,up,0.0049191577756257,0.006945872916190058
203,203,2800,700,up,0.0049191577756257,0.006945872916190058
204,204,2800,700,up,0.0049191577756257,0.006945872916190058
205,205,2800,700,up,0.0070184193215641,0.009045134462128459
206,206,2800,700,up,0.0070184193215641,0.009045134462128459
207,207,2800,700,up,0.0070184193215641,0.009045134462128459
208,208,2800,700,up,0.0070184193215641,0.009045134462128459
209,209,2800,700,up,0.0070184193215641,0.009045134462128459
210,210,2800,700,up,0.0056776386385741,0.007704353779138459
211,211,2800,700,up,0.0056776386385741,0.007704353779138459
212,212,2800,700,up,0.0056776386385741,0.007704353779138459
213,213,2800,700,up,0.0056776386385741,0.007704353779138459
214,214,2800,700,up,0.0056776386385741,0.007704353779138459
215,215,2800,700,up,0.0062985635081449,0.008325278648709258
216,216,2800,700,up,0.0062985635081449,0.008325278648709258
217,217,2800,700,up,0.0062985635081449,0.008325278648709258
218,218,2800,700,up,0.0062985635081449,0.008325278648709258
219,219,2800,700,up,0.0062985635081449,0.008325278648709258
220,220,2800,700,up,0.0021774556918576,0.004204170832421958
221,221,2800,700,up,0.0021774556918576,0.004204170832421958
222,222,2800,700,up,0.0021774556918576,0.004204170832421958
223,223,2800,700,up,0.0021774556918576,0.004204170832421958
224,224,2800,700,up,0.0021774556918576,0.004204170832421958
225,225,2800,700,up,0.0065872203596633,0.00861393550022766
226,226,2800,700,up,0.0065872203596633,0.00861393550022766
227,227,2800,700,up,0.0065872203596633,0.00861393550022766
228,228,2800,700,up,0.0065872203596633,0.00861393550022766
229,229,2800,700,up,0.0065872203596633,0.00861393550022766
230,230,2800,700,up,0.0037503351547467,0.005777050295311058
231,231,2800,700,up,0.0037503351547467,0.005777050295311058
232,232,2800,700,up,0.0037503351547467,0.005777050295311058
233,233,2800,700,up,0.0037503351547467,0.005777050295311058
234,234,2800,700,up,0.0037503351547467,0.005777050295311058
235,235,2800,700,up,0.0023672780505943,0.004393993191158659
236,236,2800,700,up,0.0023672780505943,0.004393993191158659
237,237,2800,700,up,0.0023672780505943,0.004393993191158659
238,238,2800,700,up,0.0023672780505943,0.004393993191158659
239,239,2800,700,up,0.0023672780505943,0.004393993191158659
240,240,2800,700,up,0.0046782975255921,0.006705012666156458
241,241,2800,700,up,0.0046782975255921,0.006705012666156458
242,242,2800,700,up,0.0046782975255921,0.006705012666156458
243,243,2800,700,up,0.0046782975255921,0.006705012666156458
244,244,2800,700,up,0.0046782975255921,0.006705012666156458
245,245,2800,700,up,0.0011790537565044,0.003205768897068758
246,246,2800,700,up,0.0011790537565044,0.003205768897068758
247,247,2800,700,up,0.0011790537565044,0.003205768897068758
248,248,2800,700,up,0.0011790537565044,0.003205768897068758
249,249,2800,700,up,0.0011790537565044,0.003205768897068758
250,250,2100,700,up,0.0039849906865416,0.010169102251805302
251,251,2100,700,up,0.0015109951599348,0.0076951067251985
252,252,2100,700,up,0.0015109951599348,0.0076951067251985
253,253,2100,700,up,0.0015109951599348,0.0076951067251985
254,254,2100,700,up,0.0015109951599348,0.0076951067251985
255,255,2100,700,up,0.0015109951599348,0.0076951067251985
256,256,2100,700,up,7.083474518299049e-05,0.006254946310446691
257,257,2100,700,up,7.083474518299049e-05,0.006254946310446691
258,258,2100,700,up,7.083474518299049e-05,0.006254946310446691
259,259,2100,700,up,7.083474518299049e-05,0.006254946310446691
260,260,2100,700,up,7.083474518299049e-05,0.006254946310446691
261,261,2100,700,up,-0.002268071796408,0.003916039768855701
262,262,2100,700,up,-0.002268071796408,0.003916039768855701
263,263,2100,700,up,-0.002268071796408,0.003916039768855701
264,264,2100,700,up,-0.002268071796408,0.003916039768855701
265,265,2100,700,up,-0.002268071796408,0.003916039768855701
266,266,2100,700,up,0.0003710088696313,0.0065551204348950004
267,267,2100,700,up,0.0003710088696313,0.0065551204348950004
268,268,2100,700,up,0.0003710088696313,0.0065551204348950004
269,269,2100,700,up,0.0003710088696313,0.0065551204348950004
270,270,2100,700,up,0.0003710088696313,0.0065551204348950004
271,271,2100,700,up,-0.003370416807066,0.0028136947581977
272,272,2100,700,up,-0.003370416807066,0.0028136947581977
273,273,2100,700,up,-0.003370416807066,0.0028136947581977
274,274,2100,700,up,-0.003370416807066,0.0028136947581977
275,275,2100,700,up,-0.003370416807066,0.0028136947581977
276,276,2100,700,up,-0.00082789584531,0.0053562157199537
277,277,2100,700,up,-0.00082789584531,0.0053562157199537
278,278,2100,700,up,-0.00082789584531,0.0053562157199537
279,279,2100,700,up,-0.00082789584531,0.0053562157199537
280,280,2100,700,up,-0.00082789584531,0.0053562157199537
281,281,2100,700,up,0.0007531558700846,0.0069372674353483
282,282,2100,700,up,0.0007531558700846,0.0069372674353483
283,283,2100,700,up,0.0007531558700846,0.0069372674353483
284,284,2100,700,up,0.0007531558700846,0.0069372674353483
285,285,2100,700,up,0.0007531558700846,0.0069372674353483
286,286,2100,700,up,-0.0023892843561188,0.0037948272091449004
287,287,2100,700,up,-0.0023892843561188,0.0037948272091449004
288,288,2100,700,up,-0.0023892843561188,0.0037948272091449004
289,289,2100,700,up,-0.0023892843561188,0.0037948272091449004
290,290,2100,700,up,-0.0023892843561188,0.0037948272091449004
291,291,2100,700,up,-0.0016691885815638,0.0045149229836999
292,292,2100,700,up,-0.0016691885815638,0.0045149229836999
293,293,2100,700,up,-0.0016691885815638,0.0045149229836999
294,294,2100,700,up,-0.0016691885815638,0.0045149229836999
295,295,2100,700,up,-0.0016691885815638,0.0045149229836999
296,296,2100,700,up,0.000727034989949,0.0069111465552127
297,297,2100,700,up,0.000727034989949,0.0069111465552127
298,298,2100,700,up,0.000727034989949,0.0069111465552127
299,299,2100,700,up,0.000727034989949,0.0069111465552127
300,300,2100,1400,down,-0.0097714146792522,-0.012957147001033672
301,301,2100,1400,down,-0.0097714146792522,-0.012957147001033672
302,302,2100,1400,down,-0.0097714146792522,-0.012957147001033672
303,303,2100,1400,down,-0.0102705752215108,-0.01345630754329227
304,304,2100,1400,down,-0.0102705752215108,-0.01345630754329227
305,305,2100,1400,down,-0.0102705752215108,-0.01345630754329227
306,306,2100,1400,down,-0.0102705752215108,-0.01345630754329227
307,307,2100,1400,down,-0.0102705752215108,-0.01345630754329227
308,308,2100,1400,down,-0.0094922055951747,-0.012677937916956171
309,309,2100,1400,down,-0.0094922055951747,-0.012677937916956171
310,310,2100,1400,down,-0.0094922055951747,-0.012677937916956171
311,311,2100,1400,down,-0.0094922055951747,-0.012677937916956171
312,312,2100,1400,down,-0.0094922055951747,-0.012677937916956171
313,313,2100,1400,down,-0.0067928174679334,-0.00997854978971487
314,314,2100,1400,down,-0.0067928174679334,-0.00997854978971487
315,315,2100,1400,down,-0.0067928174679334,-0.00997854978971487
316,316,2100,1400,down,-0.0067928174679334,-0.00997854978971487
317,317,2100,1400,down,-0.0067928174679334,-0.00997854978971487
318,318,2100,1400,down,-0.0068360308167259,-0.010021763138507372
319,319,2100,1400,down,-0.0068360308167259,-0.010021763138507372
320,320,2100,1400,down,-0.0068360308167259,-0.010021763138507372
321,321,2100,1400,down,-0.0068360308167259,-0.010021763138507372
322,322,2100,1400,down,-0.0068360308167259,-0.010021763138507372
323,323,2100,1400,down,-0.0064297738562608,-0.009615506178042271
324,324,2100,1400,down,-0.0064297738562608,-0.009615506178042271
325,325,2100,1400,down,-0.0064297738562608,-0.009615506178042271
326,326,2100,1400,down,-0.0064297738562608,-0.009615506178042271
327,327,2100,1400,down,-0.0064297738562608,-0.009615506178042271
328,328,2100,1400,down,-0.0073319509875839,-0.01051768330936537
329,329,2100,1400,down,-0.0073319509875839,-0.01051768330936537
330,330,2100,1400,down,-0.0073319509875839,-0.01051768330936537
331,331,2100,1400,down,-0.0073319509875839,-0.01051768330936537
332,332,2100,1400,down,-0.0073319509875839,-0.01051768330936537
333,333,2100,1400,down,-0.0064009498079793,-0.00958668212976077
334,334,2100,1400,down,-0.0064009498079793,-0.00958668212976077
335,335,2100,1400,down,-0.0064009498079793,-0.00958668212976077
336,336,2100,1400,down,-0.0064009498079793,-0.00958668212976077
337,337,2100,1400,down,-0.0064009498079793,-0.00958668212976077
338,338,2100,1400,down,-0.0053526570531816,-0.008538389374963071
339,339,2100,1400,down,-0.0053526570531816,-0.008538389374963071
340,340,2100,1400,down,-0.0053526570531816,-0.008538389374963071
341,341,2100,1400,down,-0.0053526570531816,-0.008538389374963071
342,342,2100,1400,down,-0.0053526570531816,-0.008538389374963071
343,343,2100,1400,down,-0.0058616564544982,-0.00904738877627967
344,344,2100,1400,down,-0.0058616564544982,-0.00904738877627967
345,345,2100,1400,down,-0.0058616564544982,-0.00904738877627967
346,346,2100,1400,down,-0.0058616564544982,-0.00904738877627967
347,347,2100,1400,down,-0.0058616564544982,-0.00904738877627967
348,348,2100,1400,down,-0.0037316621476826,-0.00691739446946407
349,349,2100,1400,down,-0.0037316621476826,-0.00691739446946407
350,350,2100,1400,up,0.0057917092990242,0.02132207828283089
351,351,2100,1400,up,0.0057917092990242,0.02132207828283089
352,352,2100,1400,up,0.0057917092990242,0.02132207828283089
353,353,2100,1400,up,0.0039214379976773,0.019451806981483986
354,354,2100,1400,up,0.0039214379976773,0.019451806981483986
355,355,2100,1400,up,0.0039214379976773,0.019451806981483986
356,356,2100,1400,up,0.0039214379976773,0.019451806981483986
357,357,2100,1400,up,0.0039214379976773,0.019451806981483986
358,358,2100,1400,up,0.0008412029098461,0.01637157189365279
359,359,2100,1400,up,0.0008412029098461,0.01637157189365279
360,360,2100,1400,up,0.0008412029098461,0.01637157189365279
361,361,2100,1400,up,0.0008412029098461,0.01637157189365279
362,362,2100,1400,up,0.0008412029098461,0.01637157189365279
363,363,2100,1400,up,0.0019967002306124,0.01752706921441909
364,364,2100,1400,up,0.0019967002306124,0.01752706921441909
365,365,2100,1400,up,0.0019967002306124,0.01752706921441909
366,366,2100,1400,up,0.0019967002306124,0.01752706921441909
367,367,2100,1400,up,0.0019967002306124,0.01752706921441909
368,368,2100,1400,up,0.002575998701952,0.018106367685758688
369,369,2100,1400,up,0.002575998701952,0.018106367685758688
370,370,2100,1400,up,0.002575998701952,0.018106367685758688
371,371,2100,1400,up,0.002575998701952,0.018106367685758688
372,372,2100,1400,up,0.002575998701952,0.018106367685758688
373,373,2100,1400,up,0.002575998701952,0.018106367685758688
374,374,2100,1400,up,0.002575998701952,0.018106367685758688
375,375,2100,1400,up,0.002575998701952,0.018106367685758688
376,376,2100,1400,up,0.002575998701952,0.018106367685758688
377,377,2100,1400,up,0.002575998701952,0.018106367685758688
378,378,2100,1400,up,0.0031533754687336,0.01868374445254029
379,379,2100,1400,up,0.0031533754687336,0.01868374445254029
380,380,2100,1400,up,0.0031533754687336,0.01868374445254029
381,381,2100,1400,up,0.0031533754687336,0.01868374445254029
382,382,2100,1400,up,0.0031533754687336,0.01868374445254029
383,383,2100,1400,up,-0.0004985812350826,0.015031787748724088
384,384,2100,1400,up,-0.0004985812350826,0.015031787748724088
385,385,2100,1400,up,-0.0004985812350826,0.015031787748724088
386,386,2100,1400,up,-0.0004985812350826,0.015031787748724088
387,387,2100,1400,up,-0.0004985812350826,0.015031787748724088
388,388,2100,1400,up,-0.0019887762989052,0.013541592684901488
389,389,2100,1400,up,-0.0019887762989052,0.013541592684901488
390,390,2100,1400,up,-0.0019887762989052,0.013541592684901488
391,391,2100,1400,up,-0.0019887762989052,0.013541592684901488
392,392,2100,1400,up,-0.0019887762989052,0.013541592684901488
393,393,2100,1400,up,-0.0036221077964626,0.011908261187344088
394,394,2100,1400,up,-0.0036221077964626,0.011908261187344088
395,395,2100,1400,up,-0.0036221077964626,0.011908261187344088
396,396,2100,1400,up,-0.0036221077964626,0.011908261187344088
397,397,2100,1400,up,-0.0036221077964626,0.011908261187344088
398,398,2100,1400,up,-0.0028494926471529,0.012680876336653789
399,399,2100,1400,up,-0.0028494926471529,0.012680876336653789
400,400,2100,1400,down,-0.015830597900422,-0.01193181367276631
401,401,2100,1400,down,-0.015830597900422,-0.01193181367276631
402,402,2100,1400,down,-0.015830597900422,-0.01193181367276631
403,403,2100,1400,down,-0.015830597900422,-0.01193181367276631
404,404,2100,1400,down,-0.015830597900422,-0.01193181367276631
405,405,2100,1400,down,-0.0165684958657186,-0.012669711638062912
406,406,2100,1400,down,-0.0165684958657186,-0.012669711638062912
407,407,2100,1400,down,-0.0165684958657186,-0.012669711638062912
408,408,2100,1400,down,-0.0165684958657186,-0.012669711638062912
409,409,2100,1400,down,-0.0165684958657186,-0.012669711638062912
410,410,2100,1400,down,-0.0176278680483263,-0.013729083820670611
411,411,2100,1400,down,-0.0176278680483263,-0.013729083820670611
412,412,2100,1400,down,-0.0176278680483263,-0.013729083820670611
413,413,2100,1400,down,-0.0176278680483263,-0.013729083820670611
414,414,2100,1400,down,-0.0176278680483263,-0.013729083820670611
415,415,2100,1400,down,-0.0149384289878786,-0.011039644760222912
416,416,2100,1400,down,-0.0149384289878786,-0.011039644760222912
417,417,2100,1400,down,-0.0149384289878786,-0.011039644760222912
418,418,2100,1400,down,-0.0149384289878786,-0.011039644760222912
419,419,2100,1400,down,-0.0149384289878786,-0.011039644760222912
420,420,2100,1400,down,-0.0153374586300187,-0.011438674402363012
421,421,2100,1400,down,-0.0153374586300187,-0.011438674402363012
422,422,2100,1400,down,-0.0153374586300187,-0.011438674402363012
423,423,2100,1400,down,-0.0153374586300187,-0.011438674402363012
424,424,2100,1400,down,-0.0153374586300187,-0.011438674402363012
425,425,2100,1400,down,-0.0153374586300187,-0.011438674402363012
426,426,2100,1400,down,-0.0153374586300187,-0.011438674402363012
427,427,2100,1400,down,-0.0173335697392682,-0.01343478551161251
428,428,2100,1400,down,-0.0173335697392682,-0.01343478551161251
429,429,2100,1400,down,-0.0173335697392682,-0.01343478551161251
430,430,2100,1400,down,-0.0173335697392682,-0.01343478551161251
431,431,2100,1400,down,-0.0173335697392682,-0.01343478551161251
432,432,2100,1400,down,-0.0149183410094364,-0.011019556781780711
433,433,2100,1400,down,-0.0149183410094364,-0.011019556781780711
434,434,2100,1400,down,-0.0149183410094364,-0.011019556781780711
435,435,2100,1400,down,-0.0149183410094364,-0.011019556781780711
436,436,2100,1400,down,-0.0149183410094364,-0.011019556781780711
437,437,2100,1400,down,-0.0146414962649632,-0.010742712037307511
438,438,2100,1400,down,-0.0146414962649632,-0.010742712037307511
439,439,2100,1400,down,-0.0146414962649632,-0.010742712037307511
440,440,2100,1400,down,-0.0146414962649632,-0.010742712037307511
441,441,2100,1400,down,-0.0146414962649632,-0.010742712037307511
442,442,2100,1400,down,-0.0160370148876458,-0.012138230659990111
443,443,2100,1400,down,-0.0160370148876458,-0.012138230659990111
444,444,2100,1400,down,-0.0160370148876458,-0.012138230659990111
445,445,2100,1400,down,-0.0160370148876458,-0.012138230659990111
446,446,2100,1400,down,-0.0160370148876458,-0.012138230659990111
447,447,2100,1400,down,-0.0158268606650613,-0.011928076437405611
448,448,2100,1400,down,-0.0158268606650613,-0.011928076437405611
449,449,2100,1400,down,-0.0158268606650613,-0.011928076437405611
450,450,2100,700,up,-0.0037489990327672,0.00455216707276641
451,451,2100,700,up,-0.0037489990327672,0.00455216707276641
452,452,2100,700,up,-0.0037489990327672,0.00455216707276641
453,453,2100,700,up,-0.0037489990327672,0.00455216707276641
454,454,2100,700,up,-0.0037489990327672,0.00455216707276641
455,455,2100,700,up,-0.0025592105997054,0.00574195550582821
456,456,2100,700,up,-0.0025592105997054,0.00574195550582821
457,457,2100,700,up,-0.0025592105997054,0.00574195550582821
458,458,2100,700,up,-0.0025592105997054,0.00574195550582821
459,459,2100,700,up,-0.0025592105997054,0.00574195550582821
460,460,2100,700,up,-0.0036555700736191,0.00464559603191451
461,461,2100,700,up,-0.0036555700736191,0.00464559603191451
462,462,2100,700,up,-0.0036555700736191,0.00464559603191451
463,463,2100,700,up,-0.0036555700736191,0.00464559603191451
464,464,2100,700,up,-0.0036555700736191,0.00464559603191451
465,465,2100,700,up,-0.0037489990327672,0.00455216707276641
466,466,2100,700,up,-0.0037489990327672,0.00455216707276641
467,467,2100,700,up,-0.0037489990327672,0.00455216707276641
468,468,2100,700,up,-0.0037489990327672,0.00455216707276641
469,469,2100,700,up,-0.0037489990327672,0.00455216707276641
470,470,2100,700,up,-0.0052802518608787,0.0030209142446549105
471,471,2100,700,up,-0.0052802518608787,0.0030209142446549105
472,472,2100,700,up,-0.0052802518608787,0.0030209142446549105
473,473,2100,700,up,-0.0052802518608787,0.0030209142446549105
474,474,2100,700,up,-0.0052802518608787,0.0030209142446549105
475,475,2100,700,up,-0.0066293198622711,0.0016718462432625102
476,476,2100,700,up,-0.0066293198622711,0.0016718462432625102
477,477,2100,700,up,-0.0066293198622711,0.0016718462432625102
478,478,2100,700,up,-0.0066293198622711,0.0016718462432625102
479,479,2100,700,up,-0.0066293198622711,0.0016718462432625102
480,480,2100,700,up,-0.0067204122756305,0.0015807538299031105
481,481,2100,700,up,-0.0067204122756305,0.0015807538299031105
482,482,2100,700,up,-0.0067204122756305,0.0015807538299031105
483,483,2100,700,up,-0.0067204122756305,0.0015807538299031105
484,484,2100,700,up,-0.0067204122756305,0.0015807538299031105
485,485,2100,700,up,-0.0051891594475192,0.00311200665801441
486,486,2100,700,up,-0.0051891594475192,0.00311200665801441
487,487,2100,700,up,-0.0051891594475192,0.00311200665801441
488,488,2100,700,up,-0.0051891594475192,0.00311200665801441
489,489,2100,700,up,-0.0051891594475192,0.00311200665801441
490,490,2100,700,up,-0.0051891594475192,0.00311200665801441
491,491,2100,700,up,-0.0051891594475192,0.00311200665801441
492,492,2100,700,up,-0.0051891594475192,0.00311200665801441
493,493,2100,700,up,-0.0051891594475192,0.00311200665801441
494,494,2100,700,up,-0.0051891594475192,0.00311200665801441
495,495,2100,700,up,-0.0072960894990186,0.0010050766065150098
496,496,2100,700,up,-0.0072960894990186,0.0010050766065150098
497,497,2100,700,up,-0.0072960894990186,0.0010050766065150098
498,498,2100,700,up,-0.0072960894990186,0.0010050766065150098
499,499,2100,700,up,-0.0072960894990186,0.0010050766065150098
