,Unnamed: 0.2,Unnamed: 0.1,Unnamed: 0,CurrentDensity,Step,StepDirection,error,error_corrected
0,0,0,0,1400,350,up,-0.0022288560867309,0.0053969979286193
1,1,1,1,1400,350,up,-0.0022288560867309,0.0053969979286193
2,2,2,2,1400,350,up,-0.0022288560867309,0.0053969979286193
3,3,3,3,1400,350,up,-0.0022288560867309,0.0053969979286193
4,4,4,4,1400,350,up,-0.0014088153839111,0.0062170386314391
5,5,5,5,1400,350,up,-0.0014088153839111,0.0062170386314391
6,6,6,6,1400,350,up,-0.0014088153839111,0.0062170386314391
7,7,7,7,1400,350,up,-0.0014088153839111,0.0062170386314391
8,8,8,8,1400,350,up,-0.0014088153839111,0.0062170386314391
9,9,9,9,1400,350,up,-0.0020056962966918,0.0056201577186584
10,10,10,10,1400,350,up,-0.0020056962966918,0.0056201577186584
11,11,11,11,1400,350,up,-0.0020056962966918,0.0056201577186584
12,12,12,12,1400,350,up,-0.0020056962966918,0.0056201577186584
13,13,13,13,1400,350,up,-0.0020056962966918,0.0056201577186584
14,14,14,14,1400,350,up,-0.0012439489364624,0.0063819050788878
15,15,15,15,1400,350,up,-0.0012439489364624,0.0063819050788878
16,16,16,16,1400,350,up,-0.0012439489364624,0.0063819050788878
17,17,17,17,1400,350,up,-0.0012439489364624,0.0063819050788878
18,18,18,18,1400,350,up,-0.0012439489364624,0.0063819050788878
19,19,19,19,1400,350,up,-0.0024950504302978,0.0051308035850524
20,20,20,20,1400,350,up,-0.0024950504302978,0.0051308035850524
21,21,21,21,1400,350,up,-0.0024950504302978,0.0051308035850524
22,22,22,22,1400,350,up,-0.0024950504302978,0.0051308035850524
23,23,23,23,1400,350,up,-0.0024950504302978,0.0051308035850524
24,24,24,24,1400,350,up,-0.0018982887268066,0.0057275652885436
25,25,25,25,1400,350,up,-0.0018982887268066,0.0057275652885436
26,26,26,26,1400,350,up,-0.0018982887268066,0.0057275652885436
27,27,27,27,1400,350,up,-0.0018982887268066,0.0057275652885436
28,28,28,28,1400,350,up,-0.0018982887268066,0.0057275652885436
29,29,29,29,1400,350,up,-0.0023894309997558,0.0052364230155943
30,30,30,30,1400,350,up,-0.0023894309997558,0.0052364230155943
31,31,31,31,1400,350,up,-0.0023894309997558,0.0052364230155943
32,32,32,32,1400,350,up,-0.0023894309997558,0.0052364230155943
33,33,33,33,1400,350,up,-0.0023894309997558,0.0052364230155943
34,34,34,34,1400,350,up,-0.0023894309997558,0.0052364230155943
35,35,35,35,1400,350,up,-0.0025902986526489,0.0050355553627013
36,36,36,36,1400,350,up,-0.0025902986526489,0.0050355553627013
37,37,37,37,1400,350,up,-0.0025902986526489,0.0050355553627013
38,38,38,38,1400,350,up,-0.0025902986526489,0.0050355553627013
39,39,39,39,1400,350,up,-0.0025902986526489,0.0050355553627013
40,40,40,40,1400,350,up,-0.0043548345565795,0.0032710194587707
41,41,41,41,1400,350,up,-0.0043548345565795,0.0032710194587707
42,42,42,42,1400,350,up,-0.0043548345565795,0.0032710194587707
43,43,43,43,1400,350,up,-0.0043548345565795,0.0032710194587707
44,44,44,44,1400,350,up,-0.0043548345565795,0.0032710194587707
45,45,45,45,1400,350,up,-0.0036712884902954,0.0039545655250548
46,46,46,46,1400,350,up,-0.0036712884902954,0.0039545655250548
47,47,47,47,1400,350,up,-0.0036712884902954,0.0039545655250548
48,48,48,48,1400,350,up,-0.0036712884902954,0.0039545655250548
49,49,49,49,1400,350,up,-0.0036712884902954,0.0039545655250548
50,50,50,50,1400,700,down,-0.0155854225158691,-0.0071708917617798
51,51,51,51,1400,700,down,-0.0155854225158691,-0.0071708917617798
52,52,52,52,1400,700,down,-0.0169341564178466,-0.0085196256637573
53,53,53,53,1400,700,down,-0.0169341564178466,-0.0085196256637573
54,54,54,54,1400,700,down,-0.0169341564178466,-0.0085196256637573
55,55,55,55,1400,700,down,-0.0169341564178466,-0.0085196256637573
56,56,56,56,1400,700,down,-0.0169341564178466,-0.0085196256637573
57,57,57,57,1400,700,down,-0.0154242515563964,-0.0070097208023071
58,58,58,58,1400,700,down,-0.0154242515563964,-0.0070097208023071
59,59,59,59,1400,700,down,-0.0154242515563964,-0.0070097208023071
60,60,60,60,1400,700,down,-0.0154242515563964,-0.0070097208023071
61,61,61,61,1400,700,down,-0.0154242515563964,-0.0070097208023071
62,62,62,62,1400,700,down,-0.0155483484268188,-0.0071338176727295
63,63,63,63,1400,700,down,-0.0155483484268188,-0.0071338176727295
64,64,64,64,1400,700,down,-0.0155483484268188,-0.0071338176727295
65,65,65,65,1400,700,down,-0.0155483484268188,-0.0071338176727295
66,66,66,66,1400,700,down,-0.0155483484268188,-0.0071338176727295
67,67,67,67,1400,700,down,-0.0173451900482177,-0.0089306592941284
68,68,68,68,1400,700,down,-0.0173451900482177,-0.0089306592941284
69,69,69,69,1400,700,down,-0.0173451900482177,-0.0089306592941284
70,70,70,70,1400,700,down,-0.0173451900482177,-0.0089306592941284
71,71,71,71,1400,700,down,-0.0173451900482177,-0.0089306592941284
72,72,72,72,1400,700,down,-0.0176155567169189,-0.0092010259628296
73,73,73,73,1400,700,down,-0.0176155567169189,-0.0092010259628296
74,74,74,74,1400,700,down,-0.0176155567169189,-0.0092010259628296
75,75,75,75,1400,700,down,-0.0176155567169189,-0.0092010259628296
76,76,76,76,1400,700,down,-0.0176155567169189,-0.0092010259628296
77,77,77,77,1400,700,down,-0.0154242515563964,-0.0070097208023071
78,78,78,78,1400,700,down,-0.0154242515563964,-0.0070097208023071
79,79,79,79,1400,700,down,-0.0154242515563964,-0.0070097208023071
80,80,80,80,1400,700,down,-0.0154242515563964,-0.0070097208023071
81,81,81,81,1400,700,down,-0.0154242515563964,-0.0070097208023071
82,82,82,82,1400,700,down,-0.0131585597991943,-0.004744029045105
83,83,83,83,1400,700,down,-0.0131585597991943,-0.004744029045105
84,84,84,84,1400,700,down,-0.0131585597991943,-0.004744029045105
85,85,85,85,1400,700,down,-0.0131585597991943,-0.004744029045105
86,86,86,86,1400,700,down,-0.0131585597991943,-0.004744029045105
87,87,87,87,1400,700,down,-0.0144697427749633,-0.006055212020874
88,88,88,88,1400,700,down,-0.0144697427749633,-0.006055212020874
89,89,89,89,1400,700,down,-0.0144697427749633,-0.006055212020874
90,90,90,90,1400,700,down,-0.0144697427749633,-0.006055212020874
91,91,91,91,1400,700,down,-0.0144697427749633,-0.006055212020874
92,92,92,92,1400,700,down,-0.0107266902923583,-0.002312159538269
93,93,93,93,1400,700,down,-0.0107266902923583,-0.002312159538269
94,94,94,94,1400,700,down,-0.0107266902923583,-0.002312159538269
95,95,95,95,1400,700,down,-0.0107266902923583,-0.002312159538269
96,96,96,96,1400,700,down,-0.0107266902923583,-0.002312159538269
97,97,97,97,1400,700,down,-0.0139467716217041,-0.0055322408676148
98,98,98,98,1400,700,down,-0.0139467716217041,-0.0055322408676148
99,99,99,99,1400,700,down,-0.0139467716217041,-0.0055322408676148
100,100,100,100,1400,700,up,0.0006804466247558,0.006838445663452
101,101,101,101,1400,700,up,0.0006804466247558,0.006838445663452
102,102,102,102,1400,700,up,0.0006804466247558,0.006838445663452
103,103,103,103,1400,700,up,0.0006804466247558,0.006838445663452
104,104,104,104,1400,700,up,-0.000360369682312,0.0057976293563842
105,105,105,105,1400,700,up,-0.000360369682312,0.0057976293563842
106,106,106,106,1400,700,up,-0.000360369682312,0.0057976293563842
107,107,107,107,1400,700,up,-0.000360369682312,0.0057976293563842
108,108,108,108,1400,700,up,-0.000360369682312,0.0057976293563842
109,109,109,109,1400,700,up,0.0001672506332397,0.0063252496719359
110,110,110,110,1400,700,up,0.0001672506332397,0.0063252496719359
111,111,111,111,1400,700,up,0.0001672506332397,0.0063252496719359
112,112,112,112,1400,700,up,0.0001672506332397,0.0063252496719359
113,113,113,113,1400,700,up,0.0001672506332397,0.0063252496719359
114,114,114,114,1400,700,up,-0.0001815557479858,0.0059764432907104
115,115,115,115,1400,700,up,-0.0001815557479858,0.0059764432907104
116,116,116,116,1400,700,up,-0.0001815557479858,0.0059764432907104
117,117,117,117,1400,700,up,-0.0001815557479858,0.0059764432907104
118,118,118,118,1400,700,up,-0.0001815557479858,0.0059764432907104
119,119,119,119,1400,700,up,-0.0012623071670532,0.004895691871643
120,120,120,120,1400,700,up,-0.0012623071670532,0.004895691871643
121,121,121,121,1400,700,up,-0.0012623071670532,0.004895691871643
122,122,122,122,1400,700,up,-0.0012623071670532,0.004895691871643
123,123,123,123,1400,700,up,-0.0012623071670532,0.004895691871643
124,124,124,124,1400,700,up,-0.0008885860443115,0.0052694129943847
125,125,125,125,1400,700,up,-0.0008885860443115,0.0052694129943847
126,126,126,126,1400,700,up,-0.0008885860443115,0.0052694129943847
127,127,127,127,1400,700,up,-0.0008885860443115,0.0052694129943847
128,128,128,128,1400,700,up,-0.0008885860443115,0.0052694129943847
129,129,129,129,1400,700,up,-0.0002781152725219,0.0058798837661743
130,130,130,130,1400,700,up,-0.0002781152725219,0.0058798837661743
131,131,131,131,1400,700,up,-0.0002781152725219,0.0058798837661743
132,132,132,132,1400,700,up,-0.0002781152725219,0.0058798837661743
133,133,133,133,1400,700,up,-0.0002781152725219,0.0058798837661743
134,134,134,134,1400,700,up,-0.0008141994476318,0.0053437995910643
135,135,135,135,1400,700,up,-0.0008141994476318,0.0053437995910643
136,136,136,136,1400,700,up,-0.0008141994476318,0.0053437995910643
137,137,137,137,1400,700,up,-0.0008141994476318,0.0053437995910643
138,138,138,138,1400,700,up,-0.0008141994476318,0.0053437995910643
139,139,139,139,1400,700,up,-0.005803108215332,0.0003548908233641
140,140,140,140,1400,700,up,-0.005803108215332,0.0003548908233641
141,141,141,141,1400,700,up,-0.005803108215332,0.0003548908233641
142,142,142,142,1400,700,up,-0.005803108215332,0.0003548908233641
143,143,143,143,1400,700,up,-0.005803108215332,0.0003548908233641
144,144,144,144,1400,700,up,-0.0027612447738647,0.0033967542648314
145,145,145,145,1400,700,up,-0.0027612447738647,0.0033967542648314
146,146,146,146,1400,700,up,-0.0027612447738647,0.0033967542648314
147,147,147,147,1400,700,up,-0.0027612447738647,0.0033967542648314
148,148,148,148,1400,700,up,-0.0027612447738647,0.0033967542648314
149,149,149,149,1400,700,up,-0.0036624670028686,0.0024955320358276
150,150,150,150,1400,700,down,-0.0171504020690917,-0.0060315966606139
151,151,151,151,1400,700,down,-0.0171504020690917,-0.0060315966606139
152,152,152,152,1400,700,down,-0.0161257982254028,-0.0050069928169251
153,153,153,153,1400,700,down,-0.0161257982254028,-0.0050069928169251
154,154,154,154,1400,700,down,-0.0161257982254028,-0.0050069928169251
155,155,155,155,1400,700,down,-0.0161257982254028,-0.0050069928169251
156,156,156,156,1400,700,down,-0.0161257982254028,-0.0050069928169251
157,157,157,157,1400,700,down,-0.0144672393798828,-0.0033484339714051
158,158,158,158,1400,700,down,-0.0144672393798828,-0.0033484339714051
159,159,159,159,1400,700,down,-0.0144672393798828,-0.0033484339714051
160,160,160,160,1400,700,down,-0.0144672393798828,-0.0033484339714051
161,161,161,161,1400,700,down,-0.0144672393798828,-0.0033484339714051
162,162,162,162,1400,700,down,-0.0169671773910522,-0.0058483719825745
163,163,163,163,1400,700,down,-0.0169671773910522,-0.0058483719825745
164,164,164,164,1400,700,down,-0.0169671773910522,-0.0058483719825745
165,165,165,165,1400,700,down,-0.0169671773910522,-0.0058483719825745
166,166,166,166,1400,700,down,-0.0169671773910522,-0.0058483719825745
167,167,167,167,1400,700,down,-0.0142227411270141,-0.0031039357185363
168,168,168,168,1400,700,down,-0.0142227411270141,-0.0031039357185363
169,169,169,169,1400,700,down,-0.0142227411270141,-0.0031039357185363
170,170,170,170,1400,700,down,-0.0142227411270141,-0.0031039357185363
171,171,171,171,1400,700,down,-0.0142227411270141,-0.0031039357185363
172,172,172,172,1400,700,down,-0.0157650709152221,-0.0046462655067443
173,173,173,173,1400,700,down,-0.0157650709152221,-0.0046462655067443
174,174,174,174,1400,700,down,-0.0157650709152221,-0.0046462655067443
175,175,175,175,1400,700,down,-0.0157650709152221,-0.0046462655067443
176,176,176,176,1400,700,down,-0.0157650709152221,-0.0046462655067443
177,177,177,177,1400,700,down,-0.014733076095581,-0.0036142706871032
178,178,178,178,1400,700,down,-0.014733076095581,-0.0036142706871032
179,179,179,179,1400,700,down,-0.014733076095581,-0.0036142706871032
180,180,180,180,1400,700,down,-0.014733076095581,-0.0036142706871032
181,181,181,181,1400,700,down,-0.014733076095581,-0.0036142706871032
182,182,182,182,1400,700,down,-0.0140802860260009,-0.0029614806175232
183,183,183,183,1400,700,down,-0.0140802860260009,-0.0029614806175232
184,184,184,184,1400,700,down,-0.0140802860260009,-0.0029614806175232
185,185,185,185,1400,700,down,-0.0140802860260009,-0.0029614806175232
186,186,186,186,1400,700,down,-0.0140802860260009,-0.0029614806175232
187,187,187,187,1400,700,down,-0.0142158269882202,-0.0030970215797424
188,188,188,188,1400,700,down,-0.0142158269882202,-0.0030970215797424
189,189,189,189,1400,700,down,-0.0142158269882202,-0.0030970215797424
190,190,190,190,1400,700,down,-0.0142158269882202,-0.0030970215797424
191,191,191,191,1400,700,down,-0.0142158269882202,-0.0030970215797424
192,192,192,192,1400,700,down,-0.0138157606124877,-0.0026969552040099
193,193,193,193,1400,700,down,-0.0138157606124877,-0.0026969552040099
194,194,194,194,1400,700,down,-0.0138157606124877,-0.0026969552040099
195,195,195,195,1400,700,down,-0.0138157606124877,-0.0026969552040099
196,196,196,196,1400,700,down,-0.0138157606124877,-0.0026969552040099
197,197,197,197,1400,700,down,-0.0136084556579589,-0.0024896502494811
198,198,198,198,1400,700,down,-0.0136084556579589,-0.0024896502494811
199,199,199,199,1400,700,down,-0.0136084556579589,-0.0024896502494811
200,200,200,200,1400,350,up,-0.0065481662750244,0.003919825553894
201,201,201,201,1400,350,up,-0.0065481662750244,0.003919825553894
202,202,202,202,1400,350,up,-0.0065481662750244,0.003919825553894
203,203,203,203,1400,350,up,-0.0065481662750244,0.003919825553894
204,204,204,204,1400,350,up,-0.0065481662750244,0.003919825553894
205,205,205,205,1400,350,up,-0.005002737045288,0.0054652547836304
206,206,206,206,1400,350,up,-0.005002737045288,0.0054652547836304
207,207,207,207,1400,350,up,-0.005002737045288,0.0054652547836304
208,208,208,208,1400,350,up,-0.005002737045288,0.0054652547836304
209,209,209,209,1400,350,up,-0.005002737045288,0.0054652547836304
210,210,210,210,1400,350,up,-0.0033431053161621,0.0071248865127563
211,211,211,211,1400,350,up,-0.0033431053161621,0.0071248865127563
212,212,212,212,1400,350,up,-0.0033431053161621,0.0071248865127563
213,213,213,213,1400,350,up,-0.0033431053161621,0.0071248865127563
214,214,214,214,1400,350,up,-0.0033431053161621,0.0071248865127563
215,215,215,215,1400,350,up,-0.0051072835922241,0.0053607082366943
216,216,216,216,1400,350,up,-0.0051072835922241,0.0053607082366943
217,217,217,217,1400,350,up,-0.0051072835922241,0.0053607082366943
218,218,218,218,1400,350,up,-0.0051072835922241,0.0053607082366943
219,219,219,219,1400,350,up,-0.0051072835922241,0.0053607082366943
220,220,220,220,1400,350,up,-0.0053234100341796,0.0051445817947388
221,221,221,221,1400,350,up,-0.0053234100341796,0.0051445817947388
222,222,222,222,1400,350,up,-0.0053234100341796,0.0051445817947388
223,223,223,223,1400,350,up,-0.0053234100341796,0.0051445817947388
224,224,224,224,1400,350,up,-0.0053234100341796,0.0051445817947388
225,225,225,225,1400,350,up,-0.004645824432373,0.0058221673965454
226,226,226,226,1400,350,up,-0.004645824432373,0.0058221673965454
227,227,227,227,1400,350,up,-0.004645824432373,0.0058221673965454
228,228,228,228,1400,350,up,-0.004645824432373,0.0058221673965454
229,229,229,229,1400,350,up,-0.004645824432373,0.0058221673965454
230,230,230,230,1400,350,up,-0.0065486431121826,0.0039193487167358
231,231,231,231,1400,350,up,-0.0065486431121826,0.0039193487167358
232,232,232,232,1400,350,up,-0.0065486431121826,0.0039193487167358
233,233,233,233,1400,350,up,-0.0065486431121826,0.0039193487167358
234,234,234,234,1400,350,up,-0.0065486431121826,0.0039193487167358
235,235,235,235,1400,350,up,-0.005220890045166,0.0052471017837524
236,236,236,236,1400,350,up,-0.005220890045166,0.0052471017837524
237,237,237,237,1400,350,up,-0.005220890045166,0.0052471017837524
238,238,238,238,1400,350,up,-0.005220890045166,0.0052471017837524
239,239,239,239,1400,350,up,-0.005220890045166,0.0052471017837524
240,240,240,240,1400,350,up,-0.0066637992858886,0.0038041925430298
241,241,241,241,1400,350,up,-0.0066637992858886,0.0038041925430298
242,242,242,242,1400,350,up,-0.0066637992858886,0.0038041925430298
243,243,243,243,1400,350,up,-0.0066637992858886,0.0038041925430298
244,244,244,244,1400,350,up,-0.0066637992858886,0.0038041925430298
245,245,245,245,1400,350,up,-0.0064742565155029,0.0039937353134155
246,246,246,246,1400,350,up,-0.0064742565155029,0.0039937353134155
247,247,247,247,1400,350,up,-0.0064742565155029,0.0039937353134155
248,248,248,248,1400,350,up,-0.0064742565155029,0.0039937353134155
249,249,249,249,1400,350,up,-0.0064742565155029,0.0039937353134155
250,250,250,250,2100,350,up,-0.0063934326171875,0.020026774406433
251,251,251,251,2100,350,up,-0.0063934326171875,0.020026774406433
252,252,252,252,2100,350,up,-0.0063934326171875,0.020026774406433
253,253,253,253,2100,350,up,-0.0063934326171875,0.020026774406433
254,254,254,254,2100,350,up,-0.0063934326171875,0.020026774406433
255,255,255,255,2100,350,up,-0.0085885524749755,0.017831654548645
256,256,256,256,2100,350,up,-0.0085885524749755,0.017831654548645
257,257,257,257,2100,350,up,-0.0085885524749755,0.017831654548645
258,258,258,258,2100,350,up,-0.0085885524749755,0.017831654548645
259,259,259,259,2100,350,up,-0.0085885524749755,0.017831654548645
260,260,260,260,2100,350,up,-0.0119435787200927,0.0144766283035277
261,261,261,261,2100,350,up,-0.0119435787200927,0.0144766283035277
262,262,262,262,2100,350,up,-0.0119435787200927,0.0144766283035277
263,263,263,263,2100,350,up,-0.0119435787200927,0.0144766283035277
264,264,264,264,2100,350,up,-0.0119435787200927,0.0144766283035277
265,265,265,265,2100,350,up,-0.010991096496582,0.0154291105270384
266,266,266,266,2100,350,up,-0.010991096496582,0.0154291105270384
267,267,267,267,2100,350,up,-0.010991096496582,0.0154291105270384
268,268,268,268,2100,350,up,-0.010991096496582,0.0154291105270384
269,269,269,269,2100,350,up,-0.010991096496582,0.0154291105270384
270,270,270,270,2100,350,up,-0.0109089612960815,0.015511245727539
271,271,271,271,2100,350,up,-0.0109089612960815,0.015511245727539
272,272,272,272,2100,350,up,-0.0109089612960815,0.015511245727539
273,273,273,273,2100,350,up,-0.0109089612960815,0.015511245727539
274,274,274,274,2100,350,up,-0.0109089612960815,0.015511245727539
275,275,275,275,2100,350,up,-0.0114927291870117,0.0149274778366088
276,276,276,276,2100,350,up,-0.0114927291870117,0.0149274778366088
277,277,277,277,2100,350,up,-0.0114927291870117,0.0149274778366088
278,278,278,278,2100,350,up,-0.0114927291870117,0.0149274778366088
279,279,279,279,2100,350,up,-0.0114927291870117,0.0149274778366088
280,280,280,280,2100,350,up,-0.0136951208114624,0.012725086212158
281,281,281,281,2100,350,up,-0.0136951208114624,0.012725086212158
282,282,282,282,2100,350,up,-0.0136951208114624,0.012725086212158
283,283,283,283,2100,350,up,-0.0136951208114624,0.012725086212158
284,284,284,284,2100,350,up,-0.0136951208114624,0.012725086212158
285,285,285,285,2100,350,up,-0.0138798952102661,0.0125403118133544
286,286,286,286,2100,350,up,-0.0138798952102661,0.0125403118133544
287,287,287,287,2100,350,up,-0.0138798952102661,0.0125403118133544
288,288,288,288,2100,350,up,-0.0138798952102661,0.0125403118133544
289,289,289,289,2100,350,up,-0.0138798952102661,0.0125403118133544
290,290,290,290,2100,350,up,-0.0148297548294067,0.0115904521942137
291,291,291,291,2100,350,up,-0.0148297548294067,0.0115904521942137
292,292,292,292,2100,350,up,-0.0148297548294067,0.0115904521942137
293,293,293,293,2100,350,up,-0.0148297548294067,0.0115904521942137
294,294,294,294,2100,350,up,-0.0148297548294067,0.0115904521942137
295,295,295,295,2100,350,up,-0.014339804649353,0.0120804023742675
296,296,296,296,2100,350,up,-0.014339804649353,0.0120804023742675
297,297,297,297,2100,350,up,-0.014339804649353,0.0120804023742675
298,298,298,298,2100,350,up,-0.014339804649353,0.0120804023742675
299,299,299,299,2100,350,up,-0.014339804649353,0.0120804023742675
300,300,300,300,2100,700,down,-0.0232740640640258,-0.0068616604804992
301,301,301,301,2100,700,down,-0.0232740640640258,-0.0068616604804992
302,302,302,302,2100,700,down,-0.0233142375946044,-0.0069018340110778
303,303,303,303,2100,700,down,-0.0233142375946044,-0.0069018340110778
304,304,304,304,2100,700,down,-0.0233142375946044,-0.0069018340110778
305,305,305,305,2100,700,down,-0.0233142375946044,-0.0069018340110778
306,306,306,306,2100,700,down,-0.0233142375946044,-0.0069018340110778
307,307,307,307,2100,700,down,-0.0233724117279052,-0.0069600081443787
308,308,308,308,2100,700,down,-0.0233724117279052,-0.0069600081443787
309,309,309,309,2100,700,down,-0.0233724117279052,-0.0069600081443787
310,310,310,310,2100,700,down,-0.0233724117279052,-0.0069600081443787
311,311,311,311,2100,700,down,-0.0233724117279052,-0.0069600081443787
312,312,312,312,2100,700,down,-0.0218105316162109,-0.0053981280326843
313,313,313,313,2100,700,down,-0.0218105316162109,-0.0053981280326843
314,314,314,314,2100,700,down,-0.0218105316162109,-0.0053981280326843
315,315,315,315,2100,700,down,-0.0218105316162109,-0.0053981280326843
316,316,316,316,2100,700,down,-0.0218105316162109,-0.0053981280326843
317,317,317,317,2100,700,down,-0.022578477859497,-0.0061660742759705
318,318,318,318,2100,700,down,-0.022578477859497,-0.0061660742759705
319,319,319,319,2100,700,down,-0.022578477859497,-0.0061660742759705
320,320,320,320,2100,700,down,-0.022578477859497,-0.0061660742759705
321,321,321,321,2100,700,down,-0.022578477859497,-0.0061660742759705
322,322,322,322,2100,700,down,-0.0217646360397338,-0.0053522324562072
323,323,323,323,2100,700,down,-0.0217646360397338,-0.0053522324562072
324,324,324,324,2100,700,down,-0.0217646360397338,-0.0053522324562072
325,325,325,325,2100,700,down,-0.0217646360397338,-0.0053522324562072
326,326,326,326,2100,700,down,-0.0217646360397338,-0.0053522324562072
327,327,327,327,2100,700,down,-0.0206203460693359,-0.0042079424858093
328,328,328,328,2100,700,down,-0.0206203460693359,-0.0042079424858093
329,329,329,329,2100,700,down,-0.0206203460693359,-0.0042079424858093
330,330,330,330,2100,700,down,-0.0206203460693359,-0.0042079424858093
331,331,331,331,2100,700,down,-0.0206203460693359,-0.0042079424858093
332,332,332,332,2100,700,down,-0.0184803009033203,-0.0020678973197937
333,333,333,333,2100,700,down,-0.0184803009033203,-0.0020678973197937
334,334,334,334,2100,700,down,-0.0184803009033203,-0.0020678973197937
335,335,335,335,2100,700,down,-0.0184803009033203,-0.0020678973197937
336,336,336,336,2100,700,down,-0.0184803009033203,-0.0020678973197937
337,337,337,337,2100,700,down,-0.020979881286621,-0.0045674777030945
338,338,338,338,2100,700,down,-0.020979881286621,-0.0045674777030945
339,339,339,339,2100,700,down,-0.020979881286621,-0.0045674777030945
340,340,340,340,2100,700,down,-0.020979881286621,-0.0045674777030945
341,341,341,341,2100,700,down,-0.020979881286621,-0.0045674777030945
342,342,342,342,2100,700,down,-0.0207308530807495,-0.004318449497223
343,343,343,343,2100,700,down,-0.0207308530807495,-0.004318449497223
344,344,344,344,2100,700,down,-0.0207308530807495,-0.004318449497223
345,345,345,345,2100,700,down,-0.0207308530807495,-0.004318449497223
346,346,346,346,2100,700,down,-0.0207308530807495,-0.004318449497223
347,347,347,347,2100,700,down,-0.0193854570388793,-0.0029730534553528
348,348,348,348,2100,700,down,-0.0193854570388793,-0.0029730534553528
349,349,349,349,2100,700,down,-0.0193854570388793,-0.0029730534553528
350,350,350,350,2100,700,up,-0.0091965198516845,0.0088431787490844
351,351,351,351,2100,700,up,-0.0091965198516845,0.0088431787490844
352,352,352,352,2100,700,up,-0.0091965198516845,0.0088431787490844
353,353,353,353,2100,700,up,-0.0091965198516845,0.0088431787490844
354,354,354,354,2100,700,up,-0.0118879079818725,0.0061517906188964
355,355,355,355,2100,700,up,-0.0118879079818725,0.0061517906188964
356,356,356,356,2100,700,up,-0.0118879079818725,0.0061517906188964
357,357,357,357,2100,700,up,-0.0118879079818725,0.0061517906188964
358,358,358,358,2100,700,up,-0.0118879079818725,0.0061517906188964
359,359,359,359,2100,700,up,-0.0121815204620361,0.0058581781387328
360,360,360,360,2100,700,up,-0.0121815204620361,0.0058581781387328
361,361,361,361,2100,700,up,-0.0121815204620361,0.0058581781387328
362,362,362,362,2100,700,up,-0.0121815204620361,0.0058581781387328
363,363,363,363,2100,700,up,-0.0121815204620361,0.0058581781387328
364,364,364,364,2100,700,up,-0.0127547979354858,0.0052849006652831
365,365,365,365,2100,700,up,-0.0127547979354858,0.0052849006652831
366,366,366,366,2100,700,up,-0.0127547979354858,0.0052849006652831
367,367,367,367,2100,700,up,-0.0127547979354858,0.0052849006652831
368,368,368,368,2100,700,up,-0.0127547979354858,0.0052849006652831
369,369,369,369,2100,700,up,-0.0124731063842773,0.0055665922164915
370,370,370,370,2100,700,up,-0.0124731063842773,0.0055665922164915
371,371,371,371,2100,700,up,-0.0124731063842773,0.0055665922164915
372,372,372,372,2100,700,up,-0.0124731063842773,0.0055665922164915
373,373,373,373,2100,700,up,-0.0124731063842773,0.0055665922164915
374,374,374,374,2100,700,up,-0.0125863552093505,0.0054533433914184
375,375,375,375,2100,700,up,-0.0125863552093505,0.0054533433914184
376,376,376,376,2100,700,up,-0.0125863552093505,0.0054533433914184
377,377,377,377,2100,700,up,-0.0125863552093505,0.0054533433914184
378,378,378,378,2100,700,up,-0.0125863552093505,0.0054533433914184
379,379,379,379,2100,700,up,-0.0153125524520874,0.0027271461486814
380,380,380,380,2100,700,up,-0.0153125524520874,0.0027271461486814
381,381,381,381,2100,700,up,-0.0153125524520874,0.0027271461486814
382,382,382,382,2100,700,up,-0.0153125524520874,0.0027271461486814
383,383,383,383,2100,700,up,-0.0153125524520874,0.0027271461486814
384,384,384,384,2100,700,up,-0.018524169921875,-0.0004844713211061
385,385,385,385,2100,700,up,-0.018524169921875,-0.0004844713211061
386,386,386,386,2100,700,up,-0.018524169921875,-0.0004844713211061
387,387,387,387,2100,700,up,-0.018524169921875,-0.0004844713211061
388,388,388,388,2100,700,up,-0.018524169921875,-0.0004844713211061
389,389,389,389,2100,700,up,-0.0167770385742187,0.0012626600265501
390,390,390,390,2100,700,up,-0.0167770385742187,0.0012626600265501
391,391,391,391,2100,700,up,-0.0167770385742187,0.0012626600265501
392,392,392,392,2100,700,up,-0.0167770385742187,0.0012626600265501
393,393,393,393,2100,700,up,-0.0167770385742187,0.0012626600265501
394,394,394,394,2100,700,up,-0.0197303295135498,-0.0016906309127809
395,395,395,395,2100,700,up,-0.0197303295135498,-0.0016906309127809
396,396,396,396,2100,700,up,-0.0197303295135498,-0.0016906309127809
397,397,397,397,2100,700,up,-0.0197303295135498,-0.0016906309127809
398,398,398,398,2100,700,up,-0.0197303295135498,-0.0016906309127809
399,399,399,399,2100,700,up,-0.0197628736495971,-0.0017231750488281
400,400,400,400,2100,700,down,-0.0268127918243408,-0.0074024772644042
401,401,401,401,2100,700,down,-0.0268127918243408,-0.0074024772644042
402,402,402,402,2100,700,down,-0.0268127918243408,-0.0074024772644042
403,403,403,403,2100,700,down,-0.0278687477111816,-0.008458433151245
404,404,404,404,2100,700,down,-0.0278687477111816,-0.008458433151245
405,405,405,405,2100,700,down,-0.0278687477111816,-0.008458433151245
406,406,406,406,2100,700,down,-0.0278687477111816,-0.008458433151245
407,407,407,407,2100,700,down,-0.0278687477111816,-0.008458433151245
408,408,408,408,2100,700,down,-0.0291073322296142,-0.0096970176696776
409,409,409,409,2100,700,down,-0.0291073322296142,-0.0096970176696776
410,410,410,410,2100,700,down,-0.0291073322296142,-0.0096970176696776
411,411,411,411,2100,700,down,-0.0291073322296142,-0.0096970176696776
412,412,412,412,2100,700,down,-0.0291073322296142,-0.0096970176696776
413,413,413,413,2100,700,down,-0.027370810508728,-0.0079604959487914
414,414,414,414,2100,700,down,-0.027370810508728,-0.0079604959487914
415,415,415,415,2100,700,down,-0.027370810508728,-0.0079604959487914
416,416,416,416,2100,700,down,-0.027370810508728,-0.0079604959487914
417,417,417,417,2100,700,down,-0.027370810508728,-0.0079604959487914
418,418,418,418,2100,700,down,-0.0277003049850463,-0.0082899904251097
419,419,419,419,2100,700,down,-0.0277003049850463,-0.0082899904251097
420,420,420,420,2100,700,down,-0.0277003049850463,-0.0082899904251097
421,421,421,421,2100,700,down,-0.0277003049850463,-0.0082899904251097
422,422,422,422,2100,700,down,-0.0277003049850463,-0.0082899904251097
423,423,423,423,2100,700,down,-0.0265908241271972,-0.0071805095672606
424,424,424,424,2100,700,down,-0.0265908241271972,-0.0071805095672606
425,425,425,425,2100,700,down,-0.0265908241271972,-0.0071805095672606
426,426,426,426,2100,700,down,-0.0265908241271972,-0.0071805095672606
427,427,427,427,2100,700,down,-0.0265908241271972,-0.0071805095672606
428,428,428,428,2100,700,down,-0.0274505615234375,-0.0080402469635009
429,429,429,429,2100,700,down,-0.0274505615234375,-0.0080402469635009
430,430,430,430,2100,700,down,-0.0274505615234375,-0.0080402469635009
431,431,431,431,2100,700,down,-0.0274505615234375,-0.0080402469635009
432,432,432,432,2100,700,down,-0.0274505615234375,-0.0080402469635009
433,433,433,433,2100,700,down,-0.0256706476211547,-0.0062603330612181
434,434,434,434,2100,700,down,-0.0256706476211547,-0.0062603330612181
435,435,435,435,2100,700,down,-0.0256706476211547,-0.0062603330612181
436,436,436,436,2100,700,down,-0.0256706476211547,-0.0062603330612181
437,437,437,437,2100,700,down,-0.0256706476211547,-0.0062603330612181
438,438,438,438,2100,700,down,-0.0268244743347167,-0.0074141597747801
439,439,439,439,2100,700,down,-0.0268244743347167,-0.0074141597747801
440,440,440,440,2100,700,down,-0.0268244743347167,-0.0074141597747801
441,441,441,441,2100,700,down,-0.0268244743347167,-0.0074141597747801
442,442,442,442,2100,700,down,-0.0268244743347167,-0.0074141597747801
443,443,443,443,2100,700,down,-0.0258691310882568,-0.0064588165283203
444,444,444,444,2100,700,down,-0.0258691310882568,-0.0064588165283203
445,445,445,445,2100,700,down,-0.0258691310882568,-0.0064588165283203
446,446,446,446,2100,700,down,-0.0258691310882568,-0.0064588165283203
447,447,447,447,2100,700,down,-0.0258691310882568,-0.0064588165283203
448,448,448,448,2100,700,down,-0.0252881050109863,-0.0058777904510497
449,449,449,449,2100,700,down,-0.0252881050109863,-0.0058777904510497
450,450,450,450,2100,350,up,-0.0161399841308593,0.0037898516654968
451,451,451,451,2100,350,up,-0.0163766145706176,0.0035532212257384
452,452,452,452,2100,350,up,-0.0163766145706176,0.0035532212257384
453,453,453,453,2100,350,up,-0.0163766145706176,0.0035532212257384
454,454,454,454,2100,350,up,-0.0163766145706176,0.0035532212257384
455,455,455,455,2100,350,up,-0.0163766145706176,0.0035532212257384
456,456,456,456,2100,350,up,-0.0161453485488891,0.0037844872474669
457,457,457,457,2100,350,up,-0.0161453485488891,0.0037844872474669
458,458,458,458,2100,350,up,-0.0161453485488891,0.0037844872474669
459,459,459,459,2100,350,up,-0.0161453485488891,0.0037844872474669
460,460,460,460,2100,350,up,-0.0161453485488891,0.0037844872474669
461,461,461,461,2100,350,up,-0.0153349637985229,0.0045948719978331
462,462,462,462,2100,350,up,-0.0153349637985229,0.0045948719978331
463,463,463,463,2100,350,up,-0.0153349637985229,0.0045948719978331
464,464,464,464,2100,350,up,-0.0153349637985229,0.0045948719978331
465,465,465,465,2100,350,up,-0.0153349637985229,0.0045948719978331
466,466,466,466,2100,350,up,-0.0162779092788696,0.0036519265174864
467,467,467,467,2100,350,up,-0.0162779092788696,0.0036519265174864
468,468,468,468,2100,350,up,-0.0162779092788696,0.0036519265174864
469,469,469,469,2100,350,up,-0.0162779092788696,0.0036519265174864
470,470,470,470,2100,350,up,-0.0162779092788696,0.0036519265174864
471,471,471,471,2100,350,up,-0.0150529146194458,0.0048769211769102
472,472,472,472,2100,350,up,-0.0150529146194458,0.0048769211769102
473,473,473,473,2100,350,up,-0.0150529146194458,0.0048769211769102
474,474,474,474,2100,350,up,-0.0150529146194458,0.0048769211769102
475,475,475,475,2100,350,up,-0.0150529146194458,0.0048769211769102
476,476,476,476,2100,350,up,-0.0141634941101074,0.0057663416862487
477,477,477,477,2100,350,up,-0.0141634941101074,0.0057663416862487
478,478,478,478,2100,350,up,-0.0141634941101074,0.0057663416862487
479,479,479,479,2100,350,up,-0.0141634941101074,0.0057663416862487
480,480,480,480,2100,350,up,-0.0141634941101074,0.0057663416862487
481,481,481,481,2100,350,up,-0.0129650831222534,0.0069647526741026
482,482,482,482,2100,350,up,-0.0129650831222534,0.0069647526741026
483,483,483,483,2100,350,up,-0.0129650831222534,0.0069647526741026
484,484,484,484,2100,350,up,-0.0129650831222534,0.0069647526741026
485,485,485,485,2100,350,up,-0.0129650831222534,0.0069647526741026
486,486,486,486,2100,350,up,-0.0110373497009277,0.0088924860954284
487,487,487,487,2100,350,up,-0.0110373497009277,0.0088924860954284
488,488,488,488,2100,350,up,-0.0110373497009277,0.0088924860954284
489,489,489,489,2100,350,up,-0.0110373497009277,0.0088924860954284
490,490,490,490,2100,350,up,-0.0110373497009277,0.0088924860954284
491,491,491,491,2100,350,up,-0.0127167701721191,0.0072130656242369
492,492,492,492,2100,350,up,-0.0127167701721191,0.0072130656242369
493,493,493,493,2100,350,up,-0.0127167701721191,0.0072130656242369
494,494,494,494,2100,350,up,-0.0127167701721191,0.0072130656242369
495,495,495,495,2100,350,up,-0.0127167701721191,0.0072130656242369
496,496,496,496,2100,350,up,-0.0119099617004394,0.0080198740959167
497,497,497,497,2100,350,up,-0.0119099617004394,0.0080198740959167
498,498,498,498,2100,350,up,-0.0119099617004394,0.0080198740959167
499,499,499,499,2100,350,up,-0.0119099617004394,0.0080198740959167
500,500,500,500,2800,350,up,-0.0075911283493041,0.0142040657997131
501,501,501,501,2800,350,up,-0.0075911283493041,0.0142040657997131
502,502,502,502,2800,350,up,-0.0088754892349243,0.0129197049140929
503,503,503,503,2800,350,up,-0.0088754892349243,0.0129197049140929
504,504,504,504,2800,350,up,-0.0088754892349243,0.0129197049140929
505,505,505,505,2800,350,up,-0.0088754892349243,0.0129197049140929
506,506,506,506,2800,350,up,-0.0088754892349243,0.0129197049140929
507,507,507,507,2800,350,up,-0.0100997686386108,0.0116954255104064
508,508,508,508,2800,350,up,-0.0100997686386108,0.0116954255104064
509,509,509,509,2800,350,up,-0.0100997686386108,0.0116954255104064
510,510,510,510,2800,350,up,-0.0100997686386108,0.0116954255104064
511,511,511,511,2800,350,up,-0.0100997686386108,0.0116954255104064
512,512,512,512,2800,350,up,-0.0140817165374755,0.0077134776115418
513,513,513,513,2800,350,up,-0.0140817165374755,0.0077134776115418
514,514,514,514,2800,350,up,-0.0140817165374755,0.0077134776115418
515,515,515,515,2800,350,up,-0.0140817165374755,0.0077134776115418
516,516,516,516,2800,350,up,-0.0140817165374755,0.0077134776115418
517,517,517,517,2800,350,up,-0.0133280754089355,0.0084671187400817
518,518,518,518,2800,350,up,-0.0133280754089355,0.0084671187400817
519,519,519,519,2800,350,up,-0.0133280754089355,0.0084671187400817
520,520,520,520,2800,350,up,-0.0133280754089355,0.0084671187400817
521,521,521,521,2800,350,up,-0.0133280754089355,0.0084671187400817
522,522,522,522,2800,350,up,-0.0136295557022094,0.0081656384468078
523,523,523,523,2800,350,up,-0.0136295557022094,0.0081656384468078
524,524,524,524,2800,350,up,-0.0136295557022094,0.0081656384468078
525,525,525,525,2800,350,up,-0.0136295557022094,0.0081656384468078
526,526,526,526,2800,350,up,-0.0136295557022094,0.0081656384468078
527,527,527,527,2800,350,up,-0.0165269374847412,0.005268256664276
528,528,528,528,2800,350,up,-0.0165269374847412,0.005268256664276
529,529,529,529,2800,350,up,-0.0165269374847412,0.005268256664276
530,530,530,530,2800,350,up,-0.0165269374847412,0.005268256664276
531,531,531,531,2800,350,up,-0.0165269374847412,0.005268256664276
532,532,532,532,2800,350,up,-0.0177423954010009,0.0040527987480163
533,533,533,533,2800,350,up,-0.0177423954010009,0.0040527987480163
534,534,534,534,2800,350,up,-0.0177423954010009,0.0040527987480163
535,535,535,535,2800,350,up,-0.0177423954010009,0.0040527987480163
536,536,536,536,2800,350,up,-0.0177423954010009,0.0040527987480163
537,537,537,537,2800,350,up,-0.0192395448684692,0.002555649280548
538,538,538,538,2800,350,up,-0.0192395448684692,0.002555649280548
539,539,539,539,2800,350,up,-0.0192395448684692,0.002555649280548
540,540,540,540,2800,350,up,-0.0192395448684692,0.002555649280548
541,541,541,541,2800,350,up,-0.0192395448684692,0.002555649280548
542,542,542,542,2800,350,up,-0.0187628269195556,0.0030323672294616
543,543,543,543,2800,350,up,-0.0187628269195556,0.0030323672294616
544,544,544,544,2800,350,up,-0.0187628269195556,0.0030323672294616
545,545,545,545,2800,350,up,-0.0187628269195556,0.0030323672294616
546,546,546,546,2800,350,up,-0.0187628269195556,0.0030323672294616
547,547,547,547,2800,350,up,-0.0226509571075439,-0.0008557629585266
548,548,548,548,2800,350,up,-0.0226509571075439,-0.0008557629585266
549,549,549,549,2800,350,up,-0.0226509571075439,-0.0008557629585266
550,550,550,550,2800,700,down,-0.0259011983871459,-0.0073865342140197
551,551,551,551,2800,700,down,-0.0259011983871459,-0.0073865342140197
552,552,552,552,2800,700,down,-0.0259011983871459,-0.0073865342140197
553,553,553,553,2800,700,down,-0.0259011983871459,-0.0073865342140197
554,554,554,554,2800,700,down,-0.0247454643249511,-0.0062308001518249
555,555,555,555,2800,700,down,-0.0247454643249511,-0.0062308001518249
556,556,556,556,2800,700,down,-0.0247454643249511,-0.0062308001518249
557,557,557,557,2800,700,down,-0.0247454643249511,-0.0062308001518249
558,558,558,558,2800,700,down,-0.0247454643249511,-0.0062308001518249
559,559,559,559,2800,700,down,-0.0231999158859252,-0.004685251712799
560,560,560,560,2800,700,down,-0.0231999158859252,-0.004685251712799
561,561,561,561,2800,700,down,-0.0231999158859252,-0.004685251712799
562,562,562,562,2800,700,down,-0.0231999158859252,-0.004685251712799
563,563,563,563,2800,700,down,-0.0231999158859252,-0.004685251712799
564,564,564,564,2800,700,down,-0.0250043869018554,-0.0064897227287292
565,565,565,565,2800,700,down,-0.0250043869018554,-0.0064897227287292
566,566,566,566,2800,700,down,-0.0250043869018554,-0.0064897227287292
567,567,567,567,2800,700,down,-0.0250043869018554,-0.0064897227287292
568,568,568,568,2800,700,down,-0.0250043869018554,-0.0064897227287292
569,569,569,569,2800,700,down,-0.0231803655624389,-0.0046657013893127
570,570,570,570,2800,700,down,-0.0231803655624389,-0.0046657013893127
571,571,571,571,2800,700,down,-0.0231803655624389,-0.0046657013893127
572,572,572,572,2800,700,down,-0.0231803655624389,-0.0046657013893127
573,573,573,573,2800,700,down,-0.0231803655624389,-0.0046657013893127
574,574,574,574,2800,700,down,-0.0262531042098999,-0.0077384400367737
575,575,575,575,2800,700,down,-0.0262531042098999,-0.0077384400367737
576,576,576,576,2800,700,down,-0.0262531042098999,-0.0077384400367737
577,577,577,577,2800,700,down,-0.0262531042098999,-0.0077384400367737
578,578,578,578,2800,700,down,-0.0262531042098999,-0.0077384400367737
579,579,579,579,2800,700,down,-0.0257242918014526,-0.0072096276283264
580,580,580,580,2800,700,down,-0.0257242918014526,-0.0072096276283264
581,581,581,581,2800,700,down,-0.0257242918014526,-0.0072096276283264
582,582,582,582,2800,700,down,-0.0257242918014526,-0.0072096276283264
583,583,583,583,2800,700,down,-0.0257242918014526,-0.0072096276283264
584,584,584,584,2800,700,down,-0.0250043869018554,-0.0064897227287292
585,585,585,585,2800,700,down,-0.0250043869018554,-0.0064897227287292
586,586,586,586,2800,700,down,-0.0250043869018554,-0.0064897227287292
587,587,587,587,2800,700,down,-0.0250043869018554,-0.0064897227287292
588,588,588,588,2800,700,down,-0.0250043869018554,-0.0064897227287292
589,589,589,589,2800,700,down,-0.0208452939987182,-0.002330629825592
590,590,590,590,2800,700,down,-0.0208452939987182,-0.002330629825592
591,591,591,591,2800,700,down,-0.0208452939987182,-0.002330629825592
592,592,592,592,2800,700,down,-0.0208452939987182,-0.002330629825592
593,593,593,593,2800,700,down,-0.0208452939987182,-0.002330629825592
594,594,594,594,2800,700,down,-0.0222854614257812,-0.0037707972526551
595,595,595,595,2800,700,down,-0.0222854614257812,-0.0037707972526551
596,596,596,596,2800,700,down,-0.0222854614257812,-0.0037707972526551
597,597,597,597,2800,700,down,-0.0222854614257812,-0.0037707972526551
598,598,598,598,2800,700,down,-0.0222854614257812,-0.0037707972526551
599,599,599,599,2800,700,down,-0.0211637020111084,-0.0026490378379822
600,600,600,600,2800,700,up,-0.0177937746047973,0.0048207330703734
601,601,601,601,2800,700,up,-0.0177937746047973,0.0048207330703734
602,602,602,602,2800,700,up,-0.0152490139007568,0.007365493774414
603,603,603,603,2800,700,up,-0.0152490139007568,0.007365493774414
604,604,604,604,2800,700,up,-0.0152490139007568,0.007365493774414
605,605,605,605,2800,700,up,-0.0152490139007568,0.007365493774414
606,606,606,606,2800,700,up,-0.0152490139007568,0.007365493774414
607,607,607,607,2800,700,up,-0.0155818462371826,0.0070326614379882
608,608,608,608,2800,700,up,-0.0155818462371826,0.0070326614379882
609,609,609,609,2800,700,up,-0.0155818462371826,0.0070326614379882
610,610,610,610,2800,700,up,-0.0155818462371826,0.0070326614379882
611,611,611,611,2800,700,up,-0.0155818462371826,0.0070326614379882
612,612,612,612,2800,700,up,-0.0169227123260498,0.0056917953491209
613,613,613,613,2800,700,up,-0.0169227123260498,0.0056917953491209
614,614,614,614,2800,700,up,-0.0169227123260498,0.0056917953491209
615,615,615,615,2800,700,up,-0.0169227123260498,0.0056917953491209
616,616,616,616,2800,700,up,-0.0169227123260498,0.0056917953491209
617,617,617,617,2800,700,up,-0.0172479152679443,0.0053665924072264
618,618,618,618,2800,700,up,-0.0172479152679443,0.0053665924072264
619,619,619,619,2800,700,up,-0.0172479152679443,0.0053665924072264
620,620,620,620,2800,700,up,-0.0172479152679443,0.0053665924072264
621,621,621,621,2800,700,up,-0.0172479152679443,0.0053665924072264
622,622,622,622,2800,700,up,-0.0170390605926513,0.0055754470825194
623,623,623,623,2800,700,up,-0.0170390605926513,0.0055754470825194
624,624,624,624,2800,700,up,-0.0170390605926513,0.0055754470825194
625,625,625,625,2800,700,up,-0.0170390605926513,0.0055754470825194
626,626,626,626,2800,700,up,-0.0170390605926513,0.0055754470825194
627,627,627,627,2800,700,up,-0.0183708667755126,0.0042436408996581
628,628,628,628,2800,700,up,-0.0183708667755126,0.0042436408996581
629,629,629,629,2800,700,up,-0.0183708667755126,0.0042436408996581
630,630,630,630,2800,700,up,-0.0183708667755126,0.0042436408996581
631,631,631,631,2800,700,up,-0.0183708667755126,0.0042436408996581
632,632,632,632,2800,700,up,-0.0182688236236572,0.0043456840515136
633,633,633,633,2800,700,up,-0.0182688236236572,0.0043456840515136
634,634,634,634,2800,700,up,-0.0182688236236572,0.0043456840515136
635,635,635,635,2800,700,up,-0.0182688236236572,0.0043456840515136
636,636,636,636,2800,700,up,-0.0182688236236572,0.0043456840515136
637,637,637,637,2800,700,up,-0.020388126373291,0.0022263813018798
638,638,638,638,2800,700,up,-0.020388126373291,0.0022263813018798
639,639,639,639,2800,700,up,-0.020388126373291,0.0022263813018798
640,640,640,640,2800,700,up,-0.020388126373291,0.0022263813018798
641,641,641,641,2800,700,up,-0.020388126373291,0.0022263813018798
642,642,642,642,2800,700,up,-0.0180696249008178,0.0045448827743529
643,643,643,643,2800,700,up,-0.0180696249008178,0.0045448827743529
644,644,644,644,2800,700,up,-0.0180696249008178,0.0045448827743529
645,645,645,645,2800,700,up,-0.0180696249008178,0.0045448827743529
646,646,646,646,2800,700,up,-0.0180696249008178,0.0045448827743529
647,647,647,647,2800,700,up,-0.0201358795166015,0.0024786281585693
648,648,648,648,2800,700,up,-0.0201358795166015,0.0024786281585693
649,649,649,649,2800,700,up,-0.0201358795166015,0.0024786281585693
650,650,650,650,2800,700,down,-0.0226612091064453,-0.0088679671287536
651,651,651,651,2800,700,down,-0.0226612091064453,-0.0088679671287536
652,652,652,652,2800,700,down,-0.0226612091064453,-0.0088679671287536
653,653,653,653,2800,700,down,-0.0226612091064453,-0.0088679671287536
654,654,654,654,2800,700,down,-0.0226612091064453,-0.0088679671287536
655,655,655,655,2800,700,down,-0.0223696231842041,-0.0085763812065125
656,656,656,656,2800,700,down,-0.0223696231842041,-0.0085763812065125
657,657,657,657,2800,700,down,-0.0223696231842041,-0.0085763812065125
658,658,658,658,2800,700,down,-0.0223696231842041,-0.0085763812065125
659,659,659,659,2800,700,down,-0.0223696231842041,-0.0085763812065125
660,660,660,660,2800,700,down,-0.0196926593780517,-0.00589941740036
661,661,661,661,2800,700,down,-0.0196926593780517,-0.00589941740036
662,662,662,662,2800,700,down,-0.0196926593780517,-0.00589941740036
663,663,663,663,2800,700,down,-0.0196926593780517,-0.00589941740036
664,664,664,664,2800,700,down,-0.0196926593780517,-0.00589941740036
665,665,665,665,2800,700,down,-0.0220829248428344,-0.0082896828651427
666,666,666,666,2800,700,down,-0.0220829248428344,-0.0082896828651427
667,667,667,667,2800,700,down,-0.0220829248428344,-0.0082896828651427
668,668,668,668,2800,700,down,-0.0220829248428344,-0.0082896828651427
669,669,669,669,2800,700,down,-0.0220829248428344,-0.0082896828651427
670,670,670,670,2800,700,down,-0.0212727785110473,-0.0074795365333557
671,671,671,671,2800,700,down,-0.0212727785110473,-0.0074795365333557
672,672,672,672,2800,700,down,-0.0212727785110473,-0.0074795365333557
673,673,673,673,2800,700,down,-0.0212727785110473,-0.0074795365333557
674,674,674,674,2800,700,down,-0.0212727785110473,-0.0074795365333557
675,675,675,675,2800,700,down,-0.0210622549057006,-0.0072690129280089
676,676,676,676,2800,700,down,-0.0210622549057006,-0.0072690129280089
677,677,677,677,2800,700,down,-0.0210622549057006,-0.0072690129280089
678,678,678,678,2800,700,down,-0.0210622549057006,-0.0072690129280089
679,679,679,679,2800,700,down,-0.0210622549057006,-0.0072690129280089
680,680,680,680,2800,700,down,-0.0185829401016235,-0.0047896981239319
681,681,681,681,2800,700,down,-0.0185829401016235,-0.0047896981239319
682,682,682,682,2800,700,down,-0.0185829401016235,-0.0047896981239319
683,683,683,683,2800,700,down,-0.0185829401016235,-0.0047896981239319
684,684,684,684,2800,700,down,-0.0185829401016235,-0.0047896981239319
685,685,685,685,2800,700,down,-0.0191161632537841,-0.0053229212760924
686,686,686,686,2800,700,down,-0.0191161632537841,-0.0053229212760924
687,687,687,687,2800,700,down,-0.0191161632537841,-0.0053229212760924
688,688,688,688,2800,700,down,-0.0191161632537841,-0.0053229212760924
689,689,689,689,2800,700,down,-0.0191161632537841,-0.0053229212760924
690,690,690,690,2800,700,down,-0.0183163881301879,-0.0045231461524963
691,691,691,691,2800,700,down,-0.0183163881301879,-0.0045231461524963
692,692,692,692,2800,700,down,-0.0183163881301879,-0.0045231461524963
693,693,693,693,2800,700,down,-0.0183163881301879,-0.0045231461524963
694,694,694,694,2800,700,down,-0.0183163881301879,-0.0045231461524963
695,695,695,695,2800,700,down,-0.0193573236465454,-0.0055640816688537
696,696,696,696,2800,700,down,-0.0193573236465454,-0.0055640816688537
697,697,697,697,2800,700,down,-0.0193573236465454,-0.0055640816688537
698,698,698,698,2800,700,down,-0.0193573236465454,-0.0055640816688537
699,699,699,699,2800,700,down,-0.0193573236465454,-0.0055640816688537
700,700,700,700,2800,350,up,-0.0088661909103393,0.0052435874938964
701,701,701,701,2800,350,up,-0.0088661909103393,0.0052435874938964
702,702,702,702,2800,350,up,-0.0088661909103393,0.0052435874938964
703,703,703,703,2800,350,up,-0.0116897821426391,0.0024199962615966
704,704,704,704,2800,350,up,-0.0116897821426391,0.0024199962615966
705,705,705,705,2800,350,up,-0.0116897821426391,0.0024199962615966
706,706,706,706,2800,350,up,-0.0116897821426391,0.0024199962615966
707,707,707,707,2800,350,up,-0.0116897821426391,0.0024199962615966
708,708,708,708,2800,350,up,-0.0107524394989013,0.0033573389053344
709,709,709,709,2800,350,up,-0.0107524394989013,0.0033573389053344
710,710,710,710,2800,350,up,-0.0107524394989013,0.0033573389053344
711,711,711,711,2800,350,up,-0.0107524394989013,0.0033573389053344
712,712,712,712,2800,350,up,-0.0107524394989013,0.0033573389053344
713,713,713,713,2800,350,up,-0.0103087425231933,0.0038010358810424
714,714,714,714,2800,350,up,-0.0103087425231933,0.0038010358810424
715,715,715,715,2800,350,up,-0.0103087425231933,0.0038010358810424
716,716,716,716,2800,350,up,-0.0103087425231933,0.0038010358810424
717,717,717,717,2800,350,up,-0.0103087425231933,0.0038010358810424
718,718,718,718,2800,350,up,-0.0079106092453002,0.0061991691589355
719,719,719,719,2800,350,up,-0.0079106092453002,0.0061991691589355
720,720,720,720,2800,350,up,-0.0079106092453002,0.0061991691589355
721,721,721,721,2800,350,up,-0.0079106092453002,0.0061991691589355
722,722,722,722,2800,350,up,-0.0079106092453002,0.0061991691589355
723,723,723,723,2800,350,up,-0.0093839168548583,0.0047258615493774
724,724,724,724,2800,350,up,-0.0093839168548583,0.0047258615493774
725,725,725,725,2800,350,up,-0.0093839168548583,0.0047258615493774
726,726,726,726,2800,350,up,-0.0093839168548583,0.0047258615493774
727,727,727,727,2800,350,up,-0.0093839168548583,0.0047258615493774
728,728,728,728,2800,350,up,-0.0112046003341674,0.0029051780700682
729,729,729,729,2800,350,up,-0.0112046003341674,0.0029051780700682
730,730,730,730,2800,350,up,-0.0112046003341674,0.0029051780700682
731,731,731,731,2800,350,up,-0.0112046003341674,0.0029051780700682
732,732,732,732,2800,350,up,-0.0112046003341674,0.0029051780700682
733,733,733,733,2800,350,up,-0.0093915462493896,0.0047182321548461
734,734,734,734,2800,350,up,-0.0093915462493896,0.0047182321548461
735,735,735,735,2800,350,up,-0.0093915462493896,0.0047182321548461
736,736,736,736,2800,350,up,-0.0093915462493896,0.0047182321548461
737,737,737,737,2800,350,up,-0.0093915462493896,0.0047182321548461
738,738,738,738,2800,350,up,-0.0120151042938232,0.0020946741104125
739,739,739,739,2800,350,up,-0.0120151042938232,0.0020946741104125
740,740,740,740,2800,350,up,-0.0120151042938232,0.0020946741104125
741,741,741,741,2800,350,up,-0.0120151042938232,0.0020946741104125
742,742,742,742,2800,350,up,-0.0120151042938232,0.0020946741104125
743,743,743,743,2800,350,up,-0.0110154151916503,0.0030943632125854
744,744,744,744,2800,350,up,-0.0110154151916503,0.0030943632125854
745,745,745,745,2800,350,up,-0.0110154151916503,0.0030943632125854
746,746,746,746,2800,350,up,-0.0110154151916503,0.0030943632125854
747,747,747,747,2800,350,up,-0.0110154151916503,0.0030943632125854
748,748,748,748,2800,350,up,-0.0076113939285278,0.0064983844757079
749,749,749,749,2800,350,up,-0.0076113939285278,0.0064983844757079
750,750,750,750,3500,350,up,-0.0203046798706054,-0.0030097055435181
751,751,751,751,3500,350,up,-0.0198798179626464,-0.0025848436355591
752,752,752,752,3500,350,up,-0.0198798179626464,-0.0025848436355591
753,753,753,753,3500,350,up,-0.0198798179626464,-0.0025848436355591
754,754,754,754,3500,350,up,-0.0198798179626464,-0.0025848436355591
755,755,755,755,3500,350,up,-0.0198798179626464,-0.0025848436355591
756,756,756,756,3500,350,up,-0.0199236869812011,-0.0026287126541137
757,757,757,757,3500,350,up,-0.0199236869812011,-0.0026287126541137
758,758,758,758,3500,350,up,-0.0199236869812011,-0.0026287126541137
759,759,759,759,3500,350,up,-0.0199236869812011,-0.0026287126541137
760,760,760,760,3500,350,up,-0.0199236869812011,-0.0026287126541137
761,761,761,761,3500,350,up,-0.0218124389648437,-0.0045174646377564
762,762,762,762,3500,350,up,-0.0218124389648437,-0.0045174646377564
763,763,763,763,3500,350,up,-0.0218124389648437,-0.0045174646377564
764,764,764,764,3500,350,up,-0.0218124389648437,-0.0045174646377564
765,765,765,765,3500,350,up,-0.0218124389648437,-0.0045174646377564
766,766,766,766,3500,350,up,-0.0220358371734619,-0.0047408628463746
767,767,767,767,3500,350,up,-0.0220358371734619,-0.0047408628463746
768,768,768,768,3500,350,up,-0.0220358371734619,-0.0047408628463746
769,769,769,769,3500,350,up,-0.0220358371734619,-0.0047408628463746
770,770,770,770,3500,350,up,-0.0220358371734619,-0.0047408628463746
771,771,771,771,3500,350,up,-0.0213105678558349,-0.0040155935287475
772,772,772,772,3500,350,up,-0.0213105678558349,-0.0040155935287475
773,773,773,773,3500,350,up,-0.0213105678558349,-0.0040155935287475
774,774,774,774,3500,350,up,-0.0213105678558349,-0.0040155935287475
775,775,775,775,3500,350,up,-0.0213105678558349,-0.0040155935287475
776,776,776,776,3500,350,up,-0.0228360891342163,-0.005541114807129
777,777,777,777,3500,350,up,-0.0228360891342163,-0.005541114807129
778,778,778,778,3500,350,up,-0.0228360891342163,-0.005541114807129
779,779,779,779,3500,350,up,-0.0228360891342163,-0.005541114807129
780,780,780,780,3500,350,up,-0.0228360891342163,-0.005541114807129
781,781,781,781,3500,350,up,-0.0213528871536254,-0.0040579128265381
782,782,782,782,3500,350,up,-0.0213528871536254,-0.0040579128265381
783,783,783,783,3500,350,up,-0.0213528871536254,-0.0040579128265381
784,784,784,784,3500,350,up,-0.0213528871536254,-0.0040579128265381
785,785,785,785,3500,350,up,-0.0213528871536254,-0.0040579128265381
786,786,786,786,3500,350,up,-0.0239787101745605,-0.0066837358474731
787,787,787,787,3500,350,up,-0.0239787101745605,-0.0066837358474731
788,788,788,788,3500,350,up,-0.0239787101745605,-0.0066837358474731
789,789,789,789,3500,350,up,-0.0239787101745605,-0.0066837358474731
790,790,790,790,3500,350,up,-0.0239787101745605,-0.0066837358474731
791,791,791,791,3500,350,up,-0.023648977279663,-0.0063540029525757
792,792,792,792,3500,350,up,-0.023648977279663,-0.0063540029525757
793,793,793,793,3500,350,up,-0.023648977279663,-0.0063540029525757
794,794,794,794,3500,350,up,-0.023648977279663,-0.0063540029525757
795,795,795,795,3500,350,up,-0.023648977279663,-0.0063540029525757
796,796,796,796,3500,350,up,-0.0246987342834472,-0.0074037599563599
797,797,797,797,3500,350,up,-0.0246987342834472,-0.0074037599563599
798,798,798,798,3500,350,up,-0.0246987342834472,-0.0074037599563599
799,799,799,799,3500,350,up,-0.0246987342834472,-0.0074037599563599
800,800,800,800,3500,700,down,-0.0106648206710815,-0.0092022609710693
801,801,801,801,3500,700,down,-0.0106648206710815,-0.0092022609710693
802,802,802,802,3500,700,down,-0.0106648206710815,-0.0092022609710693
803,803,803,803,3500,700,down,-0.0082077980041503,-0.0067452383041382
804,804,804,804,3500,700,down,-0.0082077980041503,-0.0067452383041382
805,805,805,805,3500,700,down,-0.0082077980041503,-0.0067452383041382
806,806,806,806,3500,700,down,-0.0082077980041503,-0.0067452383041382
807,807,807,807,3500,700,down,-0.0082077980041503,-0.0067452383041382
808,808,808,808,3500,700,down,-0.0071326494216918,-0.0056700897216797
809,809,809,809,3500,700,down,-0.0071326494216918,-0.0056700897216797
810,810,810,810,3500,700,down,-0.0071326494216918,-0.0056700897216797
811,811,811,811,3500,700,down,-0.0071326494216918,-0.0056700897216797
812,812,812,812,3500,700,down,-0.0071326494216918,-0.0056700897216797
813,813,813,813,3500,700,down,-0.0077580213546752,-0.0062954616546631
814,814,814,814,3500,700,down,-0.0077580213546752,-0.0062954616546631
815,815,815,815,3500,700,down,-0.0077580213546752,-0.0062954616546631
816,816,816,816,3500,700,down,-0.0077580213546752,-0.0062954616546631
817,817,817,817,3500,700,down,-0.0077580213546752,-0.0062954616546631
818,818,818,818,3500,700,down,-0.0050746202468872,-0.0036120605468751
819,819,819,819,3500,700,down,-0.0050746202468872,-0.0036120605468751
820,820,820,820,3500,700,down,-0.0050746202468872,-0.0036120605468751
821,821,821,821,3500,700,down,-0.0050746202468872,-0.0036120605468751
822,822,822,822,3500,700,down,-0.0050746202468872,-0.0036120605468751
823,823,823,823,3500,700,down,-0.0072628259658813,-0.0058002662658692
824,824,824,824,3500,700,down,-0.0072628259658813,-0.0058002662658692
825,825,825,825,3500,700,down,-0.0072628259658813,-0.0058002662658692
826,826,826,826,3500,700,down,-0.0072628259658813,-0.0058002662658692
827,827,827,827,3500,700,down,-0.0072628259658813,-0.0058002662658692
828,828,828,828,3500,700,down,-0.0077708959579467,-0.0063083362579346
829,829,829,829,3500,700,down,-0.0077708959579467,-0.0063083362579346
830,830,830,830,3500,700,down,-0.0077708959579467,-0.0063083362579346
831,831,831,831,3500,700,down,-0.0077708959579467,-0.0063083362579346
832,832,832,832,3500,700,down,-0.0077708959579467,-0.0063083362579346
833,833,833,833,3500,700,down,-0.0058975219726562,-0.0044349622726441
834,834,834,834,3500,700,down,-0.0058975219726562,-0.0044349622726441
835,835,835,835,3500,700,down,-0.0058975219726562,-0.0044349622726441
836,836,836,836,3500,700,down,-0.0058975219726562,-0.0044349622726441
837,837,837,837,3500,700,down,-0.0058975219726562,-0.0044349622726441
838,838,838,838,3500,700,down,-0.0077524185180664,-0.0062898588180543
839,839,839,839,3500,700,down,-0.0077524185180664,-0.0062898588180543
840,840,840,840,3500,700,down,-0.0077524185180664,-0.0062898588180543
841,841,841,841,3500,700,down,-0.0077524185180664,-0.0062898588180543
842,842,842,842,3500,700,down,-0.0077524185180664,-0.0062898588180543
843,843,843,843,3500,700,down,-0.0052480697631835,-0.0037855100631714
844,844,844,844,3500,700,down,-0.0052480697631835,-0.0037855100631714
845,845,845,845,3500,700,down,-0.0052480697631835,-0.0037855100631714
846,846,846,846,3500,700,down,-0.0052480697631835,-0.0037855100631714
847,847,847,847,3500,700,down,-0.0052480697631835,-0.0037855100631714
848,848,848,848,3500,700,down,-0.0066882371902465,-0.0052256774902344
849,849,849,849,3500,700,down,-0.0066882371902465,-0.0052256774902344
850,850,850,850,3500,700,up,-0.0044517517089843,-0.0050391840934752
851,851,851,851,3500,700,up,-0.0044517517089843,-0.0050391840934752
852,852,852,852,3500,700,up,-0.0044517517089843,-0.0050391840934752
853,853,853,853,3500,700,up,-0.0044517517089843,-0.0050391840934752
854,854,854,854,3500,700,up,-0.0044517517089843,-0.0050391840934752
855,855,855,855,3500,700,up,-0.000516653060913,-0.0011040854454038
856,856,856,856,3500,700,up,-0.000516653060913,-0.0011040854454038
857,857,857,857,3500,700,up,-0.000516653060913,-0.0011040854454038
858,858,858,858,3500,700,up,-0.000516653060913,-0.0011040854454038
859,859,859,859,3500,700,up,-0.000516653060913,-0.0011040854454038
860,860,860,860,3500,700,up,-0.0009105205535888,-0.0014979529380797
861,861,861,861,3500,700,up,-0.0009105205535888,-0.0014979529380797
862,862,862,862,3500,700,up,-0.0009105205535888,-0.0014979529380797
863,863,863,863,3500,700,up,-0.0009105205535888,-0.0014979529380797
864,864,864,864,3500,700,up,-0.0009105205535888,-0.0014979529380797
865,865,865,865,3500,700,up,-0.0013250112533569,-0.0019124436378478
866,866,866,866,3500,700,up,-0.0013250112533569,-0.0019124436378478
867,867,867,867,3500,700,up,-0.0013250112533569,-0.0019124436378478
868,868,868,868,3500,700,up,-0.0013250112533569,-0.0019124436378478
869,869,869,869,3500,700,up,-0.0013250112533569,-0.0019124436378478
870,870,870,870,3500,700,up,-0.000319480895996,-0.0009069132804869
871,871,871,871,3500,700,up,-0.000319480895996,-0.0009069132804869
872,872,872,872,3500,700,up,-0.000319480895996,-0.0009069132804869
873,873,873,873,3500,700,up,-0.000319480895996,-0.0009069132804869
874,874,874,874,3500,700,up,-0.000319480895996,-0.0009069132804869
875,875,875,875,3500,700,up,-0.0012623071670532,-0.0018497395515441
876,876,876,876,3500,700,up,-0.0012623071670532,-0.0018497395515441
877,877,877,877,3500,700,up,-0.0012623071670532,-0.0018497395515441
878,878,878,878,3500,700,up,-0.0012623071670532,-0.0018497395515441
879,879,879,879,3500,700,up,-0.0012623071670532,-0.0018497395515441
880,880,880,880,3500,700,up,-0.0029966831207275,-0.0035841155052184
881,881,881,881,3500,700,up,-0.0029966831207275,-0.0035841155052184
882,882,882,882,3500,700,up,-0.0029966831207275,-0.0035841155052184
883,883,883,883,3500,700,up,-0.0029966831207275,-0.0035841155052184
884,884,884,884,3500,700,up,-0.0029966831207275,-0.0035841155052184
885,885,885,885,3500,700,up,-0.0042675733566284,-0.0048550057411192
886,886,886,886,3500,700,up,-0.0042675733566284,-0.0048550057411192
887,887,887,887,3500,700,up,-0.0042675733566284,-0.0048550057411192
888,888,888,888,3500,700,up,-0.0042675733566284,-0.0048550057411192
889,889,889,889,3500,700,up,-0.0042675733566284,-0.0048550057411192
890,890,890,890,3500,700,up,-0.0004394054412841,-0.001026837825775
891,891,891,891,3500,700,up,-0.0004394054412841,-0.001026837825775
892,892,892,892,3500,700,up,-0.0004394054412841,-0.001026837825775
893,893,893,893,3500,700,up,-0.0004394054412841,-0.001026837825775
894,894,894,894,3500,700,up,-0.0004394054412841,-0.001026837825775
895,895,895,895,3500,700,up,0.0024361610412597,0.0018487286567688
896,896,896,896,3500,700,up,0.0024361610412597,0.0018487286567688
897,897,897,897,3500,700,up,0.0024361610412597,0.0018487286567688
898,898,898,898,3500,700,up,0.0024361610412597,0.0018487286567688
899,899,899,899,3500,700,up,0.0024361610412597,0.0018487286567688
900,900,900,900,3500,700,down,-0.0034476518630981,-0.0067668533325194
901,901,901,901,3500,700,down,-0.0034476518630981,-0.0067668533325194
902,902,902,902,3500,700,down,-0.0034476518630981,-0.0067668533325194
903,903,903,903,3500,700,down,-0.0045126676559448,-0.0078318691253661
904,904,904,904,3500,700,down,-0.0045126676559448,-0.0078318691253661
905,905,905,905,3500,700,down,-0.0045126676559448,-0.0078318691253661
906,906,906,906,3500,700,down,-0.0045126676559448,-0.0078318691253661
907,907,907,907,3500,700,down,-0.0045126676559448,-0.0078318691253661
908,908,908,908,3500,700,down,-0.0037673711776733,-0.0070865726470945
909,909,909,909,3500,700,down,-0.0037673711776733,-0.0070865726470945
910,910,910,910,3500,700,down,-0.0037673711776733,-0.0070865726470945
911,911,911,911,3500,700,down,-0.0037673711776733,-0.0070865726470945
912,912,912,912,3500,700,down,-0.0037673711776733,-0.0070865726470945
913,913,913,913,3500,700,down,-0.0027637481689453,-0.0060829496383666
914,914,914,914,3500,700,down,-0.0027637481689453,-0.0060829496383666
915,915,915,915,3500,700,down,-0.0027637481689453,-0.0060829496383666
916,916,916,916,3500,700,down,-0.0027637481689453,-0.0060829496383666
917,917,917,917,3500,700,down,-0.0027637481689453,-0.0060829496383666
918,918,918,918,3500,700,down,-0.0036215782165527,-0.006940779685974
919,919,919,919,3500,700,down,-0.0036215782165527,-0.006940779685974
920,920,920,920,3500,700,down,-0.0036215782165527,-0.006940779685974
921,921,921,921,3500,700,down,-0.0036215782165527,-0.006940779685974
922,922,922,922,3500,700,down,-0.0036215782165527,-0.006940779685974
923,923,923,923,3500,700,down,-0.0002839565277099,-0.0036031579971311
924,924,924,924,3500,700,down,-0.0002839565277099,-0.0036031579971311
925,925,925,925,3500,700,down,-0.0002839565277099,-0.0036031579971311
926,926,926,926,3500,700,down,-0.0002839565277099,-0.0036031579971311
927,927,927,927,3500,700,down,-0.0002839565277099,-0.0036031579971311
928,928,928,928,3500,700,down,-0.0008642673492431,-0.0041834688186644
929,929,929,929,3500,700,down,-0.0008642673492431,-0.0041834688186644
930,930,930,930,3500,700,down,-0.0008642673492431,-0.0041834688186644
931,931,931,931,3500,700,down,-0.0008642673492431,-0.0041834688186644
932,932,932,932,3500,700,down,-0.0008642673492431,-0.0041834688186644
933,933,933,933,3500,700,down,-0.0017369985580444,-0.0050562000274657
934,934,934,934,3500,700,down,-0.0017369985580444,-0.0050562000274657
935,935,935,935,3500,700,down,-0.0017369985580444,-0.0050562000274657
936,936,936,936,3500,700,down,-0.0017369985580444,-0.0050562000274657
937,937,937,937,3500,700,down,-0.0017369985580444,-0.0050562000274657
938,938,938,938,3500,700,down,-0.0025066137313842,-0.0058258152008055
939,939,939,939,3500,700,down,-0.0025066137313842,-0.0058258152008055
940,940,940,940,3500,700,down,-0.0025066137313842,-0.0058258152008055
941,941,941,941,3500,700,down,-0.0025066137313842,-0.0058258152008055
942,942,942,942,3500,700,down,-0.0025066137313842,-0.0058258152008055
943,943,943,943,3500,700,down,-0.0013344287872314,-0.0046536302566527
944,944,944,944,3500,700,down,-0.0013344287872314,-0.0046536302566527
945,945,945,945,3500,700,down,-0.0013344287872314,-0.0046536302566527
946,946,946,946,3500,700,down,-0.0013344287872314,-0.0046536302566527
947,947,947,947,3500,700,down,-0.0013344287872314,-0.0046536302566527
948,948,948,948,3500,700,down,-0.0007290840148925,-0.0040482854843137
949,949,949,949,3500,700,down,-0.0007290840148925,-0.0040482854843137
950,950,950,950,3500,350,up,0.0087752342224121,0.0141501188278197
951,951,951,951,3500,350,up,0.0087059736251831,0.0140808582305907
952,952,952,952,3500,350,up,0.0087059736251831,0.0140808582305907
953,953,953,953,3500,350,up,0.0087059736251831,0.0140808582305907
954,954,954,954,3500,350,up,0.0087059736251831,0.0140808582305907
955,955,955,955,3500,350,up,0.0087059736251831,0.0140808582305907
956,956,956,956,3500,350,up,0.0087435245513916,0.0141184091567992
957,957,957,957,3500,350,up,0.0087435245513916,0.0141184091567992
958,958,958,958,3500,350,up,0.0087435245513916,0.0141184091567992
959,959,959,959,3500,350,up,0.0087435245513916,0.0141184091567992
960,960,960,960,3500,350,up,0.0087435245513916,0.0141184091567992
961,961,961,961,3500,350,up,0.0090745687484741,0.0144494533538817
962,962,962,962,3500,350,up,0.0090745687484741,0.0144494533538817
963,963,963,963,3500,350,up,0.0090745687484741,0.0144494533538817
964,964,964,964,3500,350,up,0.0090745687484741,0.0144494533538817
965,965,965,965,3500,350,up,0.0090745687484741,0.0144494533538817
966,966,966,966,3500,350,up,0.0087394714355468,0.0141143560409544
967,967,967,967,3500,350,up,0.0087394714355468,0.0141143560409544
968,968,968,968,3500,350,up,0.0087394714355468,0.0141143560409544
969,969,969,969,3500,350,up,0.0087394714355468,0.0141143560409544
970,970,970,970,3500,350,up,0.0087394714355468,0.0141143560409544
971,971,971,971,3500,350,up,0.0064705610275268,0.0118454456329343
972,972,972,972,3500,350,up,0.0064705610275268,0.0118454456329343
973,973,973,973,3500,350,up,0.0064705610275268,0.0118454456329343
974,974,974,974,3500,350,up,0.0064705610275268,0.0118454456329343
975,975,975,975,3500,350,up,0.0064705610275268,0.0118454456329343
976,976,976,976,3500,350,up,0.0083545446395874,0.013729429244995
977,977,977,977,3500,350,up,0.0083545446395874,0.013729429244995
978,978,978,978,3500,350,up,0.0083545446395874,0.013729429244995
979,979,979,979,3500,350,up,0.0083545446395874,0.013729429244995
980,980,980,980,3500,350,up,0.0083545446395874,0.013729429244995
981,981,981,981,3500,350,up,0.0071581602096557,0.0125330448150633
982,982,982,982,3500,350,up,0.0071581602096557,0.0125330448150633
983,983,983,983,3500,350,up,0.0071581602096557,0.0125330448150633
984,984,984,984,3500,350,up,0.0071581602096557,0.0125330448150633
985,985,985,985,3500,350,up,0.0071581602096557,0.0125330448150633
986,986,986,986,3500,350,up,0.0061393976211547,0.0115142822265623
987,987,987,987,3500,350,up,0.0061393976211547,0.0115142822265623
988,988,988,988,3500,350,up,0.0061393976211547,0.0115142822265623
989,989,989,989,3500,350,up,0.0061393976211547,0.0115142822265623
990,990,990,990,3500,350,up,0.0061393976211547,0.0115142822265623
991,991,991,991,3500,350,up,0.0068126916885375,0.0121875762939451
992,992,992,992,3500,350,up,0.0068126916885375,0.0121875762939451
993,993,993,993,3500,350,up,0.0068126916885375,0.0121875762939451
994,994,994,994,3500,350,up,0.0068126916885375,0.0121875762939451
995,995,995,995,3500,350,up,0.0068126916885375,0.0121875762939451
996,996,996,996,3500,350,up,0.00478196144104,0.0101568460464476
997,997,997,997,3500,350,up,0.00478196144104,0.0101568460464476
998,998,998,998,3500,350,up,0.00478196144104,0.0101568460464476
999,999,999,999,3500,350,up,0.00478196144104,0.0101568460464476
