,Unnamed: 0,CurrentDensity,Step,StepDirection,error,BiasRectified
0,0,1400,350,up,-0.0091640949249267,-0.007625854015350263
1,1,1400,350,up,-0.0093638896942138,-0.007625854015350263
2,2,1400,350,up,-0.0093638896942138,-0.007625854015350263
3,3,1400,350,up,-0.0093638896942138,-0.007625854015350263
4,4,1400,350,up,-0.0093638896942138,-0.007625854015350263
5,5,1400,350,up,-0.0093638896942138,-0.007625854015350263
6,6,1400,350,up,-0.010460615158081,-0.007625854015350263
7,7,1400,350,up,-0.010460615158081,-0.007625854015350263
8,8,1400,350,up,-0.010460615158081,-0.007625854015350263
9,9,1400,350,up,-0.010460615158081,-0.007625854015350263
10,10,1400,350,up,-0.010460615158081,-0.007625854015350263
11,11,1400,350,up,-0.0067483186721801,-0.007625854015350263
12,12,1400,350,up,-0.0067483186721801,-0.007625854015350263
13,13,1400,350,up,-0.0067483186721801,-0.007625854015350263
14,14,1400,350,up,-0.0067483186721801,-0.007625854015350263
15,15,1400,350,up,-0.0067483186721801,-0.007625854015350263
16,16,1400,350,up,-0.0068610906600952,-0.007625854015350263
17,17,1400,350,up,-0.0068610906600952,-0.007625854015350263
18,18,1400,350,up,-0.0068610906600952,-0.007625854015350263
19,19,1400,350,up,-0.0068610906600952,-0.007625854015350263
20,20,1400,350,up,-0.0068610906600952,-0.007625854015350263
21,21,1400,350,up,-0.0063471794128417,-0.007625854015350263
22,22,1400,350,up,-0.0063471794128417,-0.007625854015350263
23,23,1400,350,up,-0.0063471794128417,-0.007625854015350263
24,24,1400,350,up,-0.0063471794128417,-0.007625854015350263
25,25,1400,350,up,-0.0063471794128417,-0.007625854015350263
26,26,1400,350,up,-0.0078624486923217,-0.007625854015350263
27,27,1400,350,up,-0.0078624486923217,-0.007625854015350263
28,28,1400,350,up,-0.0078624486923217,-0.007625854015350263
29,29,1400,350,up,-0.0078624486923217,-0.007625854015350263
30,30,1400,350,up,-0.0078624486923217,-0.007625854015350263
31,31,1400,350,up,-0.0065828561782836,-0.007625854015350263
32,32,1400,350,up,-0.0065828561782836,-0.007625854015350263
33,33,1400,350,up,-0.0065828561782836,-0.007625854015350263
34,34,1400,350,up,-0.0065828561782836,-0.007625854015350263
35,35,1400,350,up,-0.0065828561782836,-0.007625854015350263
36,36,1400,350,up,-0.0070396661758422,-0.007625854015350263
37,37,1400,350,up,-0.0070396661758422,-0.007625854015350263
38,38,1400,350,up,-0.0070396661758422,-0.007625854015350263
39,39,1400,350,up,-0.0070396661758422,-0.007625854015350263
40,40,1400,350,up,-0.0070396661758422,-0.007625854015350263
41,41,1400,350,up,-0.0076370239257812,-0.007625854015350263
42,42,1400,350,up,-0.0076370239257812,-0.007625854015350263
43,43,1400,350,up,-0.0076370239257812,-0.007625854015350263
44,44,1400,350,up,-0.0076370239257812,-0.007625854015350263
45,45,1400,350,up,-0.0076370239257812,-0.007625854015350263
46,46,1400,350,up,-0.0069032907485961,-0.007625854015350263
47,47,1400,350,up,-0.0069032907485961,-0.007625854015350263
48,48,1400,350,up,-0.0069032907485961,-0.007625854015350263
49,49,1400,350,up,-0.0069032907485961,-0.007625854015350263
50,50,1400,700,down,-0.0096874237060546,-0.00841453075408932
51,51,1400,700,down,-0.0096874237060546,-0.00841453075408932
52,52,1400,700,down,-0.0096874237060546,-0.00841453075408932
53,53,1400,700,down,-0.0097781419754028,-0.00841453075408932
54,54,1400,700,down,-0.0097781419754028,-0.00841453075408932
55,55,1400,700,down,-0.0097781419754028,-0.00841453075408932
56,56,1400,700,down,-0.0097781419754028,-0.00841453075408932
57,57,1400,700,down,-0.0097781419754028,-0.00841453075408932
58,58,1400,700,down,-0.009631872177124,-0.00841453075408932
59,59,1400,700,down,-0.009631872177124,-0.00841453075408932
60,60,1400,700,down,-0.009631872177124,-0.00841453075408932
61,61,1400,700,down,-0.009631872177124,-0.00841453075408932
62,62,1400,700,down,-0.009631872177124,-0.00841453075408932
63,63,1400,700,down,-0.0086297988891601,-0.00841453075408932
64,64,1400,700,down,-0.0086297988891601,-0.00841453075408932
65,65,1400,700,down,-0.0086297988891601,-0.00841453075408932
66,66,1400,700,down,-0.0086297988891601,-0.00841453075408932
67,67,1400,700,down,-0.0086297988891601,-0.00841453075408932
68,68,1400,700,down,-0.006338357925415,-0.00841453075408932
69,69,1400,700,down,-0.006338357925415,-0.00841453075408932
70,70,1400,700,down,-0.006338357925415,-0.00841453075408932
71,71,1400,700,down,-0.006338357925415,-0.00841453075408932
72,72,1400,700,down,-0.006338357925415,-0.00841453075408932
73,73,1400,700,down,-0.0079133510589599,-0.00841453075408932
74,74,1400,700,down,-0.0079133510589599,-0.00841453075408932
75,75,1400,700,down,-0.0079133510589599,-0.00841453075408932
76,76,1400,700,down,-0.0079133510589599,-0.00841453075408932
77,77,1400,700,down,-0.0079133510589599,-0.00841453075408932
78,78,1400,700,down,-0.0102899074554443,-0.00841453075408932
79,79,1400,700,down,-0.0102899074554443,-0.00841453075408932
80,80,1400,700,down,-0.0102899074554443,-0.00841453075408932
81,81,1400,700,down,-0.0102899074554443,-0.00841453075408932
82,82,1400,700,down,-0.0102899074554443,-0.00841453075408932
83,83,1400,700,down,-0.0087217092514038,-0.00841453075408932
84,84,1400,700,down,-0.0087217092514038,-0.00841453075408932
85,85,1400,700,down,-0.0087217092514038,-0.00841453075408932
86,86,1400,700,down,-0.0087217092514038,-0.00841453075408932
87,87,1400,700,down,-0.0087217092514038,-0.00841453075408932
88,88,1400,700,down,-0.0063529014587402,-0.00841453075408932
89,89,1400,700,down,-0.0063529014587402,-0.00841453075408932
90,90,1400,700,down,-0.0063529014587402,-0.00841453075408932
91,91,1400,700,down,-0.0063529014587402,-0.00841453075408932
92,92,1400,700,down,-0.0063529014587402,-0.00841453075408932
93,93,1400,700,down,-0.0075850486755371,-0.00841453075408932
94,94,1400,700,down,-0.0075850486755371,-0.00841453075408932
95,95,1400,700,down,-0.0075850486755371,-0.00841453075408932
96,96,1400,700,down,-0.0075850486755371,-0.00841453075408932
97,97,1400,700,down,-0.0075850486755371,-0.00841453075408932
98,98,1400,700,down,-0.0077294111251831,-0.00841453075408932
99,99,1400,700,down,-0.0077294111251831,-0.00841453075408932
100,100,1400,700,up,-0.0079060792922973,-0.006157999038696243
101,101,1400,700,up,-0.0079060792922973,-0.006157999038696243
102,102,1400,700,up,-0.0079060792922973,-0.006157999038696243
103,103,1400,700,up,-0.007217526435852,-0.006157999038696243
104,104,1400,700,up,-0.007217526435852,-0.006157999038696243
105,105,1400,700,up,-0.007217526435852,-0.006157999038696243
106,106,1400,700,up,-0.007217526435852,-0.006157999038696243
107,107,1400,700,up,-0.007217526435852,-0.006157999038696243
108,108,1400,700,up,-0.0071796178817749,-0.006157999038696243
109,109,1400,700,up,-0.0071796178817749,-0.006157999038696243
110,110,1400,700,up,-0.0071796178817749,-0.006157999038696243
111,111,1400,700,up,-0.0071796178817749,-0.006157999038696243
112,112,1400,700,up,-0.0071796178817749,-0.006157999038696243
113,113,1400,700,up,-0.0055028200149536,-0.006157999038696243
114,114,1400,700,up,-0.0055028200149536,-0.006157999038696243
115,115,1400,700,up,-0.0055028200149536,-0.006157999038696243
116,116,1400,700,up,-0.0055028200149536,-0.006157999038696243
117,117,1400,700,up,-0.0055028200149536,-0.006157999038696243
118,118,1400,700,up,-0.0077624320983886,-0.006157999038696243
119,119,1400,700,up,-0.0077624320983886,-0.006157999038696243
120,120,1400,700,up,-0.0077624320983886,-0.006157999038696243
121,121,1400,700,up,-0.0077624320983886,-0.006157999038696243
122,122,1400,700,up,-0.0077624320983886,-0.006157999038696243
123,123,1400,700,up,-0.0066103935241699,-0.006157999038696243
124,124,1400,700,up,-0.0066103935241699,-0.006157999038696243
125,125,1400,700,up,-0.0066103935241699,-0.006157999038696243
126,126,1400,700,up,-0.0066103935241699,-0.006157999038696243
127,127,1400,700,up,-0.0066103935241699,-0.006157999038696243
128,128,1400,700,up,-0.004044771194458,-0.006157999038696243
129,129,1400,700,up,-0.004044771194458,-0.006157999038696243
130,130,1400,700,up,-0.004044771194458,-0.006157999038696243
131,131,1400,700,up,-0.004044771194458,-0.006157999038696243
132,132,1400,700,up,-0.004044771194458,-0.006157999038696243
133,133,1400,700,up,-0.0043390989303588,-0.006157999038696243
134,134,1400,700,up,-0.0043390989303588,-0.006157999038696243
135,135,1400,700,up,-0.0043390989303588,-0.006157999038696243
136,136,1400,700,up,-0.0043390989303588,-0.006157999038696243
137,137,1400,700,up,-0.0043390989303588,-0.006157999038696243
138,138,1400,700,up,-0.0056937932968139,-0.006157999038696243
139,139,1400,700,up,-0.0056937932968139,-0.006157999038696243
140,140,1400,700,up,-0.0056937932968139,-0.006157999038696243
141,141,1400,700,up,-0.0056937932968139,-0.006157999038696243
142,142,1400,700,up,-0.0056937932968139,-0.006157999038696243
143,143,1400,700,up,-0.0053827762603759,-0.006157999038696243
144,144,1400,700,up,-0.0053827762603759,-0.006157999038696243
145,145,1400,700,up,-0.0053827762603759,-0.006157999038696243
146,146,1400,700,up,-0.0053827762603759,-0.006157999038696243
147,147,1400,700,up,-0.0053827762603759,-0.006157999038696243
148,148,1400,700,up,-0.0077577829360961,-0.006157999038696243
149,149,1400,700,up,-0.0077577829360961,-0.006157999038696243
150,150,1400,700,down,-0.0140340328216552,-0.011118805408477726
151,151,1400,700,down,-0.0140340328216552,-0.011118805408477726
152,152,1400,700,down,-0.0128251314163208,-0.011118805408477726
153,153,1400,700,down,-0.0128251314163208,-0.011118805408477726
154,154,1400,700,down,-0.0128251314163208,-0.011118805408477726
155,155,1400,700,down,-0.0128251314163208,-0.011118805408477726
156,156,1400,700,down,-0.0128251314163208,-0.011118805408477726
157,157,1400,700,down,-0.0134426355361938,-0.011118805408477726
158,158,1400,700,down,-0.0134426355361938,-0.011118805408477726
159,159,1400,700,down,-0.0134426355361938,-0.011118805408477726
160,160,1400,700,down,-0.0134426355361938,-0.011118805408477726
161,161,1400,700,down,-0.0134426355361938,-0.011118805408477726
162,162,1400,700,down,-0.0111078023910522,-0.011118805408477726
163,163,1400,700,down,-0.0111078023910522,-0.011118805408477726
164,164,1400,700,down,-0.0111078023910522,-0.011118805408477726
165,165,1400,700,down,-0.0111078023910522,-0.011118805408477726
166,166,1400,700,down,-0.0111078023910522,-0.011118805408477726
167,167,1400,700,down,-0.0107192993164062,-0.011118805408477726
168,168,1400,700,down,-0.0107192993164062,-0.011118805408477726
169,169,1400,700,down,-0.0107192993164062,-0.011118805408477726
170,170,1400,700,down,-0.0107192993164062,-0.011118805408477726
171,171,1400,700,down,-0.0107192993164062,-0.011118805408477726
172,172,1400,700,down,-0.010394811630249,-0.011118805408477726
173,173,1400,700,down,-0.010394811630249,-0.011118805408477726
174,174,1400,700,down,-0.010394811630249,-0.011118805408477726
175,175,1400,700,down,-0.010394811630249,-0.011118805408477726
176,176,1400,700,down,-0.010394811630249,-0.011118805408477726
177,177,1400,700,down,-0.0098943710327148,-0.011118805408477726
178,178,1400,700,down,-0.0098943710327148,-0.011118805408477726
179,179,1400,700,down,-0.0098943710327148,-0.011118805408477726
180,180,1400,700,down,-0.0098943710327148,-0.011118805408477726
181,181,1400,700,down,-0.0098943710327148,-0.011118805408477726
182,182,1400,700,down,-0.0131044387817382,-0.011118805408477726
183,183,1400,700,down,-0.0131044387817382,-0.011118805408477726
184,184,1400,700,down,-0.0131044387817382,-0.011118805408477726
185,185,1400,700,down,-0.0131044387817382,-0.011118805408477726
186,186,1400,700,down,-0.0131044387817382,-0.011118805408477726
187,187,1400,700,down,-0.010068655014038,-0.011118805408477726
188,188,1400,700,down,-0.010068655014038,-0.011118805408477726
189,189,1400,700,down,-0.010068655014038,-0.011118805408477726
190,190,1400,700,down,-0.010068655014038,-0.011118805408477726
191,191,1400,700,down,-0.010068655014038,-0.011118805408477726
192,192,1400,700,down,-0.0087608098983764,-0.011118805408477726
193,193,1400,700,down,-0.0087608098983764,-0.011118805408477726
194,194,1400,700,down,-0.0087608098983764,-0.011118805408477726
195,195,1400,700,down,-0.0087608098983764,-0.011118805408477726
196,196,1400,700,down,-0.0087608098983764,-0.011118805408477726
197,197,1400,700,down,-0.0087608098983764,-0.011118805408477726
198,198,1400,700,down,-0.0087608098983764,-0.011118805408477726
199,199,1400,700,down,-0.0087608098983764,-0.011118805408477726
200,200,1400,350,up,-0.0120080709457397,-0.010467991828918412
201,201,1400,350,up,-0.0120080709457397,-0.010467991828918412
202,202,1400,350,up,-0.0120080709457397,-0.010467991828918412
203,203,1400,350,up,-0.011554479598999,-0.010467991828918412
204,204,1400,350,up,-0.011554479598999,-0.010467991828918412
205,205,1400,350,up,-0.011554479598999,-0.010467991828918412
206,206,1400,350,up,-0.011554479598999,-0.010467991828918412
207,207,1400,350,up,-0.011554479598999,-0.010467991828918412
208,208,1400,350,up,-0.011314034461975,-0.010467991828918412
209,209,1400,350,up,-0.011314034461975,-0.010467991828918412
210,210,1400,350,up,-0.011314034461975,-0.010467991828918412
211,211,1400,350,up,-0.011314034461975,-0.010467991828918412
212,212,1400,350,up,-0.011314034461975,-0.010467991828918412
213,213,1400,350,up,-0.0123817920684814,-0.010467991828918412
214,214,1400,350,up,-0.0123817920684814,-0.010467991828918412
215,215,1400,350,up,-0.0123817920684814,-0.010467991828918412
216,216,1400,350,up,-0.0123817920684814,-0.010467991828918412
217,217,1400,350,up,-0.0123817920684814,-0.010467991828918412
218,218,1400,350,up,-0.0124208927154541,-0.010467991828918412
219,219,1400,350,up,-0.0124208927154541,-0.010467991828918412
220,220,1400,350,up,-0.0124208927154541,-0.010467991828918412
221,221,1400,350,up,-0.0124208927154541,-0.010467991828918412
222,222,1400,350,up,-0.0124208927154541,-0.010467991828918412
223,223,1400,350,up,-0.0085420608520507,-0.010467991828918412
224,224,1400,350,up,-0.0085420608520507,-0.010467991828918412
225,225,1400,350,up,-0.0085420608520507,-0.010467991828918412
226,226,1400,350,up,-0.0085420608520507,-0.010467991828918412
227,227,1400,350,up,-0.0085420608520507,-0.010467991828918412
228,228,1400,350,up,-0.0086911916732788,-0.010467991828918412
229,229,1400,350,up,-0.0086911916732788,-0.010467991828918412
230,230,1400,350,up,-0.0086911916732788,-0.010467991828918412
231,231,1400,350,up,-0.0086911916732788,-0.010467991828918412
232,232,1400,350,up,-0.0086911916732788,-0.010467991828918412
233,233,1400,350,up,-0.0098860263824462,-0.010467991828918412
234,234,1400,350,up,-0.0098860263824462,-0.010467991828918412
235,235,1400,350,up,-0.0098860263824462,-0.010467991828918412
236,236,1400,350,up,-0.0098860263824462,-0.010467991828918412
237,237,1400,350,up,-0.0098860263824462,-0.010467991828918412
238,238,1400,350,up,-0.0095006227493286,-0.010467991828918412
239,239,1400,350,up,-0.0095006227493286,-0.010467991828918412
240,240,1400,350,up,-0.0095006227493286,-0.010467991828918412
241,241,1400,350,up,-0.0095006227493286,-0.010467991828918412
242,242,1400,350,up,-0.0095006227493286,-0.010467991828918412
243,243,1400,350,up,-0.0102322101593017,-0.010467991828918412
244,244,1400,350,up,-0.0102322101593017,-0.010467991828918412
245,245,1400,350,up,-0.0102322101593017,-0.010467991828918412
246,246,1400,350,up,-0.0102322101593017,-0.010467991828918412
247,247,1400,350,up,-0.0102322101593017,-0.010467991828918412
248,248,1400,350,up,-0.007379412651062,-0.010467991828918412
249,249,1400,350,up,-0.007379412651062,-0.010467991828918412
250,250,2100,350,up,-0.0300890207290649,-0.026420207023620565
251,251,2100,350,up,-0.0277268886566162,-0.026420207023620565
252,252,2100,350,up,-0.0277268886566162,-0.026420207023620565
253,253,2100,350,up,-0.0277268886566162,-0.026420207023620565
254,254,2100,350,up,-0.0277268886566162,-0.026420207023620565
255,255,2100,350,up,-0.0277268886566162,-0.026420207023620565
256,256,2100,350,up,-0.0280895233154296,-0.026420207023620565
257,257,2100,350,up,-0.0280895233154296,-0.026420207023620565
258,258,2100,350,up,-0.0280895233154296,-0.026420207023620565
259,259,2100,350,up,-0.0280895233154296,-0.026420207023620565
260,260,2100,350,up,-0.0280895233154296,-0.026420207023620565
261,261,2100,350,up,-0.0260442495346069,-0.026420207023620565
262,262,2100,350,up,-0.0260442495346069,-0.026420207023620565
263,263,2100,350,up,-0.0260442495346069,-0.026420207023620565
264,264,2100,350,up,-0.0260442495346069,-0.026420207023620565
265,265,2100,350,up,-0.0260442495346069,-0.026420207023620565
266,266,2100,350,up,-0.0254948139190673,-0.026420207023620565
267,267,2100,350,up,-0.0254948139190673,-0.026420207023620565
268,268,2100,350,up,-0.0254948139190673,-0.026420207023620565
269,269,2100,350,up,-0.0254948139190673,-0.026420207023620565
270,270,2100,350,up,-0.0254948139190673,-0.026420207023620565
271,271,2100,350,up,-0.0254092216491699,-0.026420207023620565
272,272,2100,350,up,-0.0254092216491699,-0.026420207023620565
273,273,2100,350,up,-0.0254092216491699,-0.026420207023620565
274,274,2100,350,up,-0.0254092216491699,-0.026420207023620565
275,275,2100,350,up,-0.0254092216491699,-0.026420207023620565
276,276,2100,350,up,-0.0269348621368408,-0.026420207023620565
277,277,2100,350,up,-0.0269348621368408,-0.026420207023620565
278,278,2100,350,up,-0.0269348621368408,-0.026420207023620565
279,279,2100,350,up,-0.0269348621368408,-0.026420207023620565
280,280,2100,350,up,-0.0269348621368408,-0.026420207023620565
281,281,2100,350,up,-0.0264427661895751,-0.026420207023620565
282,282,2100,350,up,-0.0264427661895751,-0.026420207023620565
283,283,2100,350,up,-0.0264427661895751,-0.026420207023620565
284,284,2100,350,up,-0.0264427661895751,-0.026420207023620565
285,285,2100,350,up,-0.0264427661895751,-0.026420207023620565
286,286,2100,350,up,-0.0251624584197998,-0.026420207023620565
287,287,2100,350,up,-0.0251624584197998,-0.026420207023620565
288,288,2100,350,up,-0.0251624584197998,-0.026420207023620565
289,289,2100,350,up,-0.0251624584197998,-0.026420207023620565
290,290,2100,350,up,-0.0251624584197998,-0.026420207023620565
291,291,2100,350,up,-0.0269923210144042,-0.026420207023620565
292,292,2100,350,up,-0.0269923210144042,-0.026420207023620565
293,293,2100,350,up,-0.0269923210144042,-0.026420207023620565
294,294,2100,350,up,-0.0269923210144042,-0.026420207023620565
295,295,2100,350,up,-0.0269923210144042,-0.026420207023620565
296,296,2100,350,up,-0.0248589515686035,-0.026420207023620565
297,297,2100,350,up,-0.0248589515686035,-0.026420207023620565
298,298,2100,350,up,-0.0248589515686035,-0.026420207023620565
299,299,2100,350,up,-0.0248589515686035,-0.026420207023620565
300,300,2100,700,down,-0.0188601016998291,-0.016412403583526577
301,301,2100,700,down,-0.0188601016998291,-0.016412403583526577
302,302,2100,700,down,-0.0188601016998291,-0.016412403583526577
303,303,2100,700,down,-0.020190954208374,-0.016412403583526577
304,304,2100,700,down,-0.020190954208374,-0.016412403583526577
305,305,2100,700,down,-0.020190954208374,-0.016412403583526577
306,306,2100,700,down,-0.020190954208374,-0.016412403583526577
307,307,2100,700,down,-0.020190954208374,-0.016412403583526577
308,308,2100,700,down,-0.0186971426010131,-0.016412403583526577
309,309,2100,700,down,-0.0186971426010131,-0.016412403583526577
310,310,2100,700,down,-0.0186971426010131,-0.016412403583526577
311,311,2100,700,down,-0.0186971426010131,-0.016412403583526577
312,312,2100,700,down,-0.0186971426010131,-0.016412403583526577
313,313,2100,700,down,-0.0171619653701782,-0.016412403583526577
314,314,2100,700,down,-0.0171619653701782,-0.016412403583526577
315,315,2100,700,down,-0.0171619653701782,-0.016412403583526577
316,316,2100,700,down,-0.0171619653701782,-0.016412403583526577
317,317,2100,700,down,-0.0171619653701782,-0.016412403583526577
318,318,2100,700,down,-0.0167654752731323,-0.016412403583526577
319,319,2100,700,down,-0.0167654752731323,-0.016412403583526577
320,320,2100,700,down,-0.0167654752731323,-0.016412403583526577
321,321,2100,700,down,-0.0167654752731323,-0.016412403583526577
322,322,2100,700,down,-0.0167654752731323,-0.016412403583526577
323,323,2100,700,down,-0.0163900852203369,-0.016412403583526577
324,324,2100,700,down,-0.0163900852203369,-0.016412403583526577
325,325,2100,700,down,-0.0163900852203369,-0.016412403583526577
326,326,2100,700,down,-0.0163900852203369,-0.016412403583526577
327,327,2100,700,down,-0.0163900852203369,-0.016412403583526577
328,328,2100,700,down,-0.0165619850158691,-0.016412403583526577
329,329,2100,700,down,-0.0165619850158691,-0.016412403583526577
330,330,2100,700,down,-0.0165619850158691,-0.016412403583526577
331,331,2100,700,down,-0.0165619850158691,-0.016412403583526577
332,332,2100,700,down,-0.0165619850158691,-0.016412403583526577
333,333,2100,700,down,-0.0134793519973754,-0.016412403583526577
334,334,2100,700,down,-0.0134793519973754,-0.016412403583526577
335,335,2100,700,down,-0.0134793519973754,-0.016412403583526577
336,336,2100,700,down,-0.0134793519973754,-0.016412403583526577
337,337,2100,700,down,-0.0134793519973754,-0.016412403583526577
338,338,2100,700,down,-0.0144479274749755,-0.016412403583526577
339,339,2100,700,down,-0.0144479274749755,-0.016412403583526577
340,340,2100,700,down,-0.0144479274749755,-0.016412403583526577
341,341,2100,700,down,-0.0144479274749755,-0.016412403583526577
342,342,2100,700,down,-0.0144479274749755,-0.016412403583526577
343,343,2100,700,down,-0.0131465196609497,-0.016412403583526577
344,344,2100,700,down,-0.0131465196609497,-0.016412403583526577
345,345,2100,700,down,-0.0131465196609497,-0.016412403583526577
346,346,2100,700,down,-0.0131465196609497,-0.016412403583526577
347,347,2100,700,down,-0.0131465196609497,-0.016412403583526577
348,348,2100,700,down,-0.0149164199829101,-0.016412403583526577
349,349,2100,700,down,-0.0149164199829101,-0.016412403583526577
350,350,2100,700,up,-0.0175421237945556,-0.018039698600768993
351,351,2100,700,up,-0.0175421237945556,-0.018039698600768993
352,352,2100,700,up,-0.0175421237945556,-0.018039698600768993
353,353,2100,700,up,-0.0175421237945556,-0.018039698600768993
354,354,2100,700,up,-0.0164185762405395,-0.018039698600768993
355,355,2100,700,up,-0.0164185762405395,-0.018039698600768993
356,356,2100,700,up,-0.0164185762405395,-0.018039698600768993
357,357,2100,700,up,-0.0164185762405395,-0.018039698600768993
358,358,2100,700,up,-0.0164185762405395,-0.018039698600768993
359,359,2100,700,up,-0.0165917873382568,-0.018039698600768993
360,360,2100,700,up,-0.0165917873382568,-0.018039698600768993
361,361,2100,700,up,-0.0165917873382568,-0.018039698600768993
362,362,2100,700,up,-0.0165917873382568,-0.018039698600768993
363,363,2100,700,up,-0.0165917873382568,-0.018039698600768993
364,364,2100,700,up,-0.0184226036071777,-0.018039698600768993
365,365,2100,700,up,-0.0184226036071777,-0.018039698600768993
366,366,2100,700,up,-0.0184226036071777,-0.018039698600768993
367,367,2100,700,up,-0.0184226036071777,-0.018039698600768993
368,368,2100,700,up,-0.0184226036071777,-0.018039698600768993
369,369,2100,700,up,-0.0182706117630004,-0.018039698600768993
370,370,2100,700,up,-0.0182706117630004,-0.018039698600768993
371,371,2100,700,up,-0.0182706117630004,-0.018039698600768993
372,372,2100,700,up,-0.0182706117630004,-0.018039698600768993
373,373,2100,700,up,-0.0182706117630004,-0.018039698600768993
374,374,2100,700,up,-0.0192779302597045,-0.018039698600768993
375,375,2100,700,up,-0.0192779302597045,-0.018039698600768993
376,376,2100,700,up,-0.0192779302597045,-0.018039698600768993
377,377,2100,700,up,-0.0192779302597045,-0.018039698600768993
378,378,2100,700,up,-0.0192779302597045,-0.018039698600768993
379,379,2100,700,up,-0.0169188976287841,-0.018039698600768993
380,380,2100,700,up,-0.0169188976287841,-0.018039698600768993
381,381,2100,700,up,-0.0169188976287841,-0.018039698600768993
382,382,2100,700,up,-0.0169188976287841,-0.018039698600768993
383,383,2100,700,up,-0.0169188976287841,-0.018039698600768993
384,384,2100,700,up,-0.014394998550415,-0.018039698600768993
385,385,2100,700,up,-0.014394998550415,-0.018039698600768993
386,386,2100,700,up,-0.014394998550415,-0.018039698600768993
387,387,2100,700,up,-0.014394998550415,-0.018039698600768993
388,388,2100,700,up,-0.014394998550415,-0.018039698600768993
389,389,2100,700,up,-0.0202391147613525,-0.018039698600768993
390,390,2100,700,up,-0.0202391147613525,-0.018039698600768993
391,391,2100,700,up,-0.0202391147613525,-0.018039698600768993
392,392,2100,700,up,-0.0202391147613525,-0.018039698600768993
393,393,2100,700,up,-0.0202391147613525,-0.018039698600768993
394,394,2100,700,up,-0.0220673084259033,-0.018039698600768993
395,395,2100,700,up,-0.0220673084259033,-0.018039698600768993
396,396,2100,700,up,-0.0220673084259033,-0.018039698600768993
397,397,2100,700,up,-0.0220673084259033,-0.018039698600768993
398,398,2100,700,up,-0.0220673084259033,-0.018039698600768993
399,399,2100,700,up,-0.0188072919845581,-0.018039698600768993
400,400,2100,700,down,-0.0176019668579101,-0.0194103145599365
401,401,2100,700,down,-0.0176019668579101,-0.0194103145599365
402,402,2100,700,down,-0.0176019668579101,-0.0194103145599365
403,403,2100,700,down,-0.0168497562408447,-0.0194103145599365
404,404,2100,700,down,-0.0168497562408447,-0.0194103145599365
405,405,2100,700,down,-0.0168497562408447,-0.0194103145599365
406,406,2100,700,down,-0.0168497562408447,-0.0194103145599365
407,407,2100,700,down,-0.0168497562408447,-0.0194103145599365
408,408,2100,700,down,-0.0193343162536621,-0.0194103145599365
409,409,2100,700,down,-0.0193343162536621,-0.0194103145599365
410,410,2100,700,down,-0.0193343162536621,-0.0194103145599365
411,411,2100,700,down,-0.0193343162536621,-0.0194103145599365
412,412,2100,700,down,-0.0193343162536621,-0.0194103145599365
413,413,2100,700,down,-0.0176810026168823,-0.0194103145599365
414,414,2100,700,down,-0.0176810026168823,-0.0194103145599365
415,415,2100,700,down,-0.0176810026168823,-0.0194103145599365
416,416,2100,700,down,-0.0176810026168823,-0.0194103145599365
417,417,2100,700,down,-0.0176810026168823,-0.0194103145599365
418,418,2100,700,down,-0.0219826698303222,-0.0194103145599365
419,419,2100,700,down,-0.0219826698303222,-0.0194103145599365
420,420,2100,700,down,-0.0219826698303222,-0.0194103145599365
421,421,2100,700,down,-0.0219826698303222,-0.0194103145599365
422,422,2100,700,down,-0.0219826698303222,-0.0194103145599365
423,423,2100,700,down,-0.0205373764038085,-0.0194103145599365
424,424,2100,700,down,-0.0205373764038085,-0.0194103145599365
425,425,2100,700,down,-0.0205373764038085,-0.0194103145599365
426,426,2100,700,down,-0.0205373764038085,-0.0194103145599365
427,427,2100,700,down,-0.0205373764038085,-0.0194103145599365
428,428,2100,700,down,-0.0196527242660522,-0.0194103145599365
429,429,2100,700,down,-0.0196527242660522,-0.0194103145599365
430,430,2100,700,down,-0.0196527242660522,-0.0194103145599365
431,431,2100,700,down,-0.0196527242660522,-0.0194103145599365
432,432,2100,700,down,-0.0196527242660522,-0.0194103145599365
433,433,2100,700,down,-0.0214614868164062,-0.0194103145599365
434,434,2100,700,down,-0.0214614868164062,-0.0194103145599365
435,435,2100,700,down,-0.0214614868164062,-0.0194103145599365
436,436,2100,700,down,-0.0214614868164062,-0.0194103145599365
437,437,2100,700,down,-0.0214614868164062,-0.0194103145599365
438,438,2100,700,down,-0.019516110420227,-0.0194103145599365
439,439,2100,700,down,-0.019516110420227,-0.0194103145599365
440,440,2100,700,down,-0.019516110420227,-0.0194103145599365
441,441,2100,700,down,-0.019516110420227,-0.0194103145599365
442,442,2100,700,down,-0.019516110420227,-0.0194103145599365
443,443,2100,700,down,-0.0187920331954956,-0.0194103145599365
444,444,2100,700,down,-0.0187920331954956,-0.0194103145599365
445,445,2100,700,down,-0.0187920331954956,-0.0194103145599365
446,446,2100,700,down,-0.0187920331954956,-0.0194103145599365
447,447,2100,700,down,-0.0187920331954956,-0.0194103145599365
448,448,2100,700,down,-0.0193362236022949,-0.0194103145599365
449,449,2100,700,down,-0.0193362236022949,-0.0194103145599365
450,450,2100,350,up,-0.0219537019729614,-0.019929835796356144
451,451,2100,350,up,-0.0219537019729614,-0.019929835796356144
452,452,2100,350,up,-0.0219537019729614,-0.019929835796356144
453,453,2100,350,up,-0.0215436220169067,-0.019929835796356144
454,454,2100,350,up,-0.0215436220169067,-0.019929835796356144
455,455,2100,350,up,-0.0215436220169067,-0.019929835796356144
456,456,2100,350,up,-0.0215436220169067,-0.019929835796356144
457,457,2100,350,up,-0.0215436220169067,-0.019929835796356144
458,458,2100,350,up,-0.018198013305664,-0.019929835796356144
459,459,2100,350,up,-0.018198013305664,-0.019929835796356144
460,460,2100,350,up,-0.018198013305664,-0.019929835796356144
461,461,2100,350,up,-0.018198013305664,-0.019929835796356144
462,462,2100,350,up,-0.018198013305664,-0.019929835796356144
463,463,2100,350,up,-0.0204606056213378,-0.019929835796356144
464,464,2100,350,up,-0.0204606056213378,-0.019929835796356144
465,465,2100,350,up,-0.0204606056213378,-0.019929835796356144
466,466,2100,350,up,-0.0204606056213378,-0.019929835796356144
467,467,2100,350,up,-0.0204606056213378,-0.019929835796356144
468,468,2100,350,up,-0.0204606056213378,-0.019929835796356144
469,469,2100,350,up,-0.0204606056213378,-0.019929835796356144
470,470,2100,350,up,-0.0204606056213378,-0.019929835796356144
471,471,2100,350,up,-0.0204606056213378,-0.019929835796356144
472,472,2100,350,up,-0.0204606056213378,-0.019929835796356144
473,473,2100,350,up,-0.0205844640731811,-0.019929835796356144
474,474,2100,350,up,-0.0205844640731811,-0.019929835796356144
475,475,2100,350,up,-0.0205844640731811,-0.019929835796356144
476,476,2100,350,up,-0.0205844640731811,-0.019929835796356144
477,477,2100,350,up,-0.0205844640731811,-0.019929835796356144
478,478,2100,350,up,-0.020990252494812,-0.019929835796356144
479,479,2100,350,up,-0.020990252494812,-0.019929835796356144
480,480,2100,350,up,-0.020990252494812,-0.019929835796356144
481,481,2100,350,up,-0.020990252494812,-0.019929835796356144
482,482,2100,350,up,-0.020990252494812,-0.019929835796356144
483,483,2100,350,up,-0.0211693048477172,-0.019929835796356144
484,484,2100,350,up,-0.0211693048477172,-0.019929835796356144
485,485,2100,350,up,-0.0211693048477172,-0.019929835796356144
486,486,2100,350,up,-0.0211693048477172,-0.019929835796356144
487,487,2100,350,up,-0.0211693048477172,-0.019929835796356144
488,488,2100,350,up,-0.0193276405334472,-0.019929835796356144
489,489,2100,350,up,-0.0193276405334472,-0.019929835796356144
490,490,2100,350,up,-0.0193276405334472,-0.019929835796356144
491,491,2100,350,up,-0.0193276405334472,-0.019929835796356144
492,492,2100,350,up,-0.0193276405334472,-0.019929835796356144
493,493,2100,350,up,-0.0166029930114746,-0.019929835796356144
494,494,2100,350,up,-0.0166029930114746,-0.019929835796356144
495,495,2100,350,up,-0.0166029930114746,-0.019929835796356144
496,496,2100,350,up,-0.0166029930114746,-0.019929835796356144
497,497,2100,350,up,-0.0166029930114746,-0.019929835796356144
498,498,2100,350,up,-0.0169715881347656,-0.019929835796356144
499,499,2100,350,up,-0.0169715881347656,-0.019929835796356144
500,500,2800,350,up,-0.0210039615631103,-0.0217951941490173
501,501,2800,350,up,-0.0210039615631103,-0.0217951941490173
502,502,2800,350,up,-0.0210039615631103,-0.0217951941490173
503,503,2800,350,up,-0.02154541015625,-0.0217951941490173
504,504,2800,350,up,-0.02154541015625,-0.0217951941490173
505,505,2800,350,up,-0.02154541015625,-0.0217951941490173
506,506,2800,350,up,-0.02154541015625,-0.0217951941490173
507,507,2800,350,up,-0.02154541015625,-0.0217951941490173
508,508,2800,350,up,-0.0232908725738525,-0.0217951941490173
509,509,2800,350,up,-0.0232908725738525,-0.0217951941490173
510,510,2800,350,up,-0.0232908725738525,-0.0217951941490173
511,511,2800,350,up,-0.0232908725738525,-0.0217951941490173
512,512,2800,350,up,-0.0232908725738525,-0.0217951941490173
513,513,2800,350,up,-0.0219367742538452,-0.0217951941490173
514,514,2800,350,up,-0.0219367742538452,-0.0217951941490173
515,515,2800,350,up,-0.0219367742538452,-0.0217951941490173
516,516,2800,350,up,-0.0219367742538452,-0.0217951941490173
517,517,2800,350,up,-0.0219367742538452,-0.0217951941490173
518,518,2800,350,up,-0.0214607715606689,-0.0217951941490173
519,519,2800,350,up,-0.0214607715606689,-0.0217951941490173
520,520,2800,350,up,-0.0214607715606689,-0.0217951941490173
521,521,2800,350,up,-0.0214607715606689,-0.0217951941490173
522,522,2800,350,up,-0.0214607715606689,-0.0217951941490173
523,523,2800,350,up,-0.0215493440628051,-0.0217951941490173
524,524,2800,350,up,-0.0215493440628051,-0.0217951941490173
525,525,2800,350,up,-0.0215493440628051,-0.0217951941490173
526,526,2800,350,up,-0.0215493440628051,-0.0217951941490173
527,527,2800,350,up,-0.0215493440628051,-0.0217951941490173
528,528,2800,350,up,-0.0210808515548706,-0.0217951941490173
529,529,2800,350,up,-0.0210808515548706,-0.0217951941490173
530,530,2800,350,up,-0.0210808515548706,-0.0217951941490173
531,531,2800,350,up,-0.0210808515548706,-0.0217951941490173
532,532,2800,350,up,-0.0210808515548706,-0.0217951941490173
533,533,2800,350,up,-0.022302508354187,-0.0217951941490173
534,534,2800,350,up,-0.022302508354187,-0.0217951941490173
535,535,2800,350,up,-0.022302508354187,-0.0217951941490173
536,536,2800,350,up,-0.022302508354187,-0.0217951941490173
537,537,2800,350,up,-0.022302508354187,-0.0217951941490173
538,538,2800,350,up,-0.0213270187377929,-0.0217951941490173
539,539,2800,350,up,-0.0213270187377929,-0.0217951941490173
540,540,2800,350,up,-0.0213270187377929,-0.0217951941490173
541,541,2800,350,up,-0.0213270187377929,-0.0217951941490173
542,542,2800,350,up,-0.0213270187377929,-0.0217951941490173
543,543,2800,350,up,-0.0226436853408813,-0.0217951941490173
544,544,2800,350,up,-0.0226436853408813,-0.0217951941490173
545,545,2800,350,up,-0.0226436853408813,-0.0217951941490173
546,546,2800,350,up,-0.0226436853408813,-0.0217951941490173
547,547,2800,350,up,-0.0226436853408813,-0.0217951941490173
548,548,2800,350,up,-0.0205308198928833,-0.0217951941490173
549,549,2800,350,up,-0.0205308198928833,-0.0217951941490173
550,550,2800,700,down,-0.0189647674560546,-0.018514664173126173
551,551,2800,700,down,-0.0188630819320678,-0.018514664173126173
552,552,2800,700,down,-0.0188630819320678,-0.018514664173126173
553,553,2800,700,down,-0.0188630819320678,-0.018514664173126173
554,554,2800,700,down,-0.0188630819320678,-0.018514664173126173
555,555,2800,700,down,-0.0188630819320678,-0.018514664173126173
556,556,2800,700,down,-0.0185354948043823,-0.018514664173126173
557,557,2800,700,down,-0.0185354948043823,-0.018514664173126173
558,558,2800,700,down,-0.0185354948043823,-0.018514664173126173
559,559,2800,700,down,-0.0185354948043823,-0.018514664173126173
560,560,2800,700,down,-0.0185354948043823,-0.018514664173126173
561,561,2800,700,down,-0.0187174081802368,-0.018514664173126173
562,562,2800,700,down,-0.0187174081802368,-0.018514664173126173
563,563,2800,700,down,-0.0187174081802368,-0.018514664173126173
564,564,2800,700,down,-0.0187174081802368,-0.018514664173126173
565,565,2800,700,down,-0.0187174081802368,-0.018514664173126173
566,566,2800,700,down,-0.0174562931060791,-0.018514664173126173
567,567,2800,700,down,-0.0174562931060791,-0.018514664173126173
568,568,2800,700,down,-0.0174562931060791,-0.018514664173126173
569,569,2800,700,down,-0.0174562931060791,-0.018514664173126173
570,570,2800,700,down,-0.0174562931060791,-0.018514664173126173
571,571,2800,700,down,-0.016768455505371,-0.018514664173126173
572,572,2800,700,down,-0.016768455505371,-0.018514664173126173
573,573,2800,700,down,-0.016768455505371,-0.018514664173126173
574,574,2800,700,down,-0.016768455505371,-0.018514664173126173
575,575,2800,700,down,-0.016768455505371,-0.018514664173126173
576,576,2800,700,down,-0.0173093080520629,-0.018514664173126173
577,577,2800,700,down,-0.0173093080520629,-0.018514664173126173
578,578,2800,700,down,-0.0173093080520629,-0.018514664173126173
579,579,2800,700,down,-0.0173093080520629,-0.018514664173126173
580,580,2800,700,down,-0.0173093080520629,-0.018514664173126173
581,581,2800,700,down,-0.0185354948043823,-0.018514664173126173
582,582,2800,700,down,-0.0185354948043823,-0.018514664173126173
583,583,2800,700,down,-0.0185354948043823,-0.018514664173126173
584,584,2800,700,down,-0.0185354948043823,-0.018514664173126173
585,585,2800,700,down,-0.0185354948043823,-0.018514664173126173
586,586,2800,700,down,-0.0200201272964477,-0.018514664173126173
587,587,2800,700,down,-0.0200201272964477,-0.018514664173126173
588,588,2800,700,down,-0.0200201272964477,-0.018514664173126173
589,589,2800,700,down,-0.0200201272964477,-0.018514664173126173
590,590,2800,700,down,-0.0200201272964477,-0.018514664173126173
591,591,2800,700,down,-0.0194467306137084,-0.018514664173126173
592,592,2800,700,down,-0.0194467306137084,-0.018514664173126173
593,593,2800,700,down,-0.0194467306137084,-0.018514664173126173
594,594,2800,700,down,-0.0194467306137084,-0.018514664173126173
595,595,2800,700,down,-0.0194467306137084,-0.018514664173126173
596,596,2800,700,down,-0.0196266174316406,-0.018514664173126173
597,597,2800,700,down,-0.0196266174316406,-0.018514664173126173
598,598,2800,700,down,-0.0196266174316406,-0.018514664173126173
599,599,2800,700,down,-0.0196266174316406,-0.018514664173126173
600,600,2800,700,up,-0.0226695537567138,-0.022614507675170883
601,601,2800,700,up,-0.0225458145141601,-0.022614507675170883
602,602,2800,700,up,-0.0225458145141601,-0.022614507675170883
603,603,2800,700,up,-0.0225458145141601,-0.022614507675170883
604,604,2800,700,up,-0.0225458145141601,-0.022614507675170883
605,605,2800,700,up,-0.0225458145141601,-0.022614507675170883
606,606,2800,700,up,-0.021392822265625,-0.022614507675170883
607,607,2800,700,up,-0.021392822265625,-0.022614507675170883
608,608,2800,700,up,-0.021392822265625,-0.022614507675170883
609,609,2800,700,up,-0.021392822265625,-0.022614507675170883
610,610,2800,700,up,-0.021392822265625,-0.022614507675170883
611,611,2800,700,up,-0.0219888687133789,-0.022614507675170883
612,612,2800,700,up,-0.0219888687133789,-0.022614507675170883
613,613,2800,700,up,-0.0219888687133789,-0.022614507675170883
614,614,2800,700,up,-0.0219888687133789,-0.022614507675170883
615,615,2800,700,up,-0.0219888687133789,-0.022614507675170883
616,616,2800,700,up,-0.022495150566101,-0.022614507675170883
617,617,2800,700,up,-0.022495150566101,-0.022614507675170883
618,618,2800,700,up,-0.022495150566101,-0.022614507675170883
619,619,2800,700,up,-0.022495150566101,-0.022614507675170883
620,620,2800,700,up,-0.022495150566101,-0.022614507675170883
621,621,2800,700,up,-0.0239533185958862,-0.022614507675170883
622,622,2800,700,up,-0.0239533185958862,-0.022614507675170883
623,623,2800,700,up,-0.0239533185958862,-0.022614507675170883
624,624,2800,700,up,-0.0239533185958862,-0.022614507675170883
625,625,2800,700,up,-0.0239533185958862,-0.022614507675170883
626,626,2800,700,up,-0.0232443809509277,-0.022614507675170883
627,627,2800,700,up,-0.0232443809509277,-0.022614507675170883
628,628,2800,700,up,-0.0232443809509277,-0.022614507675170883
629,629,2800,700,up,-0.0232443809509277,-0.022614507675170883
630,630,2800,700,up,-0.0232443809509277,-0.022614507675170883
631,631,2800,700,up,-0.0243788957595825,-0.022614507675170883
632,632,2800,700,up,-0.0243788957595825,-0.022614507675170883
633,633,2800,700,up,-0.0243788957595825,-0.022614507675170883
634,634,2800,700,up,-0.0243788957595825,-0.022614507675170883
635,635,2800,700,up,-0.0243788957595825,-0.022614507675170883
636,636,2800,700,up,-0.0230354070663452,-0.022614507675170883
637,637,2800,700,up,-0.0230354070663452,-0.022614507675170883
638,638,2800,700,up,-0.0230354070663452,-0.022614507675170883
639,639,2800,700,up,-0.0230354070663452,-0.022614507675170883
640,640,2800,700,up,-0.0230354070663452,-0.022614507675170883
641,641,2800,700,up,-0.0199365615844726,-0.022614507675170883
642,642,2800,700,up,-0.0199365615844726,-0.022614507675170883
643,643,2800,700,up,-0.0199365615844726,-0.022614507675170883
644,644,2800,700,up,-0.0199365615844726,-0.022614507675170883
645,645,2800,700,up,-0.0199365615844726,-0.022614507675170883
646,646,2800,700,up,-0.0232999324798584,-0.022614507675170883
647,647,2800,700,up,-0.0232999324798584,-0.022614507675170883
648,648,2800,700,up,-0.0232999324798584,-0.022614507675170883
649,649,2800,700,up,-0.0232999324798584,-0.022614507675170883
650,650,2800,700,down,-0.0149264335632324,-0.013793241977691608
651,651,2800,700,down,-0.0149264335632324,-0.013793241977691608
652,652,2800,700,down,-0.0149264335632324,-0.013793241977691608
653,653,2800,700,down,-0.0149264335632324,-0.013793241977691608
654,654,2800,700,down,-0.0149264335632324,-0.013793241977691608
655,655,2800,700,down,-0.0130740404129028,-0.013793241977691608
656,656,2800,700,down,-0.0130740404129028,-0.013793241977691608
657,657,2800,700,down,-0.0130740404129028,-0.013793241977691608
658,658,2800,700,down,-0.0130740404129028,-0.013793241977691608
659,659,2800,700,down,-0.0130740404129028,-0.013793241977691608
660,660,2800,700,down,-0.0146639347076416,-0.013793241977691608
661,661,2800,700,down,-0.0146639347076416,-0.013793241977691608
662,662,2800,700,down,-0.0146639347076416,-0.013793241977691608
663,663,2800,700,down,-0.0146639347076416,-0.013793241977691608
664,664,2800,700,down,-0.0146639347076416,-0.013793241977691608
665,665,2800,700,down,-0.0150706768035888,-0.013793241977691608
666,666,2800,700,down,-0.0150706768035888,-0.013793241977691608
667,667,2800,700,down,-0.0150706768035888,-0.013793241977691608
668,668,2800,700,down,-0.0150706768035888,-0.013793241977691608
669,669,2800,700,down,-0.0150706768035888,-0.013793241977691608
670,670,2800,700,down,-0.0108535289764404,-0.013793241977691608
671,671,2800,700,down,-0.0108535289764404,-0.013793241977691608
672,672,2800,700,down,-0.0108535289764404,-0.013793241977691608
673,673,2800,700,down,-0.0108535289764404,-0.013793241977691608
674,674,2800,700,down,-0.0108535289764404,-0.013793241977691608
675,675,2800,700,down,-0.0126208066940307,-0.013793241977691608
676,676,2800,700,down,-0.0126208066940307,-0.013793241977691608
677,677,2800,700,down,-0.0126208066940307,-0.013793241977691608
678,678,2800,700,down,-0.0126208066940307,-0.013793241977691608
679,679,2800,700,down,-0.0126208066940307,-0.013793241977691608
680,680,2800,700,down,-0.0133583545684814,-0.013793241977691608
681,681,2800,700,down,-0.0133583545684814,-0.013793241977691608
682,682,2800,700,down,-0.0133583545684814,-0.013793241977691608
683,683,2800,700,down,-0.0133583545684814,-0.013793241977691608
684,684,2800,700,down,-0.0133583545684814,-0.013793241977691608
685,685,2800,700,down,-0.0124738216400146,-0.013793241977691608
686,686,2800,700,down,-0.0124738216400146,-0.013793241977691608
687,687,2800,700,down,-0.0124738216400146,-0.013793241977691608
688,688,2800,700,down,-0.0124738216400146,-0.013793241977691608
689,689,2800,700,down,-0.0124738216400146,-0.013793241977691608
690,690,2800,700,down,-0.0154542922973632,-0.013793241977691608
691,691,2800,700,down,-0.0154542922973632,-0.013793241977691608
692,692,2800,700,down,-0.0154542922973632,-0.013793241977691608
693,693,2800,700,down,-0.0154542922973632,-0.013793241977691608
694,694,2800,700,down,-0.0154542922973632,-0.013793241977691608
695,695,2800,700,down,-0.0154365301132202,-0.013793241977691608
696,696,2800,700,down,-0.0154365301132202,-0.013793241977691608
697,697,2800,700,down,-0.0154365301132202,-0.013793241977691608
698,698,2800,700,down,-0.0154365301132202,-0.013793241977691608
699,699,2800,700,down,-0.0154365301132202,-0.013793241977691608
700,700,2800,350,up,-0.0148130655288696,-0.01410977840423579
701,701,2800,350,up,-0.0148130655288696,-0.01410977840423579
702,702,2800,350,up,-0.0148130655288696,-0.01410977840423579
703,703,2800,350,up,-0.0148130655288696,-0.01410977840423579
704,704,2800,350,up,-0.0148130655288696,-0.01410977840423579
705,705,2800,350,up,-0.0142726898193359,-0.01410977840423579
706,706,2800,350,up,-0.0142726898193359,-0.01410977840423579
707,707,2800,350,up,-0.0142726898193359,-0.01410977840423579
708,708,2800,350,up,-0.0142726898193359,-0.01410977840423579
709,709,2800,350,up,-0.0142726898193359,-0.01410977840423579
710,710,2800,350,up,-0.0147308111190795,-0.01410977840423579
711,711,2800,350,up,-0.0147308111190795,-0.01410977840423579
712,712,2800,350,up,-0.0147308111190795,-0.01410977840423579
713,713,2800,350,up,-0.0147308111190795,-0.01410977840423579
714,714,2800,350,up,-0.0147308111190795,-0.01410977840423579
715,715,2800,350,up,-0.0161554813385009,-0.01410977840423579
716,716,2800,350,up,-0.0161554813385009,-0.01410977840423579
717,717,2800,350,up,-0.0161554813385009,-0.01410977840423579
718,718,2800,350,up,-0.0161554813385009,-0.01410977840423579
719,719,2800,350,up,-0.0161554813385009,-0.01410977840423579
720,720,2800,350,up,-0.0135506391525268,-0.01410977840423579
721,721,2800,350,up,-0.0135506391525268,-0.01410977840423579
722,722,2800,350,up,-0.0135506391525268,-0.01410977840423579
723,723,2800,350,up,-0.0135506391525268,-0.01410977840423579
724,724,2800,350,up,-0.0135506391525268,-0.01410977840423579
725,725,2800,350,up,-0.011389136314392,-0.01410977840423579
726,726,2800,350,up,-0.011389136314392,-0.01410977840423579
727,727,2800,350,up,-0.011389136314392,-0.01410977840423579
728,728,2800,350,up,-0.011389136314392,-0.01410977840423579
729,729,2800,350,up,-0.011389136314392,-0.01410977840423579
730,730,2800,350,up,-0.01252281665802,-0.01410977840423579
731,731,2800,350,up,-0.01252281665802,-0.01410977840423579
732,732,2800,350,up,-0.01252281665802,-0.01410977840423579
733,733,2800,350,up,-0.01252281665802,-0.01410977840423579
734,734,2800,350,up,-0.01252281665802,-0.01410977840423579
735,735,2800,350,up,-0.0149054527282714,-0.01410977840423579
736,736,2800,350,up,-0.0149054527282714,-0.01410977840423579
737,737,2800,350,up,-0.0149054527282714,-0.01410977840423579
738,738,2800,350,up,-0.0149054527282714,-0.01410977840423579
739,739,2800,350,up,-0.0149054527282714,-0.01410977840423579
740,740,2800,350,up,-0.0148547887802124,-0.01410977840423579
741,741,2800,350,up,-0.0148547887802124,-0.01410977840423579
742,742,2800,350,up,-0.0148547887802124,-0.01410977840423579
743,743,2800,350,up,-0.0148547887802124,-0.01410977840423579
744,744,2800,350,up,-0.0148547887802124,-0.01410977840423579
745,745,2800,350,up,-0.0139029026031494,-0.01410977840423579
746,746,2800,350,up,-0.0139029026031494,-0.01410977840423579
747,747,2800,350,up,-0.0139029026031494,-0.01410977840423579
748,748,2800,350,up,-0.0139029026031494,-0.01410977840423579
749,749,2800,350,up,-0.0139029026031494,-0.01410977840423579
750,750,3500,350,up,-0.017007827758789,-0.017294974327087372
751,751,3500,350,up,-0.017007827758789,-0.017294974327087372
752,752,3500,350,up,-0.0208528041839599,-0.017294974327087372
753,753,3500,350,up,-0.0208528041839599,-0.017294974327087372
754,754,3500,350,up,-0.0208528041839599,-0.017294974327087372
755,755,3500,350,up,-0.0208528041839599,-0.017294974327087372
756,756,3500,350,up,-0.0208528041839599,-0.017294974327087372
757,757,3500,350,up,-0.018073558807373,-0.017294974327087372
758,758,3500,350,up,-0.018073558807373,-0.017294974327087372
759,759,3500,350,up,-0.018073558807373,-0.017294974327087372
760,760,3500,350,up,-0.018073558807373,-0.017294974327087372
761,761,3500,350,up,-0.018073558807373,-0.017294974327087372
762,762,3500,350,up,-0.0191409587860107,-0.017294974327087372
763,763,3500,350,up,-0.0191409587860107,-0.017294974327087372
764,764,3500,350,up,-0.0191409587860107,-0.017294974327087372
765,765,3500,350,up,-0.0191409587860107,-0.017294974327087372
766,766,3500,350,up,-0.0191409587860107,-0.017294974327087372
767,767,3500,350,up,-0.0165851116180419,-0.017294974327087372
768,768,3500,350,up,-0.0165851116180419,-0.017294974327087372
769,769,3500,350,up,-0.0165851116180419,-0.017294974327087372
770,770,3500,350,up,-0.0165851116180419,-0.017294974327087372
771,771,3500,350,up,-0.0165851116180419,-0.017294974327087372
772,772,3500,350,up,-0.0191690921783447,-0.017294974327087372
773,773,3500,350,up,-0.0191690921783447,-0.017294974327087372
774,774,3500,350,up,-0.0191690921783447,-0.017294974327087372
775,775,3500,350,up,-0.0191690921783447,-0.017294974327087372
776,776,3500,350,up,-0.0191690921783447,-0.017294974327087372
777,777,3500,350,up,-0.0150051116943359,-0.017294974327087372
778,778,3500,350,up,-0.0150051116943359,-0.017294974327087372
779,779,3500,350,up,-0.0150051116943359,-0.017294974327087372
780,780,3500,350,up,-0.0150051116943359,-0.017294974327087372
781,781,3500,350,up,-0.0150051116943359,-0.017294974327087372
782,782,3500,350,up,-0.0170994997024536,-0.017294974327087372
783,783,3500,350,up,-0.0170994997024536,-0.017294974327087372
784,784,3500,350,up,-0.0170994997024536,-0.017294974327087372
785,785,3500,350,up,-0.0170994997024536,-0.017294974327087372
786,786,3500,350,up,-0.0170994997024536,-0.017294974327087372
787,787,3500,350,up,-0.0162861347198486,-0.017294974327087372
788,788,3500,350,up,-0.0162861347198486,-0.017294974327087372
789,789,3500,350,up,-0.0162861347198486,-0.017294974327087372
790,790,3500,350,up,-0.0162861347198486,-0.017294974327087372
791,791,3500,350,up,-0.0162861347198486,-0.017294974327087372
792,792,3500,350,up,-0.0160434246063232,-0.017294974327087372
793,793,3500,350,up,-0.0160434246063232,-0.017294974327087372
794,794,3500,350,up,-0.0160434246063232,-0.017294974327087372
795,795,3500,350,up,-0.0160434246063232,-0.017294974327087372
796,796,3500,350,up,-0.0160434246063232,-0.017294974327087372
797,797,3500,350,up,-0.0131515264511108,-0.017294974327087372
798,798,3500,350,up,-0.0131515264511108,-0.017294974327087372
799,799,3500,350,up,-0.0131515264511108,-0.017294974327087372
800,800,3500,700,down,-0.0022450685501098,-0.0014625597000121671
801,801,3500,700,down,-0.0022450685501098,-0.0014625597000121671
802,802,3500,700,down,-0.0022450685501098,-0.0014625597000121671
803,803,3500,700,down,-0.0022450685501098,-0.0014625597000121671
804,804,3500,700,down,9.1552734375e-05,-0.0014625597000121671
805,805,3500,700,down,9.1552734375e-05,-0.0014625597000121671
806,806,3500,700,down,9.1552734375e-05,-0.0014625597000121671
807,807,3500,700,down,9.1552734375e-05,-0.0014625597000121671
808,808,3500,700,down,9.1552734375e-05,-0.0014625597000121671
809,809,3500,700,down,-0.0020126104354858,-0.0014625597000121671
810,810,3500,700,down,-0.0020126104354858,-0.0014625597000121671
811,811,3500,700,down,-0.0020126104354858,-0.0014625597000121671
812,812,3500,700,down,-0.0020126104354858,-0.0014625597000121671
813,813,3500,700,down,-0.0020126104354858,-0.0014625597000121671
814,814,3500,700,down,-0.0023771524429321,-0.0014625597000121671
815,815,3500,700,down,-0.0023771524429321,-0.0014625597000121671
816,816,3500,700,down,-0.0023771524429321,-0.0014625597000121671
817,817,3500,700,down,-0.0023771524429321,-0.0014625597000121671
818,818,3500,700,down,-0.0023771524429321,-0.0014625597000121671
819,819,3500,700,down,-0.0025599002838134,-0.0014625597000121671
820,820,3500,700,down,-0.0025599002838134,-0.0014625597000121671
821,821,3500,700,down,-0.0025599002838134,-0.0014625597000121671
822,822,3500,700,down,-0.0025599002838134,-0.0014625597000121671
823,823,3500,700,down,-0.0025599002838134,-0.0014625597000121671
824,824,3500,700,down,-0.0012327432632446,-0.0014625597000121671
825,825,3500,700,down,-0.0012327432632446,-0.0014625597000121671
826,826,3500,700,down,-0.0012327432632446,-0.0014625597000121671
827,827,3500,700,down,-0.0012327432632446,-0.0014625597000121671
828,828,3500,700,down,-0.0012327432632446,-0.0014625597000121671
829,829,3500,700,down,-0.0015549659729003,-0.0014625597000121671
830,830,3500,700,down,-0.0015549659729003,-0.0014625597000121671
831,831,3500,700,down,-0.0015549659729003,-0.0014625597000121671
832,832,3500,700,down,-0.0015549659729003,-0.0014625597000121671
833,833,3500,700,down,-0.0015549659729003,-0.0014625597000121671
834,834,3500,700,down,-0.0007829666137695,-0.0014625597000121671
835,835,3500,700,down,-0.0007829666137695,-0.0014625597000121671
836,836,3500,700,down,-0.0007829666137695,-0.0014625597000121671
837,837,3500,700,down,-0.0007829666137695,-0.0014625597000121671
838,838,3500,700,down,-0.0007829666137695,-0.0014625597000121671
839,839,3500,700,down,-0.0011484622955322,-0.0014625597000121671
840,840,3500,700,down,-0.0011484622955322,-0.0014625597000121671
841,841,3500,700,down,-0.0011484622955322,-0.0014625597000121671
842,842,3500,700,down,-0.0011484622955322,-0.0014625597000121671
843,843,3500,700,down,-0.0011484622955322,-0.0014625597000121671
844,844,3500,700,down,-0.0011780261993408,-0.0014625597000121671
845,845,3500,700,down,-0.0011780261993408,-0.0014625597000121671
846,846,3500,700,down,-0.0011780261993408,-0.0014625597000121671
847,847,3500,700,down,-0.0011780261993408,-0.0014625597000121671
848,848,3500,700,down,-0.0011780261993408,-0.0014625597000121671
849,849,3500,700,down,-0.0003713369369506,-0.0014625597000121671
850,850,3500,700,up,0.0009076595306396,0.0005874323844909321
851,851,3500,700,up,0.0009076595306396,0.0005874323844909321
852,852,3500,700,up,0.0009076595306396,0.0005874323844909321
853,853,3500,700,up,0.0009076595306396,0.0005874323844909321
854,854,3500,700,up,0.0016134977340698,0.0005874323844909321
855,855,3500,700,up,0.0016134977340698,0.0005874323844909321
856,856,3500,700,up,0.0016134977340698,0.0005874323844909321
857,857,3500,700,up,0.0016134977340698,0.0005874323844909321
858,858,3500,700,up,0.0016134977340698,0.0005874323844909321
859,859,3500,700,up,0.0011042356491088,0.0005874323844909321
860,860,3500,700,up,0.0011042356491088,0.0005874323844909321
861,861,3500,700,up,0.0011042356491088,0.0005874323844909321
862,862,3500,700,up,0.0011042356491088,0.0005874323844909321
863,863,3500,700,up,0.0011042356491088,0.0005874323844909321
864,864,3500,700,up,0.0012375116348266,0.0005874323844909321
865,865,3500,700,up,0.0012375116348266,0.0005874323844909321
866,866,3500,700,up,0.0012375116348266,0.0005874323844909321
867,867,3500,700,up,0.0012375116348266,0.0005874323844909321
868,868,3500,700,up,0.0012375116348266,0.0005874323844909321
869,869,3500,700,up,0.0010651350021362,0.0005874323844909321
870,870,3500,700,up,0.0010651350021362,0.0005874323844909321
871,871,3500,700,up,0.0010651350021362,0.0005874323844909321
872,872,3500,700,up,0.0010651350021362,0.0005874323844909321
873,873,3500,700,up,0.0010651350021362,0.0005874323844909321
874,874,3500,700,up,0.0003165006637573,0.0005874323844909321
875,875,3500,700,up,0.0003165006637573,0.0005874323844909321
876,876,3500,700,up,0.0003165006637573,0.0005874323844909321
877,877,3500,700,up,0.0003165006637573,0.0005874323844909321
878,878,3500,700,up,0.0003165006637573,0.0005874323844909321
879,879,3500,700,up,0.000256061553955,0.0005874323844909321
880,880,3500,700,up,0.000256061553955,0.0005874323844909321
881,881,3500,700,up,0.000256061553955,0.0005874323844909321
882,882,3500,700,up,0.000256061553955,0.0005874323844909321
883,883,3500,700,up,0.000256061553955,0.0005874323844909321
884,884,3500,700,up,0.000619888305664,0.0005874323844909321
885,885,3500,700,up,0.000619888305664,0.0005874323844909321
886,886,3500,700,up,0.000619888305664,0.0005874323844909321
887,887,3500,700,up,0.000619888305664,0.0005874323844909321
888,888,3500,700,up,0.000619888305664,0.0005874323844909321
889,889,3500,700,up,-0.0001055002212524,0.0005874323844909321
890,890,3500,700,up,-0.0001055002212524,0.0005874323844909321
891,891,3500,700,up,-0.0001055002212524,0.0005874323844909321
892,892,3500,700,up,-0.0001055002212524,0.0005874323844909321
893,893,3500,700,up,-0.0001055002212524,0.0005874323844909321
894,894,3500,700,up,-0.0005502700805664,0.0005874323844909321
895,895,3500,700,up,-0.0005502700805664,0.0005874323844909321
896,896,3500,700,up,-0.0005502700805664,0.0005874323844909321
897,897,3500,700,up,-0.0005502700805664,0.0005874323844909321
898,898,3500,700,up,-0.0005502700805664,0.0005874323844909321
899,899,3500,700,up,-0.0020443201065063,0.0005874323844909321
900,900,3500,700,down,0.0058239698410034,0.003319201469421331
901,901,3500,700,down,0.0058239698410034,0.003319201469421331
902,902,3500,700,down,0.0058239698410034,0.003319201469421331
903,903,3500,700,down,0.0019669532775878,0.003319201469421331
904,904,3500,700,down,0.0019669532775878,0.003319201469421331
905,905,3500,700,down,0.0019669532775878,0.003319201469421331
906,906,3500,700,down,0.0019669532775878,0.003319201469421331
907,907,3500,700,down,0.0019669532775878,0.003319201469421331
908,908,3500,700,down,0.0018684864044189,0.003319201469421331
909,909,3500,700,down,0.0018684864044189,0.003319201469421331
910,910,3500,700,down,0.0018684864044189,0.003319201469421331
911,911,3500,700,down,0.0018684864044189,0.003319201469421331
912,912,3500,700,down,0.0018684864044189,0.003319201469421331
913,913,3500,700,down,0.0050033330917358,0.003319201469421331
914,914,3500,700,down,0.0050033330917358,0.003319201469421331
915,915,3500,700,down,0.0050033330917358,0.003319201469421331
916,916,3500,700,down,0.0050033330917358,0.003319201469421331
917,917,3500,700,down,0.0050033330917358,0.003319201469421331
918,918,3500,700,down,0.0034624338150024,0.003319201469421331
919,919,3500,700,down,0.0034624338150024,0.003319201469421331
920,920,3500,700,down,0.0034624338150024,0.003319201469421331
921,921,3500,700,down,0.0034624338150024,0.003319201469421331
922,922,3500,700,down,0.0034624338150024,0.003319201469421331
923,923,3500,700,down,0.0047842264175415,0.003319201469421331
924,924,3500,700,down,0.0047842264175415,0.003319201469421331
925,925,3500,700,down,0.0047842264175415,0.003319201469421331
926,926,3500,700,down,0.0047842264175415,0.003319201469421331
927,927,3500,700,down,0.0047842264175415,0.003319201469421331
928,928,3500,700,down,0.0019539594650268,0.003319201469421331
929,929,3500,700,down,0.0019539594650268,0.003319201469421331
930,930,3500,700,down,0.0019539594650268,0.003319201469421331
931,931,3500,700,down,0.0019539594650268,0.003319201469421331
932,932,3500,700,down,0.0019539594650268,0.003319201469421331
933,933,3500,700,down,0.0048342943191528,0.003319201469421331
934,934,3500,700,down,0.0048342943191528,0.003319201469421331
935,935,3500,700,down,0.0048342943191528,0.003319201469421331
936,936,3500,700,down,0.0048342943191528,0.003319201469421331
937,937,3500,700,down,0.0048342943191528,0.003319201469421331
938,938,3500,700,down,0.0015596151351928,0.003319201469421331
939,939,3500,700,down,0.0015596151351928,0.003319201469421331
940,940,3500,700,down,0.0015596151351928,0.003319201469421331
941,941,3500,700,down,0.0015596151351928,0.003319201469421331
942,942,3500,700,down,0.0015596151351928,0.003319201469421331
943,943,3500,700,down,0.0031505823135375,0.003319201469421331
944,944,3500,700,down,0.0031505823135375,0.003319201469421331
945,945,3500,700,down,0.0031505823135375,0.003319201469421331
946,946,3500,700,down,0.0031505823135375,0.003319201469421331
947,947,3500,700,down,0.0031505823135375,0.003319201469421331
948,948,3500,700,down,0.0027843713760375,0.003319201469421331
949,949,3500,700,down,0.0027843713760375,0.003319201469421331
950,950,3500,350,up,-0.0055232048034667,-0.005374884605407678
951,951,3500,350,up,-0.0055232048034667,-0.005374884605407678
952,952,3500,350,up,-0.0055232048034667,-0.005374884605407678
953,953,3500,350,up,-0.0032825469970703,-0.005374884605407678
954,954,3500,350,up,-0.0032825469970703,-0.005374884605407678
955,955,3500,350,up,-0.0032825469970703,-0.005374884605407678
956,956,3500,350,up,-0.0032825469970703,-0.005374884605407678
957,957,3500,350,up,-0.0032825469970703,-0.005374884605407678
958,958,3500,350,up,-0.0034976005554199,-0.005374884605407678
959,959,3500,350,up,-0.0034976005554199,-0.005374884605407678
960,960,3500,350,up,-0.0034976005554199,-0.005374884605407678
961,961,3500,350,up,-0.0034976005554199,-0.005374884605407678
962,962,3500,350,up,-0.0034976005554199,-0.005374884605407678
963,963,3500,350,up,-0.004901647567749,-0.005374884605407678
964,964,3500,350,up,-0.004901647567749,-0.005374884605407678
965,965,3500,350,up,-0.004901647567749,-0.005374884605407678
966,966,3500,350,up,-0.004901647567749,-0.005374884605407678
967,967,3500,350,up,-0.004901647567749,-0.005374884605407678
968,968,3500,350,up,-0.0052028894424438,-0.005374884605407678
969,969,3500,350,up,-0.0052028894424438,-0.005374884605407678
970,970,3500,350,up,-0.0052028894424438,-0.005374884605407678
971,971,3500,350,up,-0.0052028894424438,-0.005374884605407678
972,972,3500,350,up,-0.0052028894424438,-0.005374884605407678
973,973,3500,350,up,-0.0063072443008422,-0.005374884605407678
974,974,3500,350,up,-0.0063072443008422,-0.005374884605407678
975,975,3500,350,up,-0.0063072443008422,-0.005374884605407678
976,976,3500,350,up,-0.0063072443008422,-0.005374884605407678
977,977,3500,350,up,-0.0063072443008422,-0.005374884605407678
978,978,3500,350,up,-0.0050750970840454,-0.005374884605407678
979,979,3500,350,up,-0.0050750970840454,-0.005374884605407678
980,980,3500,350,up,-0.0050750970840454,-0.005374884605407678
981,981,3500,350,up,-0.0050750970840454,-0.005374884605407678
982,982,3500,350,up,-0.0050750970840454,-0.005374884605407678
983,983,3500,350,up,-0.0058755874633789,-0.005374884605407678
984,984,3500,350,up,-0.0058755874633789,-0.005374884605407678
985,985,3500,350,up,-0.0058755874633789,-0.005374884605407678
986,986,3500,350,up,-0.0058755874633789,-0.005374884605407678
987,987,3500,350,up,-0.0058755874633789,-0.005374884605407678
988,988,3500,350,up,-0.0084674358367919,-0.005374884605407678
989,989,3500,350,up,-0.0084674358367919,-0.005374884605407678
990,990,3500,350,up,-0.0084674358367919,-0.005374884605407678
991,991,3500,350,up,-0.0084674358367919,-0.005374884605407678
992,992,3500,350,up,-0.0084674358367919,-0.005374884605407678
993,993,3500,350,up,-0.0057951211929321,-0.005374884605407678
994,994,3500,350,up,-0.0057951211929321,-0.005374884605407678
995,995,3500,350,up,-0.0057951211929321,-0.005374884605407678
996,996,3500,350,up,-0.0057951211929321,-0.005374884605407678
997,997,3500,350,up,-0.0057951211929321,-0.005374884605407678
998,998,3500,350,up,-0.0050743818283081,-0.005374884605407678
999,999,3500,350,up,-0.0050743818283081,-0.005374884605407678
